image_id,image_file,cornea_id,group_id,eye,year,grade,donor_age,ecd,cv,hex,sd,mean_area,num_cells,area_um2,ecd_check,needs_review,dup_same_tissue,match_method,img_width,img_height,img_mean,img_std,status,flags,ecd_band,split
CNEB-2021-10-13327 L_SP,CNEB-2021-10-13327 L_SP.jpg,CNEB-2021-10-13327 L,S13327,OS,2021.0,green,55.0,2924.0,39.0,49.0,132.0,342.0,110.0,37604.0,2925.2,False,False,exact_id,1296,972,66.54,46.27,included,,>2800,train
CNEB-2021-11-13453 L_SP,CNEB-2021-11-13453 L_SP.jpg,CNEB-2021-11-13453 L,S13453,OS,2021.0,green,61.0,1524.0,32.0,57.0,207.0,656.0,105.0,68863.0,1524.8,False,True,exact_id,1296,972,101.41,55.31,included,dup_same_tissue,<2000,train
HS-2022-04-1101 R_SP,HS-2022-04-1101 R_SP.jpg,HS-2022-04-1101 R,ID-HS2022041101,OD,2022.0,green,25.0,3597.0,35.0,64.0,96.0,278.0,114.0,31679.0,3598.6,False,False,exact_id,1296,972,93.24,39.63,included,,>2800,train
HSEB-23-02_SP,HSEB-23-02_SP.jpg,HSEB-23-02,ID-HSEB2302,OD,2023.0,green,,2755.0,42.0,39.0,153.0,363.0,102.0,37036.0,2754.1,False,False,exact_id,1296,972,96.12,39.81,included,,2000-2800,val
N EB-2024-11-16520 L_SP,N EB-2024-11-16520 L_SP.jpg,N EB-2024-11-16520 L,S16520,OS,2024.0,green,53.0,2268.0,47.0,50.0,207.0,441.0,117.0,51578.0,2268.4,False,False,exact_id,1296,972,98.85,57.45,included,,2000-2800,train
NE3B-2025-05-17133 L_SP,NE3B-2025-05-17133 L_SP.jpg,NE3B-2025-05-17133 L,S17133,OS,2025.0,green,62.0,2597.0,27.0,70.0,103.0,385.0,112.0,43167.0,2594.6,False,False,exact_id,1296,972,100.86,60.62,included,,2000-2800,train
NEB - 2020-12-12894 R_SP,NEB - 2020-12-12894 R_SP.jpg,NEB - 2020-12-12894 R,S12894,OD,2020.0,green,69.0,3175.0,32.0,59.0,102.0,315.0,110.0,34646.0,3175.0,False,False,exact_id,1296,972,100.93,41.06,included,,>2800,train
NEB -2022-09-14174 R_SP,NEB -2022-09-14174 R_SP.jpg,NEB -2022-09-14174 R,S14174,OD,2022.0,green,66.0,2128.0,34.0,57.0,162.0,470.0,107.0,50306.0,2127.0,False,False,exact_id,1296,972,73.11,29.27,included,,2000-2800,train
NEB- 2024-12-16609 L_SP,NEB- 2024-12-16609 L_SP.jpg,NEB- 2024-12-16609 L,S16609,OS,2024.0,green,52.0,2513.0,43.0,58.0,171.0,398.0,122.0,48503.0,2515.3,False,False,exact_id,1296,972,89.17,49.81,included,,2000-2800,train
NEB- 2025 -10- 17603 R_SP,NEB- 2025 -10- 17603 R_SP.jpg,NEB- 2025 -10- 17603 R,S17603,OD,2025.0,green,58.0,2353.0,43.0,49.0,184.0,425.0,111.0,47214.0,2351.0,False,False,exact_id,1296,972,88.06,52.11,included,,2000-2800,train
NEB--09-14196 L_SP,NEB--09-14196 L_SP.jpg,NEB--09-14196 L,S14196,OS,2022.0,green,57.0,2506.0,32.0,64.0,129.0,399.0,125.0,49832.0,2508.4,False,False,exact_id,1296,972,107.11,21.87,included,,2000-2800,val
NEB-01-13605 R_SP,NEB-01-13605 R_SP.jpg,NEB-01-13605 R,S13605,OD,2022.0,green,51.0,3003.0,37.0,54.0,123.0,333.0,124.0,41350.0,2998.8,False,False,exact_id,1296,972,68.56,26.9,included,,>2800,train
NEB-03-15883 R_SP,NEB-03-15883 R_SP.jpg,NEB-03-15883 R,S15883,OD,2024.0,green,78.0,2387.0,43.0,50.0,181.0,419.0,116.0,48631.0,2385.3,False,False,exact_id,1296,972,65.07,54.39,included,,2000-2800,train
NEB-08-16298 L_SP,NEB-08-16298 L_SP.jpg,NEB-08-16298 L,S16298,OS,2024.0,green,,2762.0,35.0,54.0,127.0,362.0,107.0,38692.0,2765.4,False,False,exact_id,1296,972,92.43,40.51,included,,2000-2800,train
NEB-2-20-07-12439 L_SP,NEB-2-20-07-12439 L_SP.jpg,NEB-2-20-07-12439 L,S12439,OS,2020.0,green,56.0,2358.0,41.0,52.0,174.0,424.0,105.0,44547.0,2357.1,False,False,exact_id,1296,972,62.29,47.59,included,,2000-2800,train
NEB-2-24-09-16329 R_SP,NEB-2-24-09-16329 R_SP.jpg,NEB-2-24-09-16329 R,S16329,OD,2024.0,green,70.0,2519.0,38.0,54.0,150.0,397.0,110.0,43687.0,2517.9,False,False,exact_id,1296,972,70.8,40.22,included,,2000-2800,test
NEB-2-24-11-16556 R_SP,NEB-2-24-11-16556 R_SP.jpg,NEB-2-24-11-16556 R,S16556,OD,2024.0,green,68.0,2632.0,32.0,56.0,123.0,380.0,99.0,37666.0,2628.4,False,False,exact_id,1296,972,80.48,57.75,included,,2000-2800,train
NEB-200-04-13873 R_SP,NEB-200-04-13873 R_SP.jpg,NEB-200-04-13873 R,S13873,OD,2022.0,green,56.0,3226.0,45.0,52.0,138.0,310.0,112.0,34683.0,3229.2,False,True,exact_id,1296,972,98.68,49.19,included,dup_same_tissue,>2800,train
NEB-2011-11-16576 R_SP,NEB-2011-11-16576 R_SP.jpg,NEB-2011-11-16576 R,S16576,OD,2024.0,green,57.0,2597.0,36.0,58.0,140.0,385.0,102.0,39275.0,2597.1,False,False,exact_id,1296,972,44.34,35.94,included,,2000-2800,train
NEB-202-01-12926 R_SP,NEB-202-01-12926 R_SP.jpg,NEB-202-01-12926 R,S12926,OD,2021.0,green,28.0,3367.0,43.0,54.0,129.0,297.0,111.0,32938.0,3370.0,False,False,exact_id,1296,972,54.24,35.47,included,,>2800,val
NEB-2020- 11893 R_SP,NEB-2020- 11893 R_SP.jpg,NEB-2020- 11893 R,S11893,OD,2020.0,green,45.0,2747.0,39.0,61.0,141.0,364.0,110.0,40063.0,2745.7,False,False,exact_id,1296,972,77.14,52.76,included,,2000-2800,test
NEB-2020--01-11988 L_SP,NEB-2020--01-11988 L_SP.jpg,NEB-2020--01-11988 L,S11988,OS,2020.0,green,62.0,2890.0,38.0,52.0,133.0,346.0,114.0,39433.0,2891.0,False,False,exact_id,1296,972,80.37,32.44,included,,>2800,train
NEB-2020--3-12191 L_SP,NEB-2020--3-12191 L_SP.jpg,NEB-2020--3-12191 L,S12191,OS,2020.0,green,73.0,2618.0,41.0,51.0,157.0,382.0,135.0,51634.0,2614.6,False,False,exact_id,1296,972,108.69,22.57,included,,2000-2800,train
NEB-2020-01-11886 R_SP,NEB-2020-01-11886 R_SP.jpg,NEB-2020-01-11886 R,S11886,OD,2020.0,green,32.0,3300.0,32.0,53.0,98.0,303.0,112.0,33984.0,3295.7,False,False,exact_id,1296,972,61.34,30.88,included,,>2800,train
NEB-2020-01-11887 L_SP,NEB-2020-01-11887 L_SP.jpg,NEB-2020-01-11887 L,S11887,OS,2020.0,green,32.0,3125.0,38.0,52.0,120.0,320.0,119.0,38118.0,3121.9,False,False,exact_id,1296,972,95.95,38.09,included,,>2800,calibration
NEB-2020-01-11892 L_SP,NEB-2020-01-11892 L_SP.jpg,NEB-2020-01-11892 L,S11892,OS,2020.0,green,45.0,3049.0,33.0,67.0,107.0,328.0,116.0,38080.0,3046.2,False,False,exact_id,1296,972,80.19,29.24,included,,>2800,val
NEB-2020-01-11894 L_SP,NEB-2020-01-11894 L_SP.jpg,NEB-2020-01-11894 L,S11894,OS,2020.0,green,39.0,3125.0,41.0,46.0,130.0,320.0,106.0,33946.0,3122.6,False,False,exact_id,1296,972,57.66,33.01,included,,>2800,train
NEB-2020-01-11895 R_SP,NEB-2020-01-11895 R_SP.jpg,NEB-2020-01-11895 R,S11895,OD,2020.0,green,39.0,3155.0,38.0,52.0,121.0,317.0,104.0,32951.0,3156.2,False,False,exact_id,1296,972,69.99,47.84,included,,>2800,train
NEB-2020-01-11896 R_SP,NEB-2020-01-11896 R_SP.jpg,NEB-2020-01-11896 R,S11896,OD,2020.0,green,63.0,2985.0,44.0,51.0,146.0,335.0,108.0,36174.0,2985.6,False,False,exact_id,1296,972,69.58,26.95,included,,>2800,train
NEB-2020-01-11897 L_SP,NEB-2020-01-11897 L_SP.jpg,NEB-2020-01-11897 L,S11897,OS,2020.0,green,63.0,2825.0,36.0,53.0,127.0,354.0,113.0,39953.0,2828.3,False,False,exact_id,1296,972,84.09,38.86,included,,>2800,train
NEB-2020-01-11898 L_SP,NEB-2020-01-11898 L_SP.jpg,NEB-2020-01-11898 L,S11898,OS,2020.0,green,60.0,2762.0,39.0,60.0,140.0,362.0,108.0,39065.0,2764.6,False,False,exact_id,1296,972,120.29,44.37,included,,2000-2800,test
NEB-2020-01-11899 R_SP,NEB-2020-01-11899 R_SP.jpg,NEB-2020-01-11899 R,S11899,OD,2020.0,green,60.0,2793.0,56.0,52.0,199.0,358.0,107.0,38316.0,2792.6,False,False,exact_id,1296,972,110.32,38.62,included,,2000-2800,train
NEB-2020-01-11901 L_SP,NEB-2020-01-11901 L_SP.jpg,NEB-2020-01-11901 L,S11901,OS,2020.0,green,52.0,2564.0,41.0,49.0,161.0,390.0,107.0,41678.0,2567.3,False,False,exact_id,1296,972,105.39,47.49,included,,2000-2800,val
NEB-2020-01-11904 L_SP,NEB-2020-01-11904 L_SP.jpg,NEB-2020-01-11904 L,S11904,OS,2020.0,green,54.0,2519.0,31.0,64.0,122.0,397.0,116.0,46089.0,2516.9,False,False,exact_id,1296,972,100.12,27.63,included,,2000-2800,train
NEB-2020-01-11906 L_SP,NEB-2020-01-11906 L_SP.jpg,NEB-2020-01-11906 L,S11906,OS,2020.0,green,33.0,3012.0,33.0,52.0,111.0,332.0,113.0,37516.0,3012.0,False,False,exact_id,1296,972,98.28,45.13,included,,>2800,train
NEB-2020-01-11907 R_SP,NEB-2020-01-11907 R_SP.jpg,NEB-2020-01-11907 R,S11907,OD,2020.0,green,33.0,2882.0,37.0,50.0,129.0,347.0,111.0,38502.0,2883.0,False,False,exact_id,1296,972,105.95,50.74,included,,>2800,train
NEB-2020-01-11908 R_SP,NEB-2020-01-11908 R_SP.jpg,NEB-2020-01-11908 R,S11908,OD,2020.0,green,73.0,2058.0,35.0,56.0,171.0,486.0,104.0,50573.0,2056.4,False,False,exact_id,1296,972,103.31,36.72,included,,2000-2800,train
NEB-2020-01-11909 L_SP,NEB-2020-01-11909 L_SP.jpg,NEB-2020-01-11909 L,S11909,OS,2020.0,green,73.0,2079.0,34.0,64.0,162.0,481.0,110.0,52888.0,2079.9,False,False,exact_id,1296,972,118.35,53.79,included,,2000-2800,train
NEB-2020-01-11910 R_SP,NEB-2020-01-11910 R_SP.jpg,NEB-2020-01-11910 R,S11910,OD,2020.0,green,64.0,3021.0,41.0,58.0,136.0,331.0,115.0,38080.0,3020.0,False,False,exact_id,1296,972,94.91,44.64,included,,>2800,val
NEB-2020-01-11911 L_SP,NEB-2020-01-11911 L_SP.jpg,NEB-2020-01-11911 L,S11911,OS,2020.0,green,64.0,2717.0,27.0,74.0,100.0,368.0,104.0,38294.0,2715.8,False,False,exact_id,1296,972,107.24,27.95,included,,2000-2800,test
NEB-2020-01-11912 R_SP,NEB-2020-01-11912 R_SP.jpg,NEB-2020-01-11912 R,S11912,OD,2020.0,green,69.0,2660.0,36.0,53.0,135.0,376.0,112.0,42135.0,2658.1,False,False,exact_id,1296,972,88.19,27.32,included,,2000-2800,test
NEB-2020-01-11913 L_SP,NEB-2020-01-11913 L_SP.jpg,NEB-2020-01-11913 L,S11913,OS,2020.0,green,69.0,2632.0,33.0,58.0,127.0,380.0,105.0,39927.0,2629.8,False,False,exact_id,1296,972,86.12,35.74,included,,2000-2800,train
NEB-2020-01-11918 R_SP,NEB-2020-01-11918 R_SP.jpg,NEB-2020-01-11918 R,S11918,OD,2020.0,green,55.0,2688.0,28.0,71.0,104.0,372.0,109.0,40553.0,2687.8,False,False,exact_id,1296,972,122.46,56.61,included,,2000-2800,train
NEB-2020-01-11920 L_SP,NEB-2020-01-11920 L_SP.jpg,NEB-2020-01-11920 L,S11920,OS,2020.0,green,70.0,1848.0,37.0,54.0,201.0,541.0,72.0,38934.0,1849.3,False,False,exact_id,1296,972,83.19,34.72,included,,<2000,train
NEB-2020-01-11928 R_SP,NEB-2020-01-11928 R_SP.jpg,NEB-2020-01-11928 R,S11928,OD,2020.0,green,51.0,3125.0,37.0,57.0,117.0,320.0,106.0,33959.0,3121.4,False,False,exact_id,1296,972,128.87,31.09,included,,>2800,train
NEB-2020-01-11929 L_SP,NEB-2020-01-11929 L_SP.jpg,NEB-2020-01-11929 L,S11929,OS,2020.0,green,51.0,3175.0,40.0,55.0,125.0,315.0,105.0,33070.0,3175.1,False,False,exact_id,1296,972,102.99,38.78,included,,>2800,train
NEB-2020-01-11930 R_SP,NEB-2020-01-11930 R_SP.jpg,NEB-2020-01-11930 R,S11930,OD,2020.0,green,42.0,2924.0,40.0,48.0,137.0,342.0,97.0,33166.0,2924.7,False,False,exact_id,1296,972,98.01,66.15,included,,>2800,train
NEB-2020-01-11931 L_SP,NEB-2020-01-11931 L_SP.jpg,NEB-2020-01-11931 L,S11931,OS,2020.0,green,42.0,3704.0,35.0,54.0,94.0,270.0,101.0,27292.0,3700.7,False,False,exact_id,1296,972,68.5,27.55,included,,>2800,val
NEB-2020-01-11932 R_SP,NEB-2020-01-11932 R_SP.jpg,NEB-2020-01-11932 R,S11932,OD,2020.0,green,63.0,2123.0,34.0,58.0,154.0,471.0,211.0,99350.0,2123.8,False,False,exact_id,1296,972,110.66,47.36,included,,2000-2800,train
NEB-2020-01-11933 L_SP,NEB-2020-01-11933 L_SP.jpg,NEB-2020-01-11933 L,S11933,OS,2020.0,green,63.0,2674.0,27.0,70.0,102.0,374.0,103.0,38526.0,2673.5,False,False,exact_id,1296,972,141.5,56.95,included,,2000-2800,calibration
NEB-2020-01-11934 R_SP,NEB-2020-01-11934 R_SP.jpg,NEB-2020-01-11934 R,S11934,OD,2020.0,green,60.0,2326.0,31.0,62.0,134.0,430.0,124.0,53338.0,2324.8,False,False,exact_id,1296,972,134.16,44.6,included,,2000-2800,train
NEB-2020-01-11935 L_SP,NEB-2020-01-11935 L_SP.jpg,NEB-2020-01-11935 L,S11935,OS,2020.0,green,60.0,2364.0,33.0,57.0,138.0,423.0,104.0,43969.0,2365.3,False,False,exact_id,1296,972,111.31,50.36,included,,2000-2800,test
NEB-2020-01-11936 L_SP,NEB-2020-01-11936 L_SP.jpg,NEB-2020-01-11936 L,S11936,OS,2020.0,green,74.0,1773.0,35.0,57.0,199.0,564.0,100.0,56380.0,1773.7,False,False,exact_id,1296,972,79.2,34.77,included,,<2000,train
NEB-2020-01-11937 R_SP,NEB-2020-01-11937 R_SP.jpg,NEB-2020-01-11937 R,S11937,OD,2020.0,green,74.0,1845.0,31.0,51.0,169.0,542.0,104.0,56377.0,1844.7,False,False,exact_id,1296,972,100.3,26.97,included,,<2000,val
NEB-2020-01-11938 L_SP,NEB-2020-01-11938 L_SP.jpg,NEB-2020-01-11938 L,S11938,OS,2020.0,green,49.0,2849.0,30.0,66.0,106.0,351.0,106.0,37181.0,2850.9,False,False,exact_id,1296,972,115.52,41.06,included,,>2800,train
NEB-2020-01-11939 R_SP,NEB-2020-01-11939 R_SP.jpg,NEB-2020-01-11939 R,S11939,OD,2020.0,green,49.0,2793.0,32.0,56.0,114.0,358.0,115.0,41207.0,2790.8,False,False,exact_id,1296,972,85.27,50.51,included,,2000-2800,train
NEB-2020-01-11942 R_SP,NEB-2020-01-11942 R_SP.jpg,NEB-2020-01-11942 R,S11942,OD,2020.0,green,72.0,2793.0,40.0,45.0,143.0,358.0,120.0,43006.0,2790.3,False,False,exact_id,1296,972,88.04,45.21,included,,2000-2800,train
NEB-2020-01-11943 L_SP,NEB-2020-01-11943 L_SP.jpg,NEB-2020-01-11943 L,S11943,OS,2020.0,green,72.0,2660.0,32.0,53.0,121.0,376.0,108.0,40581.0,2661.3,False,False,exact_id,1296,972,75.68,32.67,included,,2000-2800,train
NEB-2020-01-11948 L_SP,NEB-2020-01-11948 L_SP.jpg,NEB-2020-01-11948 L,S11948,OS,2020.0,green,61.0,3165.0,37.0,47.0,117.0,316.0,126.0,39765.0,3168.6,False,False,exact_id,1296,972,122.12,40.86,included,,>2800,train
NEB-2020-01-11950 L_SP,NEB-2020-01-11950 L_SP.jpg,NEB-2020-01-11950 L,S11950,OS,2020.0,green,67.0,3040.0,39.0,60.0,128.0,329.0,112.0,36899.0,3035.3,False,False,exact_id,1296,972,125.33,61.22,included,,>2800,val
NEB-2020-01-11951 R_SP,NEB-2020-01-11951 R_SP.jpg,NEB-2020-01-11951 R,S11951,OD,2020.0,green,67.0,2732.0,33.0,65.0,122.0,366.0,111.0,40587.0,2734.9,False,False,exact_id,1296,972,107.85,44.8,included,,2000-2800,test
NEB-2020-01-11952 L_SP,NEB-2020-01-11952 L_SP.jpg,NEB-2020-01-11952 L,S11952,OS,2020.0,green,63.0,2959.0,40.0,53.0,136.0,338.0,105.0,35512.0,2956.7,False,False,exact_id,1296,972,66.51,25.58,included,,>2800,train
NEB-2020-01-11953 R_SP,NEB-2020-01-11953 R_SP.jpg,NEB-2020-01-11953 R,S11953,OD,2020.0,green,63.0,2252.0,33.0,56.0,148.0,444.0,111.0,49286.0,2252.2,False,False,exact_id,1296,972,98.53,21.73,included,,2000-2800,train
NEB-2020-01-11956 L_SP,NEB-2020-01-11956 L_SP.jpg,NEB-2020-01-11956 L,S11956,OS,2020.0,green,57.0,2358.0,37.0,51.0,156.0,424.0,113.0,47898.0,2359.2,False,False,exact_id,1296,972,112.6,34.31,included,,2000-2800,train
NEB-2020-01-11958 L_SP,NEB-2020-01-11958 L_SP.jpg,NEB-2020-01-11958 L,S11958,OS,2020.0,green,62.0,2364.0,38.0,48.0,161.0,423.0,106.0,44827.0,2364.6,False,False,exact_id,1296,972,91.07,43.11,included,,2000-2800,train
NEB-2020-01-11959 R_SP,NEB-2020-01-11959 R_SP.jpg,NEB-2020-01-11959 R,S11959,OD,2020.0,green,62.0,2096.0,39.0,49.0,184.0,477.0,108.0,51546.0,2095.2,False,False,exact_id,1296,972,69.09,34.9,included,,2000-2800,train
NEB-2020-01-11961 L_SP,NEB-2020-01-11961 L_SP.jpg,NEB-2020-01-11961 L,S11961,OS,2020.0,green,68.0,2532.0,37.0,60.0,148.0,395.0,113.0,44601.0,2533.6,False,False,exact_id,1296,972,87.43,51.32,included,,2000-2800,train
NEB-2020-01-11962 L_SP,NEB-2020-01-11962 L_SP.jpg,NEB-2020-01-11962 L,S11962,OS,2020.0,green,58.0,2667.0,34.0,49.0,129.0,375.0,111.0,41665.0,2664.1,False,False,exact_id,1296,972,90.83,38.64,included,,2000-2800,test
NEB-2020-01-11963 R_SP,NEB-2020-01-11963 R_SP.jpg,NEB-2020-01-11963 R,S11963,OD,2020.0,green,58.0,2667.0,33.0,51.0,122.0,375.0,105.0,39383.0,2666.1,False,False,exact_id,1296,972,103.77,33.24,included,,2000-2800,train
NEB-2020-01-11964 L_SP,NEB-2020-01-11964 L_SP.jpg,NEB-2020-01-11964 L,S11964,OS,2020.0,green,65.0,2632.0,38.0,64.0,144.0,380.0,126.0,47864.0,2632.5,False,False,exact_id,1296,972,102.82,31.88,included,,2000-2800,val
NEB-2020-01-11965 R_SP,NEB-2020-01-11965 R_SP.jpg,NEB-2020-01-11965 R,S11965,OD,2020.0,green,65.0,2941.0,45.0,56.0,153.0,340.0,104.0,35322.0,2944.3,False,False,exact_id,1296,972,115.02,29.91,included,,>2800,train
NEB-2020-01-11969 R_SP,NEB-2020-01-11969 R_SP.jpg,NEB-2020-01-11969 R,S11969,OD,2020.0,green,51.0,2703.0,35.0,53.0,129.0,370.0,123.0,45545.0,2700.6,False,False,exact_id,1296,972,116.96,32.52,included,,2000-2800,test
NEB-2020-01-11970 L_SP,NEB-2020-01-11970 L_SP.jpg,NEB-2020-01-11970 L,S11970,OD,2020.0,green,63.0,2558.0,36.0,53.0,140.0,391.0,101.0,39532.0,2554.9,False,False,exact_id,1296,972,118.36,44.92,included,,2000-2800,train
NEB-2020-01-11971 R_SP,NEB-2020-01-11971 R_SP.jpg,NEB-2020-01-11971 R,S11971,OD,2020.0,green,63.0,2915.0,35.0,58.0,119.0,343.0,108.0,37085.0,2912.2,False,False,exact_id,1296,972,140.91,52.71,included,,>2800,train
NEB-2020-01-11972 L_SP,NEB-2020-01-11972 L_SP.jpg,NEB-2020-01-11972 L,S11972,OS,2020.0,green,72.0,2695.0,37.0,50.0,137.0,371.0,102.0,37834.0,2696.0,False,False,exact_id,1296,972,77.68,37.45,included,,2000-2800,train
NEB-2020-01-11973 R_SP,NEB-2020-01-11973 R_SP.jpg,NEB-2020-01-11973 R,S11973,OD,2020.0,green,72.0,2747.0,39.0,50.0,143.0,364.0,116.0,42218.0,2747.6,False,False,exact_id,1296,972,127.79,57.97,included,,2000-2800,val
NEB-2020-01-11974 L_SP,NEB-2020-01-11974 L_SP.jpg,NEB-2020-01-11974 L,S11974,OS,2020.0,green,49.0,2825.0,44.0,54.0,155.0,354.0,107.0,37907.0,2822.7,False,False,exact_id,1296,972,85.25,24.32,included,,>2800,train
NEB-2020-01-11975 R_SP,NEB-2020-01-11975 R_SP.jpg,NEB-2020-01-11975 R,S11975,OD,2020.0,green,49.0,2625.0,43.0,56.0,162.0,381.0,116.0,44231.0,2622.6,False,False,exact_id,1296,972,111.53,24.76,included,,2000-2800,calibration
NEB-2020-01-11977 L_SP,NEB-2020-01-11977 L_SP.jpg,NEB-2020-01-11977 L,S11977,OS,2020.0,green,75.0,2439.0,36.0,63.0,146.0,410.0,106.0,43498.0,2436.9,False,False,exact_id,1296,972,104.11,30.53,included,,2000-2800,train
NEB-2020-01-11980 L_SP,NEB-2020-01-11980 L_SP.jpg,NEB-2020-01-11980 L,S11980,OS,2020.0,green,62.0,2415.0,40.0,50.0,167.0,414.0,108.0,44742.0,2413.8,False,False,exact_id,1296,972,67.93,38.3,included,,2000-2800,test
NEB-2020-01-11981 R_SP,NEB-2020-01-11981 R_SP.jpg,NEB-2020-01-11981 R,S11981,OD,2020.0,green,62.0,2941.0,35.0,54.0,120.0,340.0,105.0,35684.0,2942.5,False,False,exact_id,1296,972,95.16,23.69,included,,>2800,train
NEB-2020-01-11982 L_SP,NEB-2020-01-11982 L_SP.jpg,NEB-2020-01-11982 L,S11982,OS,2020.0,green,74.0,2740.0,50.0,43.0,182.0,365.0,103.0,37569.0,2741.6,False,False,exact_id,1296,972,87.36,48.04,included,,2000-2800,train
NEB-2020-01-11984 R_SP,NEB-2020-01-11984 R_SP.jpg,NEB-2020-01-11984 R,S11984,OD,2020.0,green,62.0,2545.0,42.0,58.0,165.0,393.0,105.0,41252.0,2545.3,False,False,exact_id,1296,972,82.9,28.08,included,,2000-2800,train
NEB-2020-01-11987 R_SP,NEB-2020-01-11987 R_SP.jpg,NEB-2020-01-11987 R,S11987,OD,2020.0,green,62.0,2915.0,36.0,53.0,124.0,343.0,114.0,39095.0,2916.0,False,False,exact_id,1296,972,89.96,31.15,included,,>2800,val
NEB-2020-01-11989 L_SP,NEB-2020-01-11989 L_SP.jpg,NEB-2020-01-11989 L,S11989,OS,2020.0,green,52.0,2825.0,36.0,58.0,128.0,354.0,67.0,23701.0,2826.9,False,False,exact_id,1296,972,114.72,60.53,included,,>2800,calibration
NEB-2020-01-11990 R_SP,NEB-2020-01-11990 R_SP.jpg,NEB-2020-01-11990 R,S11990,OD,2020.0,green,52.0,2740.0,33.0,57.0,122.0,365.0,102.0,37208.0,2741.3,False,False,exact_id,1296,972,98.83,37.66,included,,2000-2800,train
NEB-2020-01-11993 L_SP,NEB-2020-01-11993 L_SP.jpg,NEB-2020-01-11993 L,S11993,OS,2020.0,green,74.0,2591.0,37.0,52.0,142.0,386.0,70.0,27016.0,2591.1,False,False,exact_id,1296,972,89.4,51.02,included,,2000-2800,val
NEB-2020-01-11994 R_SP,NEB-2020-01-11994 R_SP.jpg,NEB-2020-01-11994 R,S11994,OD,2020.0,green,74.0,2710.0,45.0,54.0,165.0,369.0,68.0,25099.0,2709.3,False,False,exact_id,1296,972,122.35,49.43,included,,2000-2800,train
NEB-2020-01-11995 L_SP,NEB-2020-01-11995 L_SP.jpg,NEB-2020-01-11995 L,S11995,OS,2020.0,green,59.0,2342.0,37.0,56.0,158.0,427.0,122.0,52113.0,2341.1,False,False,exact_id,1296,972,79.83,38.13,included,,2000-2800,test
NEB-2020-01-11996 R_SP,NEB-2020-01-11996 R_SP.jpg,NEB-2020-01-11996 R,S11996,OD,2020.0,green,59.0,2463.0,34.0,55.0,140.0,406.0,114.0,46340.0,2460.1,False,False,exact_id,1296,972,78.63,50.31,included,,2000-2800,train
NEB-2020-01-11997 L_SP,NEB-2020-01-11997 L_SP.jpg,NEB-2020-01-11997 L,S11997,OS,2020.0,green,56.0,2604.0,30.0,61.0,114.0,384.0,121.0,46414.0,2607.0,False,False,exact_id,1296,972,99.87,35.34,included,,2000-2800,calibration
NEB-2020-01-11998 R_SP,NEB-2020-01-11998 R_SP.jpg,NEB-2020-01-11998 R,S11998,OD,2020.0,green,56.0,2538.0,28.0,72.0,112.0,394.0,119.0,46828.0,2541.2,False,False,exact_id,1296,972,80.56,30.97,included,,2000-2800,test
NEB-2020-01-12001 R_SP,NEB-2020-01-12001 R_SP.jpg,NEB-2020-01-12001 R,S12001,OD,2020.0,green,68.0,2545.0,28.0,71.0,111.0,393.0,123.0,48310.0,2546.1,False,False,exact_id,1296,972,93.59,44.0,included,,2000-2800,test
NEB-2020-01-12002 L_SP,NEB-2020-01-12002 L_SP.jpg,NEB-2020-01-12002 L,S12002,OS,2020.0,green,68.0,2740.0,32.0,58.0,118.0,365.0,116.0,42395.0,2736.2,False,False,exact_id,1296,972,72.01,39.61,included,,2000-2800,train
NEB-2020-01-12007 R_SP,NEB-2020-01-12007 R_SP.jpg,NEB-2020-01-12007 R,S12007,OD,2020.0,green,63.0,2506.0,44.0,53.0,176.0,399.0,115.0,45901.0,2505.4,False,False,exact_id,1296,972,62.14,35.25,included,,2000-2800,train
NEB-2020-01-12008 L_SP,NEB-2020-01-12008 L_SP.jpg,NEB-2020-01-12008 L,S12008,OS,2020.0,green,63.0,2899.0,36.0,61.0,125.0,345.0,112.0,38605.0,2901.2,False,False,exact_id,1296,972,129.08,70.06,included,,>2800,val
NEB-2020-01-12011 L_SP,NEB-2020-01-12011 L_SP.jpg,NEB-2020-01-12011 L,S12011,OS,2020.0,green,27.0,2976.0,32.0,62.0,108.0,336.0,134.0,44983.0,2978.9,False,False,exact_id,1296,972,72.76,35.6,included,,>2800,train
NEB-2020-01-12012 R_SP,NEB-2020-01-12012 R_SP.jpg,NEB-2020-01-12012 R,S12012,OD,2020.0,green,27.0,2967.0,28.0,61.0,93.0,337.0,122.0,41123.0,2966.7,False,False,exact_id,1296,972,82.12,33.13,included,,>2800,train
NEB-2020-01-12016 R_SP,NEB-2020-01-12016 R_SP.jpg,NEB-2020-01-12016 R,S12016,OD,2020.0,green,70.0,2653.0,40.0,52.0,152.0,377.0,67.0,25277.0,2650.6,False,False,exact_id,1296,972,71.2,49.14,included,,2000-2800,train
NEB-2020-02-12017 R_SP,NEB-2020-02-12017 R_SP.jpg,NEB-2020-02-12017 R,S12017,OD,2020.0,green,64.0,3155.0,43.0,45.0,136.0,317.0,98.0,31045.0,3156.7,False,False,exact_id,1296,972,66.79,36.37,included,,>2800,calibration
NEB-2020-02-12019 L_SP,NEB-2020-02-12019 L_SP.jpg,NEB-2020-02-12019 L,S12019,OS,2020.0,green,67.0,2778.0,41.0,51.0,147.0,360.0,94.0,33847.0,2777.2,False,False,exact_id,1296,972,91.65,65.45,included,,2000-2800,train
NEB-2020-02-12020 R_SP,NEB-2020-02-12020 R_SP.jpg,NEB-2020-02-12020 R,S12020,OD,2020.0,green,67.0,2915.0,38.0,51.0,132.0,343.0,92.0,31542.0,2916.7,False,False,exact_id,1296,972,84.84,57.35,included,,>2800,val
NEB-2020-02-12021 L_SP,NEB-2020-02-12021 L_SP.jpg,NEB-2020-02-12021 L,S12021,OS,2020.0,green,50.0,3185.0,36.0,62.0,113.0,314.0,127.0,39938.0,3179.9,False,False,exact_id,1296,972,65.46,44.37,included,,>2800,test
NEB-2020-02-12022 R_SP,NEB-2020-02-12022 R_SP.jpg,NEB-2020-02-12022 R,S12022,OD,2020.0,green,50.0,2801.0,38.0,58.0,134.0,357.0,103.0,36731.0,2804.2,False,False,exact_id,1296,972,79.6,27.28,included,,>2800,train
NEB-2020-02-12024 L_SP,NEB-2020-02-12024 L_SP.jpg,NEB-2020-02-12024 L,S12024,OS,2020.0,green,75.0,2421.0,36.0,55.0,148.0,413.0,108.0,44608.0,2421.1,False,False,exact_id,1296,972,137.87,27.77,included,,2000-2800,train
NEB-2020-02-12025 L_SP,NEB-2020-02-12025 L_SP.jpg,NEB-2020-02-12025 L,S12025,OS,2020.0,green,48.0,3236.0,44.0,50.0,136.0,309.0,103.0,31822.0,3236.8,False,False,exact_id,1296,972,110.98,41.32,included,,>2800,train
NEB-2020-02-12026 R_SP,NEB-2020-02-12026 R_SP.jpg,NEB-2020-02-12026 R,S12026,OD,2020.0,green,48.0,3155.0,35.0,52.0,111.0,317.0,105.0,33267.0,3156.3,False,False,exact_id,1296,972,86.26,24.56,included,,>2800,train
NEB-2020-02-12029 L_SP,NEB-2020-02-12029 L_SP.jpg,NEB-2020-02-12029 L,S12029,OS,2020.0,green,49.0,3185.0,35.0,56.0,111.0,314.0,120.0,37695.0,3183.4,False,False,exact_id,1296,972,153.19,40.47,included,,>2800,train
NEB-2020-02-12030 R_SP,NEB-2020-02-12030 R_SP.jpg,NEB-2020-02-12030 R,S12030,OD,2020.0,green,49.0,3058.0,44.0,48.0,144.0,327.0,114.0,37267.0,3059.0,False,False,exact_id,1296,972,108.97,25.8,included,,>2800,train
NEB-2020-02-12031 R_SP,NEB-2020-02-12031 R_SP.jpg,NEB-2020-02-12031 R,S12031,OD,2020.0,green,58.0,2445.0,41.0,50.0,169.0,409.0,126.0,51486.0,2447.3,False,False,exact_id,1296,972,88.21,35.08,included,,2000-2800,test
NEB-2020-02-12032 L_SP,NEB-2020-02-12032 L_SP.jpg,NEB-2020-02-12032 L,S12032,OS,2020.0,green,58.0,2833.0,41.0,51.0,143.0,353.0,97.0,34203.0,2836.0,False,False,exact_id,1296,972,103.99,64.64,included,,>2800,train
NEB-2020-02-12034 L_SP,NEB-2020-02-12034 L_SP.jpg,NEB-2020-02-12034 L,S12034,OS,2020.0,green,56.0,2513.0,37.0,56.0,146.0,398.0,95.0,37777.0,2514.8,False,False,exact_id,1296,972,74.95,40.67,included,,2000-2800,test
NEB-2020-02-12035 L_SP,NEB-2020-02-12035 L_SP.jpg,NEB-2020-02-12035 L,S12035,OS,2020.0,green,61.0,2809.0,40.0,62.0,142.0,356.0,105.0,37328.0,2812.9,False,False,exact_id,1296,972,88.81,26.94,included,,>2800,val
NEB-2020-02-12036 R_SP,NEB-2020-02-12036 R_SP.jpg,NEB-2020-02-12036 R,S12036,OD,2020.0,green,61.0,2545.0,38.0,55.0,150.0,393.0,113.0,44380.0,2546.2,False,False,exact_id,1296,972,52.17,31.12,included,,2000-2800,train
NEB-2020-02-12037 R_SP,NEB-2020-02-12037 R_SP.jpg,NEB-2020-02-12037 R,S12037,OD,2020.0,green,58.0,3021.0,41.0,51.0,135.0,331.0,113.0,37394.0,3021.9,False,False,exact_id,1296,972,96.08,26.12,included,,>2800,train
NEB-2020-02-12038 L_SP,NEB-2020-02-12038 L_SP.jpg,NEB-2020-02-12038 L,S12038,OS,2020.0,green,38.0,3322.0,44.0,54.0,131.0,301.0,118.0,35495.0,3324.4,False,False,exact_id,1296,972,70.2,28.24,included,,>2800,train
NEB-2020-02-12039 L_SP,NEB-2020-02-12039 L_SP.jpg,NEB-2020-02-12039 L,S12039,OS,2020.0,green,51.0,2941.0,36.0,54.0,122.0,340.0,110.0,37373.0,2943.3,False,False,exact_id,1296,972,88.37,30.84,included,,>2800,val
NEB-2020-02-12040 R_SP,NEB-2020-02-12040 R_SP.jpg,NEB-2020-02-12040 R,S12040,OD,2020.0,green,51.0,2740.0,41.0,55.0,148.0,365.0,107.0,39102.0,2736.4,False,False,exact_id,1296,972,65.94,26.53,included,,2000-2800,train
NEB-2020-02-12047 L_SP,NEB-2020-02-12047 L_SP.jpg,NEB-2020-02-12047 L,S12047,OS,2020.0,green,74.0,2915.0,34.0,65.0,115.0,343.0,109.0,37378.0,2916.2,False,False,exact_id,1296,972,58.54,33.64,included,,>2800,train
NEB-2020-02-12048 R_SP,NEB-2020-02-12048 R_SP.jpg,NEB-2020-02-12048 R,S12048,OD,2020.0,green,74.0,3021.0,42.0,47.0,140.0,331.0,113.0,37429.0,3019.0,False,False,exact_id,1296,972,100.47,42.29,included,,>2800,train
NEB-2020-02-12053 L_SP,NEB-2020-02-12053 L_SP.jpg,NEB-2020-02-12053 L,S12053,OS,2020.0,green,60.0,2703.0,37.0,60.0,137.0,370.0,120.0,44460.0,2699.1,False,False,exact_id,1296,972,89.85,39.37,included,,2000-2800,train
NEB-2020-02-12054 R_SP,NEB-2020-02-12054 R_SP.jpg,NEB-2020-02-12054 R,S12054,OD,2020.0,green,60.0,3195.0,42.0,55.0,132.0,313.0,123.0,38542.0,3191.3,False,False,exact_id,1296,972,57.7,35.82,included,,>2800,train
NEB-2020-02-12055 L_SP,NEB-2020-02-12055 L_SP.jpg,NEB-2020-02-12055 L,S12055,OS,2020.0,green,69.0,3257.0,38.0,54.0,118.0,307.0,110.0,33770.0,3257.3,False,False,exact_id,1296,972,77.86,27.44,included,,>2800,test
NEB-2020-02-12056 R_SP,NEB-2020-02-12056 R_SP.jpg,NEB-2020-02-12056 R,S12056,OD,2020.0,green,69.0,3155.0,41.0,53.0,130.0,317.0,107.0,33874.0,3158.8,False,False,exact_id,1296,972,73.15,44.12,included,,>2800,val
NEB-2020-02-12057 R_SP,NEB-2020-02-12057 R_SP.jpg,NEB-2020-02-12057 R,S12057,OD,2020.0,green,59.0,3003.0,35.0,57.0,116.0,333.0,106.0,35289.0,3003.8,False,False,exact_id,1296,972,99.7,37.23,included,,>2800,train
NEB-2020-02-12058 L_SP,NEB-2020-02-12058 L_SP.jpg,NEB-2020-02-12058 L,S12058,OD,2020.0,green,59.0,3003.0,40.0,59.0,134.0,333.0,113.0,37605.0,3004.9,False,False,exact_id,1296,972,72.58,22.48,included,,>2800,train
NEB-2020-02-12059 L_SP,NEB-2020-02-12059 L_SP.jpg,NEB-2020-02-12059 L,S12059,OS,2020.0,green,58.0,3378.0,39.0,48.0,116.0,296.0,105.0,31130.0,3373.0,False,False,exact_id,1296,972,53.64,45.3,included,,>2800,train
NEB-2020-02-12061 L_SP,NEB-2020-02-12061 L_SP.jpg,NEB-2020-02-12061 L,S12061,OS,2020.0,green,75.0,3030.0,33.0,62.0,110.0,330.0,99.0,32696.0,3027.9,False,False,exact_id,1296,972,108.28,51.97,included,,>2800,train
NEB-2020-02-12062 R_SP,NEB-2020-02-12062 R_SP.jpg,NEB-2020-02-12062 R,S12062,OD,2020.0,green,75.0,2732.0,34.0,71.0,126.0,366.0,95.0,34802.0,2729.7,False,False,exact_id,1296,972,90.14,64.65,included,,2000-2800,calibration
NEB-2020-02-12064 L_SP,NEB-2020-02-12064 L_SP.jpg,NEB-2020-02-12064 L,S12064,OS,2020.0,green,70.0,3155.0,42.0,47.0,132.0,317.0,110.0,34894.0,3152.4,False,False,exact_id,1296,972,108.13,61.52,included,,>2800,val
NEB-2020-02-12065 L_SP,NEB-2020-02-12065 L_SP.jpg,NEB-2020-02-12065 L,S12065,OS,2020.0,green,53.0,3559.0,37.0,55.0,103.0,281.0,117.0,32829.0,3563.9,False,False,exact_id,1296,972,110.35,47.75,included,,>2800,test
NEB-2020-02-12066 R_SP,NEB-2020-02-12066 R_SP.jpg,NEB-2020-02-12066 R,S12066,OD,2020.0,green,53.0,3425.0,38.0,62.0,111.0,292.0,121.0,35275.0,3430.2,False,False,exact_id,1296,972,111.79,58.25,included,,>2800,train
NEB-2020-02-12067 R_SP,NEB-2020-02-12067 R_SP.jpg,NEB-2020-02-12067 R,S12067,OD,2020.0,green,55.0,2532.0,32.0,63.0,126.0,395.0,108.0,42666.0,2531.3,False,False,exact_id,1296,972,66.81,57.03,included,,2000-2800,train
NEB-2020-02-12068 L_SP,NEB-2020-02-12068 L_SP.jpg,NEB-2020-02-12068 L,S12068,OS,2020.0,green,55.0,2294.0,38.0,59.0,167.0,436.0,107.0,46606.0,2295.8,False,False,exact_id,1296,972,89.86,31.82,included,,2000-2800,train
NEB-2020-02-12069 L_SP,NEB-2020-02-12069 L_SP.jpg,NEB-2020-02-12069 L,S12069,OS,2020.0,green,64.0,3096.0,36.0,57.0,116.0,323.0,105.0,33881.0,3099.1,False,False,exact_id,1296,972,85.57,29.31,included,,>2800,test
NEB-2020-02-12070 R_SP,NEB-2020-02-12070 R_SP.jpg,NEB-2020-02-12070 R,S12070,OD,2020.0,green,64.0,3247.0,38.0,53.0,118.0,308.0,117.0,36073.0,3243.4,False,False,exact_id,1296,972,115.16,32.24,included,,>2800,train
NEB-2020-02-12074 L_SP,NEB-2020-02-12074 L_SP.jpg,NEB-2020-02-12074 L,S12074,OS,2020.0,green,70.0,2273.0,46.0,41.0,201.0,440.0,112.0,49252.0,2274.0,False,False,exact_id,1296,972,87.49,49.55,included,,2000-2800,train
NEB-2020-02-12076 R_SP,NEB-2020-02-12076 R_SP.jpg,NEB-2020-02-12076 R,S12076,OD,2020.0,green,59.0,2639.0,31.0,65.0,116.0,379.0,105.0,39777.0,2639.7,False,False,exact_id,1296,972,66.18,47.99,included,,2000-2800,train
NEB-2020-02-12077 L_SP,NEB-2020-02-12077 L_SP.jpg,NEB-2020-02-12077 L,S12077,OS,2020.0,green,59.0,2809.0,33.0,58.0,116.0,356.0,118.0,42056.0,2805.8,False,False,exact_id,1296,972,70.1,41.52,included,,>2800,train
NEB-2020-02-12078 R_SP,NEB-2020-02-12078 R_SP.jpg,NEB-2020-02-12078 R,S12078,OD,2020.0,green,40.0,2755.0,33.0,55.0,118.0,363.0,106.0,38435.0,2757.9,False,False,exact_id,1296,972,52.39,32.13,included,,2000-2800,train
NEB-2020-02-12079 L_SP,NEB-2020-02-12079 L_SP.jpg,NEB-2020-02-12079 L,S12079,OS,2020.0,green,40.0,2825.0,33.0,63.0,118.0,354.0,106.0,37518.0,2825.3,False,False,exact_id,1296,972,118.3,53.46,included,,>2800,val
NEB-2020-02-12080 R_SP,NEB-2020-02-12080 R_SP.jpg,NEB-2020-02-12080 R,S12080,OD,2020.0,green,60.0,2667.0,30.0,68.0,113.0,375.0,114.0,42791.0,2664.1,False,False,exact_id,1296,972,87.64,26.02,included,,2000-2800,train
NEB-2020-02-12081 L_SP,NEB-2020-02-12081 L_SP.jpg,NEB-2020-02-12081 L,S12081,OS,2020.0,green,60.0,2755.0,28.0,66.0,101.0,363.0,110.0,39896.0,2757.2,False,False,exact_id,1296,972,116.12,36.13,included,,2000-2800,train
NEB-2020-02-12082 R_SP,NEB-2020-02-12082 R_SP.jpg,NEB-2020-02-12082 R,S12082,OD,2020.0,green,60.0,2294.0,34.0,50.0,147.0,436.0,124.0,54107.0,2291.8,False,False,exact_id,1296,972,88.05,32.43,included,,2000-2800,test
NEB-2020-02-12083 L_SP,NEB-2020-02-12083 L_SP.jpg,NEB-2020-02-12083 L,S12083,OS,2020.0,green,60.0,2331.0,34.0,61.0,148.0,429.0,120.0,51482.0,2330.9,False,False,exact_id,1296,972,116.19,63.18,included,,2000-2800,train
NEB-2020-02-12084 R_SP,NEB-2020-02-12084 R_SP.jpg,NEB-2020-02-12084 R,S12084,OD,2020.0,green,76.0,2882.0,33.0,49.0,113.0,347.0,110.0,38174.0,2881.5,False,False,exact_id,1296,972,91.65,24.06,included,,>2800,train
NEB-2020-02-12092 L_SP,NEB-2020-02-12092 L_SP.jpg,NEB-2020-02-12092 L,S12092,OS,2020.0,green,48.0,2342.0,34.0,62.0,144.0,427.0,116.0,49561.0,2340.6,False,False,exact_id,1296,972,102.57,28.7,included,,2000-2800,train
NEB-2020-02-12093 R_SP,NEB-2020-02-12093 R_SP.jpg,NEB-2020-02-12093 R,S12093,OD,2020.0,green,48.0,2421.0,34.0,62.0,140.0,413.0,115.0,47462.0,2423.0,False,False,exact_id,1296,972,101.72,30.58,included,,2000-2800,val
NEB-2020-02-12094 L_SP,NEB-2020-02-12094 L_SP.jpg,NEB-2020-02-12094 L,S12094,OS,2020.0,green,63.0,2849.0,39.0,50.0,137.0,351.0,108.0,37916.0,2848.4,False,False,exact_id,1296,972,82.25,43.14,included,,>2800,train
NEB-2020-02-12095 R_SP,NEB-2020-02-12095 R_SP.jpg,NEB-2020-02-12095 R,S12095,OD,2020.0,green,63.0,2825.0,37.0,61.0,130.0,354.0,121.0,42831.0,2825.1,False,False,exact_id,1296,972,73.62,28.75,included,,>2800,test
NEB-2020-02-12097 L_SP,NEB-2020-02-12097 L_SP.jpg,NEB-2020-02-12097 L,S12097,OS,2020.0,green,60.0,2597.0,38.0,44.0,146.0,385.0,103.0,39654.0,2597.5,False,False,exact_id,1296,972,117.68,43.19,included,,2000-2800,train
NEB-2020-02-12098 L_SP,NEB-2020-02-12098 L_SP.jpg,NEB-2020-02-12098 L,S12098,OS,2020.0,green,70.0,2513.0,43.0,45.0,173.0,398.0,104.0,41401.0,2512.0,False,False,exact_id,1296,972,114.14,49.35,included,,2000-2800,val
NEB-2020-02-12099 R_SP,NEB-2020-02-12099 R_SP.jpg,NEB-2020-02-12099 R,S12099,OD,2020.0,green,70.0,2793.0,38.0,53.0,135.0,358.0,111.0,39710.0,2795.3,False,False,exact_id,1296,972,97.82,60.26,included,,2000-2800,calibration
NEB-2020-02-12100 R_SP,NEB-2020-02-12100 R_SP.jpg,NEB-2020-02-12100 R,S12100,OD,2020.0,green,70.0,2740.0,37.0,58.0,135.0,365.0,115.0,41965.0,2740.4,False,False,exact_id,1296,972,87.36,29.06,included,,2000-2800,train
NEB-2020-02-12101 L_SP,NEB-2020-02-12101 L_SP.jpg,NEB-2020-02-12101 L,S12101,OS,2020.0,green,70.0,2933.0,41.0,42.0,139.0,341.0,118.0,40246.0,2932.0,False,False,exact_id,1296,972,62.5,31.4,included,,>2800,calibration
NEB-2020-02-12102 R_SP,NEB-2020-02-12102 R_SP.jpg,NEB-2020-02-12102 R,S12102,OD,2020.0,green,72.0,2646.0,40.0,50.0,151.0,378.0,81.0,30658.0,2642.1,False,False,exact_id,1296,972,80.02,39.56,included,,2000-2800,train
NEB-2020-02-12103 L_SP,NEB-2020-02-12103 L_SP.jpg,NEB-2020-02-12103 L,S12103,OS,2020.0,green,72.0,3021.0,43.0,35.0,141.0,331.0,65.0,21489.0,3024.8,False,False,exact_id,1296,972,125.43,60.26,included,,>2800,train
NEB-2020-02-12104 L_SP,NEB-2020-02-12104 L_SP.jpg,NEB-2020-02-12104 L,S12104,OS,2020.0,green,51.0,2304.0,37.0,58.0,160.0,434.0,72.0,31274.0,2302.2,False,False,exact_id,1296,972,112.32,62.01,included,,2000-2800,train
NEB-2020-02-12105 R_SP,NEB-2020-02-12105 R_SP.jpg,NEB-2020-02-12105 R,S12105,OD,2020.0,green,51.0,2151.0,38.0,59.0,175.0,465.0,67.0,31143.0,2151.4,False,False,exact_id,1296,972,107.66,56.06,included,,2000-2800,test
NEB-2020-02-12108 L_SP,NEB-2020-02-12108 L_SP.jpg,NEB-2020-02-12108 L,S12108,OS,2020.0,green,50.0,3226.0,39.0,39.0,121.0,310.0,68.0,21072.0,3227.0,False,False,exact_id,1296,972,91.65,36.85,included,,>2800,val
NEB-2020-02-12109 R_SP,NEB-2020-02-12109 R_SP.jpg,NEB-2020-02-12109 R,S12109,OD,2020.0,green,50.0,2941.0,42.0,51.0,142.0,340.0,81.0,27522.0,2943.1,False,False,exact_id,1296,972,68.88,35.05,included,,>2800,train
NEB-2020-02-12110 L_SP,NEB-2020-02-12110 L_SP.jpg,NEB-2020-02-12110 L,S12110,OS,2020.0,green,71.0,2732.0,30.0,70.0,108.0,366.0,117.0,42829.0,2731.8,False,False,exact_id,1296,972,100.25,38.27,included,,2000-2800,train
NEB-2020-02-12111 R_SP,NEB-2020-02-12111 R_SP.jpg,NEB-2020-02-12111 R,S12111,OD,2020.0,green,71.0,2786.0,32.0,64.0,116.0,359.0,114.0,40944.0,2784.3,False,False,exact_id,1296,972,86.08,34.56,included,,2000-2800,train
NEB-2020-02-12112 L_SP,NEB-2020-02-12112 L_SP.jpg,NEB-2020-02-12112 L,S12112,OS,2020.0,green,72.0,2950.0,33.0,63.0,113.0,339.0,112.0,37993.0,2947.9,False,False,exact_id,1296,972,55.81,39.08,included,,>2800,train
NEB-2020-02-12117 L_SP,NEB-2020-02-12117 L_SP.jpg,NEB-2020-02-12117 L,S12117,OS,2020.0,green,46.0,2688.0,37.0,48.0,138.0,372.0,108.0,40169.0,2688.6,False,False,exact_id,1296,972,98.71,25.28,included,,2000-2800,test
NEB-2020-02-12118 L_SP,NEB-2020-02-12118 L_SP.jpg,NEB-2020-02-12118 L,S12118,OS,2020.0,green,51.0,2924.0,33.0,63.0,113.0,342.0,108.0,36919.0,2925.3,False,False,exact_id,1296,972,54.28,38.79,included,,>2800,val
NEB-2020-02-12119 R_SP,NEB-2020-02-12119 R_SP.jpg,NEB-2020-02-12119 R,S12119,OD,2020.0,green,51.0,2841.0,34.0,60.0,121.0,352.0,114.0,40168.0,2838.1,False,False,exact_id,1296,972,77.04,44.71,included,,>2800,train
NEB-2020-02-12120 L_SP,NEB-2020-02-12120 L_SP.jpg,NEB-2020-02-12120 L,S12120,OS,2020.0,green,66.0,2841.0,35.0,67.0,123.0,352.0,111.0,39031.0,2843.9,False,False,exact_id,1296,972,65.79,37.33,included,,>2800,train
NEB-2020-02-12121 R_SP,NEB-2020-02-12121 R_SP.jpg,NEB-2020-02-12121 R,S12121,OD,2020.0,green,66.0,2825.0,38.0,52.0,135.0,354.0,119.0,42122.0,2825.1,False,False,exact_id,1296,972,66.81,44.83,included,,>2800,train
NEB-2020-02-12124 L_SP,NEB-2020-02-12124 L_SP.jpg,NEB-2020-02-12124 L,S12124,OD,2020.0,green,,2924.0,39.0,53.0,135.0,342.0,113.0,38642.0,2924.3,False,False,exact_id,1296,972,80.35,28.96,included,,>2800,train
NEB-2020-02-12126 R_SP,NEB-2020-02-12126 R_SP.jpg,NEB-2020-02-12126 R,S12126,OD,2020.0,green,48.0,3247.0,38.0,60.0,116.0,308.0,118.0,36327.0,3248.3,False,False,exact_id,1296,972,63.54,31.57,included,,>2800,train
NEB-2020-02-12128 R_SP,NEB-2020-02-12128 R_SP.jpg,NEB-2020-02-12128 R,S12128,OD,2020.0,green,54.0,3058.0,35.0,63.0,115.0,327.0,105.0,34380.0,3054.1,False,False,exact_id,1296,972,94.78,38.11,included,,>2800,train
NEB-2020-02-12129 L_SP,NEB-2020-02-12129 L_SP.jpg,NEB-2020-02-12129 L,S12129,OS,2020.0,green,54.0,2841.0,34.0,50.0,118.0,352.0,108.0,37992.0,2842.7,False,False,exact_id,1296,972,116.86,39.22,included,,>2800,test
NEB-2020-02-12131 L_SP,NEB-2020-02-12131 L_SP.jpg,NEB-2020-02-12131 L,S12131,OS,2020.0,green,55.0,3135.0,29.0,55.0,94.0,319.0,104.0,33137.0,3138.5,False,False,exact_id,1296,972,117.56,25.07,included,,>2800,train
NEB-2020-02-12134 L_SP,NEB-2020-02-12134 L_SP.jpg,NEB-2020-02-12134 L,S12134,OS,2020.0,green,57.0,3040.0,33.0,48.0,108.0,329.0,80.0,26312.0,3040.4,False,False,exact_id,1296,972,79.19,56.89,included,,>2800,val
NEB-2020-02-12135 R_SP,NEB-2020-02-12135 R_SP.jpg,NEB-2020-02-12135 R,S12135,OD,2020.0,green,57.0,3356.0,37.0,63.0,109.0,298.0,71.0,21135.0,3359.4,False,False,exact_id,1296,972,120.67,61.13,included,,>2800,train
NEB-2020-02-12137 R_SP,NEB-2020-02-12137 R_SP.jpg,NEB-2020-02-12137 R,S12137,OD,2020.0,green,60.0,2564.0,34.0,55.0,132.0,390.0,83.0,32381.0,2563.2,False,False,exact_id,1296,972,100.42,61.14,included,,2000-2800,calibration
NEB-2020-02-12138 R_SP,NEB-2020-02-12138 R_SP.jpg,NEB-2020-02-12138 R,S12138,OD,2020.0,green,47.0,2304.0,35.0,63.0,152.0,434.0,126.0,54661.0,2305.1,False,False,exact_id,1296,972,88.43,32.75,included,,2000-2800,train
NEB-2020-02-12139 L_SP,NEB-2020-02-12139 L_SP.jpg,NEB-2020-02-12139 L,S12139,OS,2020.0,green,47.0,2342.0,38.0,61.0,163.0,427.0,127.0,54250.0,2341.0,False,False,exact_id,1296,972,57.16,45.53,included,,2000-2800,train
NEB-2020-02-12140 L_SP,NEB-2020-02-12140 L_SP.jpg,NEB-2020-02-12140 L,S12140,OS,2020.0,green,67.0,2278.0,37.0,67.0,162.0,439.0,105.0,46140.0,2275.7,False,False,exact_id,1296,972,52.45,29.94,included,,2000-2800,test
NEB-2020-02-12143 L_SP,NEB-2020-02-12143 L_SP.jpg,NEB-2020-02-12143 L,S12143,OS,2020.0,green,70.0,2933.0,38.0,55.0,131.0,341.0,110.0,37550.0,2929.4,False,False,exact_id,1296,972,115.59,51.0,included,,>2800,test
NEB-2020-02-12144 L_SP,NEB-2020-02-12144 L_SP.jpg,NEB-2020-02-12144 L,S12144,OS,2020.0,green,58.0,2849.0,35.0,63.0,123.0,351.0,132.0,46306.0,2850.6,False,False,exact_id,1296,972,75.84,36.67,included,,>2800,val
NEB-2020-02-12145 R_SP,NEB-2020-02-12145 R_SP.jpg,NEB-2020-02-12145 R,S12145,OD,2020.0,green,58.0,2899.0,36.0,58.0,123.0,345.0,122.0,42078.0,2899.4,False,False,exact_id,1296,972,70.69,36.11,included,,>2800,train
NEB-2020-02-12146 R_SP,NEB-2020-02-12146 R_SP.jpg,NEB-2020-02-12146 R,S12146,OD,2020.0,green,68.0,2740.0,45.0,59.0,166.0,365.0,131.0,47870.0,2736.6,False,False,exact_id,1296,972,88.31,40.62,included,,2000-2800,train
NEB-2020-02-12148 R_SP,NEB-2020-02-12148 R_SP.jpg,NEB-2020-02-12148 R,S12148,OD,2020.0,green,61.0,2451.0,40.0,47.0,162.0,408.0,103.0,42055.0,2449.2,False,False,exact_id,1296,972,109.42,32.81,included,,2000-2800,train
NEB-2020-02-12149 L_SP,NEB-2020-02-12149 L_SP.jpg,NEB-2020-02-12149 L,S12149,OS,2020.0,green,61.0,2387.0,35.0,55.0,146.0,419.0,103.0,43199.0,2384.3,False,False,exact_id,1296,972,55.54,42.26,included,,2000-2800,train
NEB-2020-02-12150 L_SP,NEB-2020-02-12150 L_SP.jpg,NEB-2020-02-12150 L,S12150,OS,2020.0,green,42.0,3135.0,38.0,55.0,121.0,319.0,121.0,38622.0,3132.9,False,False,exact_id,1296,972,59.02,28.58,included,,>2800,train
NEB-2020-02-12151 R_SP,NEB-2020-02-12151 R_SP.jpg,NEB-2020-02-12151 R,S12151,OD,2020.0,green,42.0,3205.0,30.0,68.0,93.0,312.0,115.0,35903.0,3203.1,False,False,exact_id,1296,972,79.02,32.31,included,,>2800,val
NEB-2020-02-12152 R_SP,NEB-2020-02-12152 R_SP.jpg,NEB-2020-02-12152 R,S12152,OD,2020.0,green,72.0,2793.0,38.0,53.0,136.0,358.0,135.0,48330.0,2793.3,False,False,exact_id,1296,972,97.34,42.86,included,,2000-2800,train
NEB-2020-02-12153 L_SP,NEB-2020-02-12153 L_SP.jpg,NEB-2020-02-12153 L,S12153,OS,2020.0,green,72.0,2950.0,34.0,58.0,116.0,339.0,119.0,40314.0,2951.8,False,False,exact_id,1296,972,93.64,34.61,included,,>2800,train
NEB-2020-02-12155 R_SP,NEB-2020-02-12155 R_SP.jpg,NEB-2020-02-12155 R,S12155,OD,2020.0,green,68.0,2532.0,36.0,51.0,143.0,395.0,96.0,37895.0,2533.3,False,False,exact_id,1296,972,70.32,42.27,included,,2000-2800,train
NEB-2020-02-12157 L_SP,NEB-2020-02-12157 L_SP.jpg,NEB-2020-02-12157 L,S12157,OS,2020.0,green,74.0,2532.0,35.0,53.0,137.0,395.0,88.0,34781.0,2530.1,False,False,exact_id,1296,972,99.74,56.47,included,,2000-2800,calibration
NEB-2020-02-12162 L_SP,NEB-2020-02-12162 L_SP.jpg,NEB-2020-02-12162 L,S12162,OS,2020.0,green,63.0,2755.0,40.0,51.0,145.0,363.0,103.0,37376.0,2755.8,False,False,exact_id,1296,972,69.54,34.17,included,,2000-2800,calibration
NEB-2020-02-12163 R_SP,NEB-2020-02-12163 R_SP.jpg,NEB-2020-02-12163 R,S12163,OD,2020.0,green,63.0,2874.0,32.0,61.0,110.0,348.0,114.0,39723.0,2869.9,False,False,exact_id,1296,972,76.06,36.3,included,,>2800,test
NEB-2020-02-13700 L_SP,NEB-2020-02-13700 L_SP.jpg,NEB-2020-02-13700 L,S13700,OS,2022.0,green,54.0,3717.0,35.0,51.0,93.0,269.0,108.0,29101.0,3711.2,False,False,exact_id,1296,972,55.03,38.75,included,,>2800,val
NEB-2020-03- 12203 R_SP,NEB-2020-03- 12203 R_SP.jpg,NEB-2020-03- 12203 R,S12203,OD,2020.0,green,65.0,2584.0,36.0,63.0,138.0,387.0,118.0,45710.0,2581.5,False,False,exact_id,1296,972,86.55,27.89,included,,2000-2800,train
NEB-2020-03-1205 R_SP,NEB-2020-03-1205 R_SP.jpg,NEB-2020-03-1205 R,ID-NEB2020031205,OD,2020.0,green,64.0,3115.0,33.0,59.0,105.0,321.0,119.0,38244.0,3111.6,True,False,exact_id,1296,972,95.65,55.86,review:needs_review,,>2800,
NEB-2020-03-12166 L_SP,NEB-2020-03-12166 L_SP.jpg,NEB-2020-03-12166 L,S12166,OS,2020.0,green,50.0,2857.0,38.0,57.0,134.0,350.0,108.0,37832.0,2854.7,False,False,exact_id,1296,972,97.63,43.86,included,,>2800,val
NEB-2020-03-12170 L_SP,NEB-2020-03-12170 L_SP.jpg,NEB-2020-03-12170 L,S12170,OS,2020.0,green,60.0,2817.0,35.0,56.0,124.0,355.0,115.0,40824.0,2817.0,False,False,exact_id,1296,972,84.14,42.47,included,,>2800,train
NEB-2020-03-12171 R_SP,NEB-2020-03-12171 R_SP.jpg,NEB-2020-03-12171 R,S12171,OD,2020.0,green,60.0,2959.0,34.0,66.0,115.0,338.0,119.0,40196.0,2960.5,False,False,exact_id,1296,972,113.0,46.19,included,,>2800,test
NEB-2020-03-12172 R_SP,NEB-2020-03-12172 R_SP.jpg,NEB-2020-03-12172 R,S12172,OD,2020.0,green,72.0,2695.0,38.0,63.0,141.0,371.0,118.0,43827.0,2692.4,False,False,exact_id,1296,972,82.73,37.3,included,,2000-2800,train
NEB-2020-03-12173 L_SP,NEB-2020-03-12173 L_SP.jpg,NEB-2020-03-12173 L,S12173,OS,2020.0,green,72.0,2604.0,41.0,61.0,158.0,384.0,104.0,39925.0,2604.9,False,False,exact_id,1296,972,59.38,32.57,included,,2000-2800,train
NEB-2020-03-12174 L_SP,NEB-2020-03-12174 L_SP.jpg,NEB-2020-03-12174 L,S12174,OS,2020.0,green,57.0,2309.0,42.0,56.0,181.0,433.0,116.0,50192.0,2311.1,False,False,exact_id,1296,972,99.35,29.88,included,,2000-2800,train
NEB-2020-03-12175 R_SP,NEB-2020-03-12175 R_SP.jpg,NEB-2020-03-12175 R,S12175,OD,2020.0,green,57.0,2513.0,43.0,54.0,173.0,398.0,116.0,46121.0,2515.1,False,False,exact_id,1296,972,100.83,47.64,included,,2000-2800,val
NEB-2020-03-12181 R_SP,NEB-2020-03-12181 R_SP.jpg,NEB-2020-03-12181 R,S12181,OD,2020.0,green,50.0,2584.0,28.0,66.0,109.0,387.0,111.0,42988.0,2582.1,False,False,exact_id,1296,972,68.28,30.1,included,,2000-2800,val
NEB-2020-03-12182 L_SP,NEB-2020-03-12182 L_SP.jpg,NEB-2020-03-12182 L,S12182,OS,2020.0,green,62.0,2387.0,32.0,58.0,135.0,419.0,106.0,44367.0,2389.2,False,False,exact_id,1296,972,81.1,46.81,included,,2000-2800,train
NEB-2020-03-12184 L_SP,NEB-2020-03-12184 L_SP.jpg,NEB-2020-03-12184 L,S12184,OS,2020.0,green,62.0,2415.0,32.0,57.0,132.0,414.0,104.0,43056.0,2415.5,False,False,exact_id,1296,972,92.96,31.41,included,,2000-2800,train
NEB-2020-03-12185 R_SP,NEB-2020-03-12185 R_SP.jpg,NEB-2020-03-12185 R,S12185,OD,2020.0,green,62.0,2375.0,34.0,60.0,143.0,421.0,110.0,46356.0,2372.9,False,False,exact_id,1296,972,78.58,26.02,included,,2000-2800,train
NEB-2020-03-12186 R_SP,NEB-2020-03-12186 R_SP.jpg,NEB-2020-03-12186 R,S12186,OD,2020.0,green,17.0,3891.0,32.0,68.0,82.0,257.0,119.0,30565.0,3893.3,False,False,exact_id,1296,972,75.49,24.16,included,,>2800,train
NEB-2020-03-12187 L_SP,NEB-2020-03-12187 L_SP.jpg,NEB-2020-03-12187 L,S12187,OS,2020.0,green,17.0,3690.0,31.0,67.0,83.0,271.0,104.0,28145.0,3695.2,False,False,exact_id,1296,972,75.8,33.13,included,,>2800,train
NEB-2020-03-12188 L_SP,NEB-2020-03-12188 L_SP.jpg,NEB-2020-03-12188 L,S12188,OS,2020.0,green,51.0,2646.0,37.0,52.0,140.0,378.0,112.0,42355.0,2644.3,False,False,exact_id,1296,972,90.56,37.31,included,,2000-2800,test
NEB-2020-03-12189 R_SP,NEB-2020-03-12189 R_SP.jpg,NEB-2020-03-12189 R,S12189,OD,2020.0,green,51.0,2611.0,35.0,60.0,134.0,383.0,122.0,46685.0,2613.3,False,False,exact_id,1296,972,103.63,35.32,included,,2000-2800,train
NEB-2020-03-12190 R_SP,NEB-2020-03-12190 R_SP.jpg,NEB-2020-03-12190 R,S12190,OD,2020.0,green,73.0,2660.0,42.0,53.0,159.0,376.0,134.0,50374.0,2660.1,False,False,exact_id,1296,972,111.89,36.19,included,,2000-2800,train
NEB-2020-03-12195 L_SP,NEB-2020-03-12195 L_SP.jpg,NEB-2020-03-12195 L,S12195,OD,2020.0,green,68.0,2513.0,44.0,51.0,175.0,398.0,104.0,41434.0,2510.0,False,False,exact_id,1296,972,62.99,31.84,included,,2000-2800,val
NEB-2020-03-12196 R_SP,NEB-2020-03-12196 R_SP.jpg,NEB-2020-03-12196 R,S12196,OD,2020.0,green,64.0,2941.0,39.0,49.0,132.0,340.0,117.0,39772.0,2941.8,False,False,exact_id,1296,972,67.81,22.58,included,,>2800,train
NEB-2020-03-12197 L_SP,NEB-2020-03-12197 L_SP.jpg,NEB-2020-03-12197 L,S12197,OS,2020.0,green,64.0,1946.0,44.0,50.0,225.0,514.0,114.0,58594.0,1945.6,False,False,exact_id,1296,972,95.99,24.17,included,,<2000,train
NEB-2020-03-12198 L_SP,NEB-2020-03-12198 L_SP.jpg,NEB-2020-03-12198 L,S12198,OS,2020.0,green,59.0,2710.0,34.0,64.0,126.0,369.0,117.0,43134.0,2712.5,False,False,exact_id,1296,972,69.12,31.17,included,,2000-2800,test
NEB-2020-03-12199 R_SP,NEB-2020-03-12199 R_SP.jpg,NEB-2020-03-12199 R,S12199,OD,2020.0,green,59.0,2755.0,35.0,67.0,128.0,363.0,106.0,38528.0,2751.2,False,False,exact_id,1296,972,68.11,45.91,included,,2000-2800,val
NEB-2020-03-12200 L_SP,NEB-2020-03-12200 L_SP.jpg,NEB-2020-03-12200 L,S12200,OS,2020.0,green,59.0,2809.0,32.0,57.0,114.0,356.0,128.0,45548.0,2810.2,False,False,exact_id,1296,972,65.28,26.29,included,,>2800,calibration
NEB-2020-03-12201 R_SP,NEB-2020-03-12201 R_SP.jpg,NEB-2020-03-12201 R,S12201,OD,2020.0,green,59.0,2825.0,40.0,47.0,143.0,354.0,129.0,45658.0,2825.4,False,False,exact_id,1296,972,69.2,26.75,included,,>2800,train
NEB-2020-03-12203 L_SP,NEB-2020-03-12203 L_SP.jpg,NEB-2020-03-12203 L,S12203,OS,2020.0,green,65.0,2551.0,41.0,56.0,160.0,392.0,120.0,47020.0,2552.1,False,False,exact_id,1296,972,85.29,29.73,included,,2000-2800,train
NEB-2020-03-12204 L_SP,NEB-2020-03-12204 L_SP.jpg,NEB-2020-03-12204 L,S12204,OS,2020.0,green,64.0,2941.0,36.0,64.0,123.0,340.0,112.0,38075.0,2941.6,False,False,exact_id,1296,972,98.41,38.36,included,,>2800,train
NEB-2020-03-12206 L_SP,NEB-2020-03-12206 L_SP.jpg,NEB-2020-03-12206 L,S12206,OS,2020.0,green,60.0,2755.0,30.0,63.0,110.0,363.0,72.0,26117.0,2756.8,False,False,exact_id,1296,972,65.31,24.21,included,,2000-2800,train
NEB-2020-03-12207 R_SP,NEB-2020-03-12207 R_SP.jpg,NEB-2020-03-12207 R,S12207,OD,2020.0,green,60.0,2817.0,35.0,56.0,125.0,355.0,116.0,41154.0,2818.7,False,False,exact_id,1296,972,69.0,25.85,included,,>2800,test
NEB-2020-03-12208 L_SP,NEB-2020-03-12208 L_SP.jpg,NEB-2020-03-12208 L,S12208,OS,2020.0,green,45.0,3125.0,31.0,63.0,98.0,320.0,124.0,39646.0,3127.7,False,False,exact_id,1296,972,75.22,35.01,included,,>2800,train
NEB-2020-03-12209 R_SP,NEB-2020-03-12209 R_SP.jpg,NEB-2020-03-12209 R,S12209,OD,2020.0,green,45.0,2857.0,33.0,62.0,115.0,350.0,124.0,43454.0,2853.6,False,False,exact_id,1296,972,99.49,28.82,included,,>2800,val
NEB-2020-03-12210 R_SP,NEB-2020-03-12210 R_SP.jpg,NEB-2020-03-12210 R,S12210,OD,2020.0,green,71.0,2513.0,35.0,60.0,141.0,398.0,117.0,46530.0,2514.5,False,False,exact_id,1296,972,52.75,49.06,included,,2000-2800,train
NEB-2020-03-12211 L_SP,NEB-2020-03-12211 L_SP.jpg,NEB-2020-03-12211 L,S12211,OS,2020.0,yellow,71.0,2398.0,43.0,50.0,181.0,417.0,112.0,46656.0,2400.5,False,False,exact_id,1296,972,94.7,40.28,included,,2000-2800,train
NEB-2020-03-12212 L_SP,NEB-2020-03-12212 L_SP.jpg,NEB-2020-03-12212 L,S12212,OS,2020.0,green,54.0,2786.0,32.0,57.0,115.0,359.0,110.0,39472.0,2786.8,False,False,exact_id,1296,972,111.67,61.15,included,,2000-2800,train
NEB-2020-03-12216 L_SP,NEB-2020-03-12216 L_SP.jpg,NEB-2020-03-12216 L,S12216,OS,2020.0,green,60.0,2890.0,32.0,58.0,110.0,346.0,108.0,37357.0,2891.0,False,False,exact_id,1296,972,108.35,40.09,included,,>2800,calibration
NEB-2020-03-12217 R_SP,NEB-2020-03-12217 R_SP.jpg,NEB-2020-03-12217 R,S12217,OD,2020.0,green,60.0,2500.0,28.0,57.0,114.0,400.0,112.0,44817.0,2499.1,False,False,exact_id,1296,972,111.89,31.37,included,,2000-2800,test
NEB-2020-03-12218 R_SP,NEB-2020-03-12218 R_SP.jpg,NEB-2020-03-12218 R,S12218,OD,2020.0,green,65.0,3413.0,37.0,52.0,108.0,293.0,119.0,34850.0,3414.6,False,False,exact_id,1296,972,141.27,38.18,included,,>2800,calibration
NEB-2020-03-12222 L_SP,NEB-2020-03-12222 L_SP.jpg,NEB-2020-03-12222 L,S12222,OS,2020.0,green,40.0,2907.0,33.0,50.0,113.0,344.0,112.0,38554.0,2905.0,False,False,exact_id,1296,972,128.94,35.77,included,,>2800,train
NEB-2020-03-12224 L_SP,NEB-2020-03-12224 L_SP.jpg,NEB-2020-03-12224 L,S12224,OS,2020.0,green,55.0,3086.0,31.0,50.0,101.0,324.0,115.0,37268.0,3085.8,False,False,exact_id,1296,972,70.48,31.74,included,,>2800,train
NEB-2020-03-12225 R_SP,NEB-2020-03-12225 R_SP.jpg,NEB-2020-03-12225 R,S12225,OD,2020.0,green,55.0,3049.0,35.0,53.0,114.0,328.0,112.0,36780.0,3045.1,False,False,exact_id,1296,972,98.83,45.43,included,,>2800,val
NEB-2020-03-12226 L_SP,NEB-2020-03-12226 L_SP.jpg,NEB-2020-03-12226 L,S12226,OS,2020.0,green,54.0,2924.0,31.0,63.0,106.0,342.0,114.0,38976.0,2924.9,False,False,exact_id,1296,972,71.81,47.7,included,,>2800,train
NEB-2020-03-12227 R_SP,NEB-2020-03-12227 R_SP.jpg,NEB-2020-03-12227 R,S12227,OD,2020.0,green,54.0,2994.0,32.0,60.0,106.0,334.0,103.0,34443.0,2990.4,False,False,exact_id,1296,972,54.89,37.74,included,,>2800,train
NEB-2020-03-12228 L_SP,NEB-2020-03-12228 L_SP.jpg,NEB-2020-03-12228 L,S12228,OS,2020.0,green,53.0,2494.0,30.0,63.0,121.0,401.0,103.0,41352.0,2490.8,False,False,exact_id,1296,972,83.41,40.09,included,,2000-2800,test
NEB-2020-03-12229 R_SP,NEB-2020-03-12229 R_SP.jpg,NEB-2020-03-12229 R,S12229,OD,2020.0,green,53.0,2326.0,37.0,60.0,160.0,430.0,123.0,52873.0,2326.3,False,False,exact_id,1296,972,80.83,32.83,included,,2000-2800,train
NEB-2020-03-12230 R_SP,NEB-2020-03-12230 R_SP.jpg,NEB-2020-03-12230 R,S12230,OD,2020.0,green,61.0,3096.0,38.0,58.0,122.0,323.0,118.0,38090.0,3097.9,False,False,exact_id,1296,972,67.22,26.55,included,,>2800,train
NEB-2020-03-12231 L_SP,NEB-2020-03-12231 L_SP.jpg,NEB-2020-03-12231 L,S12231,OS,2020.0,green,61.0,2762.0,37.0,62.0,134.0,362.0,107.0,38713.0,2763.9,False,False,exact_id,1296,972,86.69,46.78,included,,2000-2800,train
NEB-2020-03-12233 R_SP,NEB-2020-03-12233 R_SP.jpg,NEB-2020-03-12233 R,S12233,OD,2020.0,green,61.0,2994.0,35.0,63.0,116.0,334.0,101.0,33755.0,2992.1,False,False,exact_id,1296,972,109.25,47.43,included,,>2800,val
NEB-2020-03-12234 R_SP,NEB-2020-03-12234 R_SP.jpg,NEB-2020-03-12234 R,S12234,OD,2020.0,green,52.0,2725.0,41.0,54.0,152.0,367.0,100.0,36732.0,2722.4,False,False,exact_id,1296,972,66.6,33.62,included,,2000-2800,train
NEB-2020-03-12235 L_SP,NEB-2020-03-12235 L_SP.jpg,NEB-2020-03-12235 L,S12235,OS,2020.0,green,52.0,2618.0,33.0,59.0,126.0,382.0,105.0,40134.0,2616.2,False,False,exact_id,1296,972,69.1,34.09,included,,2000-2800,train
NEB-2020-03-12236 R_SP,NEB-2020-03-12236 R_SP.jpg,NEB-2020-03-12236 R,S12236,OD,2020.0,green,72.0,2770.0,34.0,61.0,124.0,361.0,103.0,37208.0,2768.2,False,False,exact_id,1296,972,86.46,24.54,included,,2000-2800,test
NEB-2020-03-12237 L_SP,NEB-2020-03-12237 L_SP.jpg,NEB-2020-03-12237 L,S12237,OS,2020.0,green,72.0,3021.0,31.0,70.0,103.0,331.0,100.0,33062.0,3024.6,False,False,exact_id,1296,972,76.56,39.25,included,,>2800,train
NEB-2020-03-12238 R_SP,NEB-2020-03-12238 R_SP.jpg,NEB-2020-03-12238 R,S12238,OD,2020.0,green,64.0,2571.0,35.0,58.0,138.0,389.0,120.0,46670.0,2571.2,False,False,exact_id,1296,972,73.06,28.21,included,,2000-2800,val
NEB-2020-03-12239 L_SP,NEB-2020-03-12239 L_SP.jpg,NEB-2020-03-12239 L,S12239,OS,2020.0,green,64.0,2513.0,38.0,57.0,150.0,398.0,114.0,45392.0,2511.5,False,False,exact_id,1296,972,62.16,28.93,included,,2000-2800,train
NEB-2020-03-12240 R_SP,NEB-2020-03-12240 R_SP.jpg,NEB-2020-03-12240 R,S12240,OD,2020.0,green,51.0,2907.0,40.0,48.0,139.0,344.0,110.0,37798.0,2910.2,False,False,exact_id,1296,972,86.63,24.2,included,,>2800,train
NEB-2020-03-12241 L_SP,NEB-2020-03-12241 L_SP.jpg,NEB-2020-03-12241 L,S12241,OS,2020.0,green,51.0,3040.0,40.0,52.0,132.0,329.0,113.0,37158.0,3041.1,False,False,exact_id,1296,972,84.54,37.73,included,,>2800,train
NEB-2020-03-12242 R_SP,NEB-2020-03-12242 R_SP.jpg,NEB-2020-03-12242 R,S12242,OD,2020.0,green,52.0,2924.0,35.0,57.0,120.0,342.0,113.0,38629.0,2925.3,False,False,exact_id,1296,972,70.09,28.51,included,,>2800,calibration
NEB-2020-03-12243 L_SP,NEB-2020-03-12243 L_SP.jpg,NEB-2020-03-12243 L,S12243,OS,2020.0,green,52.0,2755.0,39.0,52.0,140.0,363.0,105.0,38148.0,2752.4,False,False,exact_id,1296,972,96.98,46.78,included,,2000-2800,train
NEB-2020-03-13022 R_SP,NEB-2020-03-13022 R_SP.jpg,NEB-2020-03-13022 R,S13022,OD,2021.0,green,56.0,2950.0,43.0,51.0,146.0,339.0,158.0,53550.0,2950.5,False,False,exact_id,1296,972,73.84,24.7,included,,>2800,train
NEB-2020-04-12244 R_SP,NEB-2020-04-12244 R_SP.jpg,NEB-2020-04-12244 R,S12244,OD,2020.0,green,57.0,3030.0,42.0,50.0,140.0,330.0,99.0,32716.0,3026.0,False,False,exact_id,1296,972,132.52,47.41,included,,>2800,test
NEB-2020-04-12245 L_SP,NEB-2020-04-12245 L_SP.jpg,NEB-2020-04-12245 L,S12245,OS,2020.0,green,57.0,3546.0,42.0,46.0,119.0,282.0,100.0,28193.0,3547.0,False,False,exact_id,1296,972,79.13,61.69,included,,>2800,val
NEB-2020-04-12246 R_SP,NEB-2020-04-12246 R_SP.jpg,NEB-2020-04-12246 R,S12246,OD,2020.0,green,62.0,2994.0,40.0,59.0,135.0,334.0,108.0,36124.0,2989.7,False,False,exact_id,1296,972,66.92,31.81,included,,>2800,train
NEB-2020-04-12247 L_SP,NEB-2020-04-12247 L_SP.jpg,NEB-2020-04-12247 L,S12247,OS,2020.0,green,62.0,2890.0,36.0,64.0,123.0,346.0,120.0,41511.0,2890.8,False,False,exact_id,1296,972,66.93,33.51,included,,>2800,train
NEB-2020-04-12248 L_SP,NEB-2020-04-12248 L_SP.jpg,NEB-2020-04-12248 L,S12248,OS,2020.0,green,75.0,2646.0,33.0,60.0,124.0,378.0,106.0,40066.0,2645.6,False,False,exact_id,1296,972,79.31,46.13,included,,2000-2800,train
NEB-2020-04-12249 R_SP,NEB-2020-04-12249 R_SP.jpg,NEB-2020-04-12249 R,S12249,OD,2020.0,green,75.0,2703.0,35.0,58.0,130.0,370.0,104.0,38523.0,2699.7,False,False,exact_id,1296,972,90.52,27.59,included,,2000-2800,train
NEB-2020-04-12250 L_SP,NEB-2020-04-12250 L_SP.jpg,NEB-2020-04-12250 L,S12250,OS,2020.0,green,56.0,2841.0,40.0,54.0,142.0,352.0,113.0,39818.0,2837.9,False,False,exact_id,1296,972,64.23,31.69,included,,>2800,test
NEB-2020-04-12251 R_SP,NEB-2020-04-12251 R_SP.jpg,NEB-2020-04-12251 R,S12251,OD,2020.0,green,56.0,2890.0,38.0,61.0,130.0,346.0,113.0,39104.0,2889.7,False,False,exact_id,1296,972,56.4,45.74,included,,>2800,train
NEB-2020-04-12252 R_SP,NEB-2020-04-12252 R_SP.jpg,NEB-2020-04-12252 R,S12252,OD,2020.0,green,53.0,2688.0,33.0,67.0,122.0,372.0,106.0,39459.0,2686.3,False,False,exact_id,1296,972,74.88,34.64,included,,2000-2800,train
NEB-2020-04-12253 L_SP,NEB-2020-04-12253 L_SP.jpg,NEB-2020-04-12253 L,S12253,OS,2020.0,green,53.0,2793.0,31.0,61.0,110.0,358.0,116.0,41572.0,2790.3,False,False,exact_id,1296,972,78.38,37.9,included,,2000-2800,val
NEB-2020-04-12254 R_SP,NEB-2020-04-12254 R_SP.jpg,NEB-2020-04-12254 R,S12254,OD,2020.0,green,74.0,2370.0,35.0,61.0,146.0,422.0,110.0,46408.0,2370.3,False,False,exact_id,1296,972,76.64,29.55,included,,2000-2800,train
NEB-2020-04-12255 L_SP,NEB-2020-04-12255 L_SP.jpg,NEB-2020-04-12255 L,S12255,OS,2020.0,green,74.0,1698.0,39.0,57.0,231.0,589.0,114.0,67149.0,1697.7,False,False,exact_id,1296,972,81.3,30.16,included,,<2000,train
NEB-2020-04-12256 L_SP,NEB-2020-04-12256 L_SP.jpg,NEB-2020-04-12256 L,S12256,OS,2020.0,green,75.0,2865.0,36.0,62.0,127.0,349.0,108.0,37647.0,2868.8,False,False,exact_id,1296,972,69.26,22.49,included,,>2800,train
NEB-2020-04-12257 R_SP,NEB-2020-04-12257 R_SP.jpg,NEB-2020-04-12257 R,S12257,OD,2020.0,green,75.0,2710.0,36.0,67.0,132.0,369.0,100.0,36853.0,2713.5,False,False,exact_id,1296,972,70.42,23.05,included,,2000-2800,train
NEB-2020-04-12258 R_SP,NEB-2020-04-12258 R_SP.jpg,NEB-2020-04-12258 R,S12258,OD,2020.0,green,57.0,2817.0,31.0,63.0,111.0,355.0,104.0,36952.0,2814.5,False,False,exact_id,1296,972,61.77,39.94,included,,>2800,train
NEB-2020-04-12259 L_SP,NEB-2020-04-12259 L_SP.jpg,NEB-2020-04-12259 L,S12259,OS,2020.0,green,57.0,3205.0,31.0,58.0,98.0,312.0,117.0,36469.0,3208.2,False,False,exact_id,1296,972,58.29,37.92,included,,>2800,test
NEB-2020-04-12260 L_SP,NEB-2020-04-12260 L_SP.jpg,NEB-2020-04-12260 L,S12260,OS,2020.0,green,59.0,2717.0,31.0,64.0,113.0,368.0,116.0,42647.0,2720.0,False,False,exact_id,1296,972,68.71,46.99,included,,2000-2800,val
NEB-2020-04-12261 R_SP,NEB-2020-04-12261 R_SP.jpg,NEB-2020-04-12261 R,S12261,OD,2020.0,green,59.0,2933.0,34.0,56.0,116.0,341.0,108.0,36780.0,2936.4,False,False,exact_id,1296,972,64.12,38.69,included,,>2800,test
NEB-2020-04-12264 R_SP,NEB-2020-04-12264 R_SP.jpg,NEB-2020-04-12264 R,S12264,OD,2020.0,green,56.0,3086.0,33.0,54.0,106.0,324.0,115.0,37288.0,3084.1,False,False,exact_id,1296,972,60.4,36.74,included,,>2800,train
NEB-2020-04-12265 L_SP,NEB-2020-04-12265 L_SP.jpg,NEB-2020-04-12265 L,S12265,OS,2020.0,green,56.0,2849.0,34.0,57.0,121.0,351.0,121.0,42496.0,2847.3,False,False,exact_id,1296,972,90.23,38.9,included,,>2800,calibration
NEB-2020-04-17000 L_SP,NEB-2020-04-17000 L_SP.jpg,NEB-2020-04-17000 L,S17000,OS,2025.0,green,61.0,3367.0,40.0,47.0,120.0,297.0,105.0,31213.0,3364.0,False,False,exact_id,1296,972,68.69,48.16,included,,>2800,train
NEB-2020-05-12266 RL_SP,NEB-2020-05-12266 RL_SP.jpg,NEB-2020-05-12266 RL,S12266,OD,2020.0,green,62.0,2604.0,26.0,72.0,101.0,384.0,109.0,41802.0,2607.5,False,False,exact_id,1296,972,83.34,28.35,included,,2000-2800,train
NEB-2020-05-12267 L_SP,NEB-2020-05-12267 L_SP.jpg,NEB-2020-05-12267 L,S12267,OS,2020.0,green,62.0,3067.0,35.0,64.0,113.0,326.0,115.0,37477.0,3068.5,False,False,exact_id,1296,972,73.32,39.06,included,,>2800,train
NEB-2020-05-12268 L_SP,NEB-2020-05-12268 L_SP.jpg,NEB-2020-05-12268 L,S12268,OS,2020.0,green,73.0,1908.0,33.0,56.0,172.0,524.0,114.0,59748.0,1908.0,False,False,exact_id,1296,972,61.54,41.96,included,,<2000,val
NEB-2020-05-12269 R_SP,NEB-2020-05-12269 R_SP.jpg,NEB-2020-05-12269 R,S12269,OD,2020.0,green,73.0,2571.0,41.0,51.0,160.0,389.0,118.0,45934.0,2568.9,False,False,exact_id,1296,972,57.91,33.74,included,,2000-2800,train
NEB-2020-05-12272 R_SP,NEB-2020-05-12272 R_SP.jpg,NEB-2020-05-12272 R,S12272,OD,2020.0,green,60.0,3205.0,33.0,66.0,104.0,312.0,108.0,33679.0,3206.7,False,False,exact_id,1296,972,120.44,57.67,included,,>2800,train
NEB-2020-05-12274 L_SP,NEB-2020-05-12274 L_SP.jpg,NEB-2020-05-12274 L,S12274,OS,2020.0,green,50.0,2778.0,32.0,50.0,115.0,360.0,113.0,40642.0,2780.4,False,False,exact_id,1296,972,57.27,27.13,included,,2000-2800,train
NEB-2020-05-12275 R_SP,NEB-2020-05-12275 R_SP.jpg,NEB-2020-05-12275 R,S12275,OD,2020.0,green,50.0,2660.0,36.0,59.0,134.0,376.0,104.0,39139.0,2657.2,False,False,exact_id,1296,972,74.45,30.67,included,,2000-2800,train
NEB-2020-05-12276 L_SP,NEB-2020-05-12276 L_SP.jpg,NEB-2020-05-12276 L,S12276,OS,2020.0,green,69.0,3049.0,34.0,55.0,110.0,328.0,111.0,36420.0,3047.8,False,False,exact_id,1296,972,56.39,31.87,included,,>2800,test
NEB-2020-05-12277 R_SP,NEB-2020-05-12277 R_SP.jpg,NEB-2020-05-12277 R,S12277,OD,2020.0,green,69.0,2924.0,37.0,50.0,126.0,342.0,103.0,35260.0,2921.2,False,False,exact_id,1296,972,102.15,33.95,included,,>2800,train
NEB-2020-05-12278 R_SP,NEB-2020-05-12278 R_SP.jpg,NEB-2020-05-12278 R,S12278,OD,2020.0,green,70.0,3030.0,38.0,55.0,126.0,330.0,119.0,39289.0,3028.8,False,False,exact_id,1296,972,69.39,36.15,included,,>2800,val
NEB-2020-05-12281 R_SP,NEB-2020-05-12281 R_SP.jpg,NEB-2020-05-12281 R,S12281,OD,2020.0,green,54.0,3106.0,41.0,50.0,133.0,322.0,109.0,35130.0,3102.8,False,False,exact_id,1296,972,120.82,54.91,included,,>2800,train
NEB-2020-05-12284 L_SP,NEB-2020-05-12284 L_SP.jpg,NEB-2020-05-12284 L,S12284,OS,2020.0,green,63.0,2703.0,34.0,55.0,125.0,370.0,96.0,35489.0,2705.1,False,False,exact_id,1296,972,82.0,29.4,included,,2000-2800,train
NEB-2020-05-12285 R_SP,NEB-2020-05-12285 R_SP.jpg,NEB-2020-05-12285 R,S12285,OD,2020.0,green,63.0,2841.0,39.0,55.0,137.0,352.0,99.0,34818.0,2843.4,False,False,exact_id,1296,972,95.95,41.15,included,,>2800,train
NEB-2020-05-12286 L_SP,NEB-2020-05-12286 L_SP.jpg,NEB-2020-05-12286 L,S12286,OS,2020.0,green,56.0,3247.0,37.0,51.0,113.0,308.0,103.0,31746.0,3244.5,False,False,exact_id,1296,972,94.26,30.5,included,,>2800,train
NEB-2020-05-12290 L_SP,NEB-2020-05-12290 L_SP.jpg,NEB-2020-05-12290 L,S12290,OS,2020.0,green,65.0,3425.0,49.0,47.0,142.0,292.0,102.0,29749.0,3428.7,False,False,exact_id,1296,972,71.22,38.07,included,,>2800,test
NEB-2020-05-12291 R_SP,NEB-2020-05-12291 R_SP.jpg,NEB-2020-05-12291 R,S12291,OD,2020.0,green,65.0,3448.0,40.0,46.0,115.0,290.0,108.0,31354.0,3444.5,False,False,exact_id,1296,972,69.35,54.33,included,,>2800,train
NEB-2020-05-12292 R_SP,NEB-2020-05-12292 R_SP.jpg,NEB-2020-05-12292 R,S12292,OD,2020.0,green,46.0,3145.0,40.0,60.0,126.0,318.0,105.0,33387.0,3144.9,False,False,exact_id,1296,972,48.37,34.07,included,,>2800,calibration
NEB-2020-05-12296 L_SP,NEB-2020-05-12296 L_SP.jpg,NEB-2020-05-12296 L,S12296,OS,2020.0,green,57.0,3663.0,38.0,60.0,104.0,273.0,111.0,30333.0,3659.4,False,False,exact_id,1296,972,105.79,57.72,included,,>2800,val
NEB-2020-05-12297 R_SP,NEB-2020-05-12297 R_SP.jpg,NEB-2020-05-12297 R,S12297,OD,2020.0,green,57.0,3165.0,42.0,50.0,132.0,316.0,100.0,31556.0,3169.0,False,False,exact_id,1296,972,106.6,56.52,included,,>2800,train
NEB-2020-05-12298 L_SP,NEB-2020-05-12298 L_SP.jpg,NEB-2020-05-12298 L,S12298,OS,2020.0,green,58.0,2336.0,37.0,53.0,160.0,428.0,113.0,48394.0,2335.0,False,False,exact_id,1296,972,61.99,50.14,included,,2000-2800,train
NEB-2020-05-12299 R_SP,NEB-2020-05-12299 R_SP.jpg,NEB-2020-05-12299 R,S12299,OD,2020.0,green,58.0,2320.0,32.0,64.0,137.0,431.0,102.0,43984.0,2319.0,False,False,exact_id,1296,972,84.49,38.7,included,,2000-2800,train
NEB-2020-05-12304 L_SP,NEB-2020-05-12304 L_SP.jpg,NEB-2020-05-12304 L,S12304,OS,2020.0,green,56.0,2899.0,37.0,56.0,128.0,345.0,120.0,41440.0,2895.8,False,False,exact_id,1296,972,103.8,35.5,included,,>2800,val
NEB-2020-05-12305 R_SP,NEB-2020-05-12305 R_SP.jpg,NEB-2020-05-12305 R,S12305,OD,2020.0,green,56.0,2717.0,37.0,57.0,137.0,368.0,108.0,39759.0,2716.4,False,False,exact_id,1296,972,61.7,35.28,included,,2000-2800,train
NEB-2020-05-12306 L_SP,NEB-2020-05-12306 L_SP.jpg,NEB-2020-05-12306 L,S12306,OS,2020.0,green,70.0,2950.0,35.0,61.0,119.0,339.0,118.0,39944.0,2954.1,False,False,exact_id,1296,972,61.6,26.85,included,,>2800,train
NEB-2020-0512280 L_SP,NEB-2020-0512280 L_SP.jpg,NEB-2020-0512280 L,ID-NEB20200512280,OS,2020.0,green,54.0,3436.0,39.0,51.0,113.0,291.0,100.0,29122.0,3433.8,False,False,exact_id,1296,972,118.89,37.38,included,,>2800,train
NEB-2020-06-12302 L_SP,NEB-2020-06-12302 L_SP.jpg,NEB-2020-06-12302 L,S12302,OS,2020.0,green,57.0,2890.0,38.0,51.0,133.0,346.0,105.0,36364.0,2887.5,False,False,exact_id,1296,972,84.01,35.12,included,,>2800,test
NEB-2020-06-12303 R_SP,NEB-2020-06-12303 R_SP.jpg,NEB-2020-06-12303 R,S12303,OD,2020.0,green,57.0,2674.0,40.0,50.0,148.0,374.0,114.0,42625.0,2674.5,False,False,exact_id,1296,972,60.21,35.59,included,,2000-2800,train
NEB-2020-06-12312 R_SP,NEB-2020-06-12312 R_SP.jpg,NEB-2020-06-12312 R,S12312,OD,2020.0,green,,1984.0,38.0,54.0,191.0,504.0,109.0,54978.0,1982.6,False,False,exact_id,1296,972,78.37,27.87,included,,<2000,train
NEB-2020-06-12314 R_SP,NEB-2020-06-12314 R_SP.jpg,NEB-2020-06-12314 R,S12314,OD,2020.0,green,33.0,2564.0,40.0,50.0,155.0,390.0,107.0,41752.0,2562.8,False,False,exact_id,1296,972,69.71,26.61,included,,2000-2800,train
NEB-2020-06-12315 L_SP,NEB-2020-06-12315 L_SP.jpg,NEB-2020-06-12315 L,S12315,OS,2020.0,green,33.0,2545.0,39.0,52.0,153.0,393.0,106.0,41706.0,2541.6,False,False,exact_id,1296,972,104.64,26.12,included,,2000-2800,train
NEB-2020-06-12316 R_SP,NEB-2020-06-12316 R_SP.jpg,NEB-2020-06-12316 R,S12316,OD,2020.0,green,36.0,3077.0,34.0,55.0,112.0,325.0,118.0,38327.0,3078.8,False,False,exact_id,1296,972,67.91,36.13,included,,>2800,train
NEB-2020-06-12319 L_SP,NEB-2020-06-12319 L_SP.jpg,NEB-2020-06-12319 L,S12319,OS,2020.0,green,67.0,2681.0,41.0,58.0,152.0,373.0,124.0,46198.0,2684.1,False,False,exact_id,1296,972,61.58,37.32,included,,2000-2800,val
NEB-2020-06-12326 L_SP,NEB-2020-06-12326 L_SP.jpg,NEB-2020-06-12326 L,S12326,OS,2020.0,green,73.0,3175.0,35.0,63.0,110.0,315.0,107.0,33698.0,3175.3,False,False,exact_id,1296,972,89.72,50.31,included,,>2800,test
NEB-2020-06-12327 R_SP,NEB-2020-06-12327 R_SP.jpg,NEB-2020-06-12327 R,S12327,OD,2020.0,green,73.0,3003.0,41.0,54.0,138.0,333.0,111.0,36962.0,3003.1,False,False,exact_id,1296,972,83.13,45.6,included,,>2800,test
NEB-2020-06-12329 L_SP,NEB-2020-06-12329 L_SP.jpg,NEB-2020-06-12329 L,S12329,OS,2020.0,green,73.0,2817.0,32.0,62.0,112.0,355.0,113.0,40159.0,2813.8,False,False,exact_id,1296,972,107.6,39.49,included,,>2800,train
NEB-2020-06-12335 R_SP,NEB-2020-06-12335 R_SP.jpg,NEB-2020-06-12335 R,S12335,OD,2020.0,green,65.0,2532.0,33.0,62.0,132.0,395.0,105.0,41508.0,2529.6,False,False,exact_id,1296,972,104.5,26.67,included,,2000-2800,train
NEB-2020-06-12337 L_SP,NEB-2020-06-12337 L_SP.jpg,NEB-2020-06-12337 L,S12337,OS,2020.0,green,48.0,2421.0,40.0,45.0,165.0,413.0,117.0,48362.0,2419.3,False,False,exact_id,1296,972,99.6,39.85,included,,2000-2800,train
NEB-2020-06-12337 R_SP,NEB-2020-06-12337 R_SP.jpg,NEB-2020-06-12337 R,S12337,OD,2020.0,green,48.0,2597.0,40.0,52.0,154.0,385.0,107.0,41160.0,2599.6,False,False,exact_id,1296,972,68.56,48.55,included,,2000-2800,train
NEB-2020-06-12338 R_SP,NEB-2020-06-12338 R_SP.jpg,NEB-2020-06-12338 R,S12338,OD,2020.0,green,62.0,3115.0,36.0,50.0,117.0,321.0,106.0,34051.0,3113.0,False,False,exact_id,1296,972,110.42,24.81,included,,>2800,train
NEB-2020-06-12339 L_SP,NEB-2020-06-12339 L_SP.jpg,NEB-2020-06-12339 L,S12339,OS,2020.0,green,62.0,2907.0,37.0,54.0,127.0,344.0,116.0,39908.0,2906.7,False,False,exact_id,1296,972,82.71,29.92,included,,>2800,val
NEB-2020-06-12340 L_SP,NEB-2020-06-12340 L_SP.jpg,NEB-2020-06-12340 L,S12340,OS,2020.0,green,69.0,2695.0,37.0,53.0,136.0,371.0,113.0,41918.0,2695.7,False,False,exact_id,1296,972,96.63,43.01,included,,2000-2800,train
NEB-2020-06-12341 R_SP,NEB-2020-06-12341 R_SP.jpg,NEB-2020-06-12341 R,S12341,OD,2020.0,green,69.0,2632.0,38.0,54.0,143.0,380.0,106.0,40236.0,2634.5,False,False,exact_id,1296,972,77.07,30.12,included,,2000-2800,train
NEB-2020-06-12342 L_SP,NEB-2020-06-12342 L_SP.jpg,NEB-2020-06-12342 L,S12342,OS,2020.0,green,65.0,3145.0,36.0,55.0,113.0,318.0,109.0,34660.0,3144.8,False,False,exact_id,1296,972,77.65,26.96,included,,>2800,test
NEB-2020-06-12343 R_SP,NEB-2020-06-12343 R_SP.jpg,NEB-2020-06-12343 R,S12343,OD,2020.0,green,65.0,3115.0,33.0,58.0,107.0,321.0,107.0,34399.0,3110.6,False,False,exact_id,1296,972,109.4,26.17,included,,>2800,train
NEB-2020-06-12344 L_SP,NEB-2020-06-12344 L_SP.jpg,NEB-2020-06-12344 L,S12344,OS,2020.0,green,50.0,2933.0,49.0,50.0,167.0,341.0,119.0,40609.0,2930.4,False,False,exact_id,1296,972,70.75,36.63,included,,>2800,train
NEB-2020-06-12345 R_SP,NEB-2020-06-12345 R_SP.jpg,NEB-2020-06-12345 R,S12345,OD,2020.0,green,50.0,2857.0,39.0,55.0,135.0,350.0,107.0,37486.0,2854.4,False,False,exact_id,1296,972,102.39,50.37,included,,>2800,train
NEB-2020-06-12348 R_SP,NEB-2020-06-12348 R_SP.jpg,NEB-2020-06-12348 R,S12348,OD,2020.0,green,67.0,2667.0,35.0,56.0,132.0,375.0,106.0,39779.0,2664.7,False,False,exact_id,1296,972,114.34,50.59,included,,2000-2800,val
NEB-2020-06-12349 L_SP,NEB-2020-06-12349 L_SP.jpg,NEB-2020-06-12349 L,S12349,OS,2020.0,green,67.0,2703.0,32.0,60.0,119.0,370.0,105.0,38897.0,2699.4,False,False,exact_id,1296,972,127.67,42.69,included,,2000-2800,train
NEB-2020-06-12350 R_SP,NEB-2020-06-12350 R_SP.jpg,NEB-2020-06-12350 R,S12350,OD,2020.0,green,65.0,2538.0,36.0,49.0,140.0,394.0,121.0,47668.0,2538.4,False,False,exact_id,1296,972,88.26,33.8,included,,2000-2800,train
NEB-2020-06-12351 L_SP,NEB-2020-06-12351 L_SP.jpg,NEB-2020-06-12351 L,S12351,OS,2020.0,green,65.0,2639.0,44.0,49.0,165.0,379.0,115.0,43635.0,2635.5,False,False,exact_id,1296,972,100.9,50.77,included,,2000-2800,train
NEB-2020-06-12352 R_SP,NEB-2020-06-12352 R_SP.jpg,NEB-2020-06-12352 R,S12352,OD,2020.0,green,66.0,2551.0,37.0,50.0,145.0,392.0,120.0,46987.0,2553.9,False,False,exact_id,1296,972,88.43,34.82,included,,2000-2800,train
NEB-2020-06-12353 L_SP,NEB-2020-06-12353 L_SP.jpg,NEB-2020-06-12353 L,S12353,OS,2020.0,green,66.0,2577.0,41.0,64.0,161.0,388.0,125.0,48480.0,2578.4,False,False,exact_id,1296,972,72.9,35.74,included,,2000-2800,train
NEB-2020-06-12356 L_SP,NEB-2020-06-12356 L_SP.jpg,NEB-2020-06-12356 L,S12356,OS,2020.0,green,43.0,2907.0,36.0,56.0,125.0,344.0,109.0,37549.0,2902.9,False,False,exact_id,1296,972,135.17,31.83,included,,>2800,calibration
NEB-2020-06-12357 R_SP,NEB-2020-06-12357 R_SP.jpg,NEB-2020-06-12357 R,S12357,OD,2020.0,green,43.0,2770.0,34.0,51.0,122.0,361.0,110.0,39723.0,2769.2,False,False,exact_id,1296,972,96.53,41.58,included,,2000-2800,test
NEB-2020-06-12358 L_SP,NEB-2020-06-12358 L_SP.jpg,NEB-2020-06-12358 L,S12358,OS,2020.0,green,51.0,2762.0,37.0,57.0,135.0,362.0,109.0,39485.0,2760.5,False,False,exact_id,1296,972,94.14,42.17,included,,2000-2800,val
NEB-2020-06-12359 R_SP,NEB-2020-06-12359 R_SP.jpg,NEB-2020-06-12359 R,S12359,OD,2020.0,green,51.0,2639.0,37.0,49.0,140.0,379.0,110.0,41708.0,2637.4,False,False,exact_id,1296,972,97.24,34.8,included,,2000-2800,train
NEB-2020-06-12360 L_SP,NEB-2020-06-12360 L_SP.jpg,NEB-2020-06-12360 L,S12360,OS,2020.0,green,57.0,3012.0,37.0,59.0,122.0,332.0,118.0,39122.0,3016.2,False,False,exact_id,1296,972,95.76,28.72,included,,>2800,train
NEB-2020-06-12362 L_SP,NEB-2020-06-12362 L_SP.jpg,NEB-2020-06-12362 L,S12362,OS,2020.0,green,66.0,2597.0,27.0,54.0,103.0,385.0,109.0,41986.0,2596.1,False,False,exact_id,1296,972,66.4,58.87,included,,2000-2800,test
NEB-2020-06-12363 R_SP,NEB-2020-06-12363 R_SP.jpg,NEB-2020-06-12363 R,S12363,OD,2020.0,green,66.0,2364.0,34.0,54.0,144.0,423.0,122.0,51633.0,2362.8,False,False,exact_id,1296,972,85.68,49.06,included,,2000-2800,val
NEB-2020-06-12364 R_SP,NEB-2020-06-12364 R_SP.jpg,NEB-2020-06-12364 R,S12364,OD,2020.0,green,65.0,3185.0,45.0,44.0,142.0,314.0,109.0,34235.0,3183.9,False,False,exact_id,1296,972,113.96,66.37,included,,>2800,train
NEB-2020-06-12366 L_SP,NEB-2020-06-12366 L_SP.jpg,NEB-2020-06-12366 L,S12366,OS,2020.0,green,72.0,3086.0,45.0,46.0,145.0,324.0,111.0,36015.0,3082.0,False,False,exact_id,1296,972,81.37,37.68,included,,>2800,train
NEB-2020-06-12367 R_SP,NEB-2020-06-12367 R_SP.jpg,NEB-2020-06-12367 R,S12367,OD,2020.0,green,72.0,2299.0,44.0,55.0,191.0,435.0,117.0,50901.0,2298.6,False,False,exact_id,1296,972,94.57,49.26,included,,2000-2800,train
NEB-2020-06-12368 L_SP,NEB-2020-06-12368 L_SP.jpg,NEB-2020-06-12368 L,S12368,OS,2020.0,green,55.0,2208.0,45.0,54.0,202.0,453.0,102.0,46163.0,2209.6,False,False,exact_id,1296,972,80.32,38.92,included,,2000-2800,train
NEB-2020-06-12371 L_SP,NEB-2020-06-12371 L_SP.jpg,NEB-2020-06-12371 L,S12371,OS,2020.0,green,54.0,2770.0,41.0,60.0,148.0,361.0,103.0,37230.0,2766.6,False,False,exact_id,1296,972,70.53,47.95,included,,2000-2800,train
NEB-2020-06-12372 R_SP,NEB-2020-06-12372 R_SP.jpg,NEB-2020-06-12372 R,S12372,OD,2020.0,green,54.0,2488.0,36.0,57.0,145.0,402.0,104.0,41818.0,2487.0,False,False,exact_id,1296,972,83.97,50.15,included,,2000-2800,test
NEB-2020-06-12375 L_SP,NEB-2020-06-12375 L_SP.jpg,NEB-2020-06-12375 L,S12375,OS,2020.0,green,51.0,2890.0,38.0,52.0,130.0,346.0,112.0,38707.0,2893.5,False,False,exact_id,1296,972,83.82,31.38,included,,>2800,val
NEB-2020-06-12376 R_SP,NEB-2020-06-12376 R_SP.jpg,NEB-2020-06-12376 R,S12376,OD,2020.0,green,51.0,2747.0,40.0,52.0,147.0,364.0,123.0,44782.0,2746.6,False,False,exact_id,1296,972,85.83,22.47,included,,2000-2800,train
NEB-2020-06-12377 L_SP,NEB-2020-06-12377 L_SP.jpg,NEB-2020-06-12377 L,S12377,OS,2020.0,green,50.0,3030.0,37.0,66.0,123.0,330.0,133.0,43919.0,3028.3,False,False,exact_id,1296,972,63.47,35.29,included,,>2800,train
NEB-2020-06-12378 R_SP,NEB-2020-06-12378 R_SP.jpg,NEB-2020-06-12378 R,S12378,OD,2020.0,green,50.0,2907.0,34.0,52.0,118.0,344.0,111.0,38156.0,2909.1,False,False,exact_id,1296,972,77.66,24.2,included,,>2800,train
NEB-2020-06-12379 R_SP,NEB-2020-06-12379 R_SP.jpg,NEB-2020-06-12379 R,S12379,OD,2020.0,green,46.0,2841.0,34.0,61.0,120.0,352.0,126.0,44338.0,2841.8,False,False,exact_id,1296,972,80.01,43.23,included,,>2800,calibration
NEB-2020-06-12380 L_SP,NEB-2020-06-12380 L_SP.jpg,NEB-2020-06-12380 L,S12380,OS,2020.0,green,46.0,2890.0,31.0,57.0,108.0,346.0,119.0,41168.0,2890.6,False,False,exact_id,1296,972,95.51,24.49,included,,>2800,val
NEB-2020-06-12381 R_SP,NEB-2020-06-12381 R_SP.jpg,NEB-2020-06-12381 R,S12381,OD,2020.0,green,50.0,2353.0,42.0,54.0,177.0,425.0,104.0,44216.0,2352.1,False,False,exact_id,1296,972,61.34,31.51,included,,2000-2800,train
NEB-2020-06-12382 L_SP,NEB-2020-06-12382 L_SP.jpg,NEB-2020-06-12382 L,S12382,OS,2020.0,green,50.0,2212.0,42.0,52.0,191.0,452.0,119.0,53841.0,2210.2,False,False,exact_id,1296,972,81.56,37.93,included,,2000-2800,test
NEB-2020-06-12383 R_SP,NEB-2020-06-12383 R_SP.jpg,NEB-2020-06-12383 R,S12383,OD,2020.0,green,52.0,2604.0,37.0,50.0,141.0,384.0,120.0,46067.0,2604.9,False,False,exact_id,1296,972,61.22,44.79,included,,2000-2800,calibration
NEB-2020-06-12384 L_SP,NEB-2020-06-12384 L_SP.jpg,NEB-2020-06-12384 L,S12384,OS,2020.0,green,52.0,2667.0,42.0,51.0,156.0,375.0,108.0,40546.0,2663.6,False,False,exact_id,1296,972,76.75,45.79,included,,2000-2800,train
NEB-2020-06-12385 L_SP,NEB-2020-06-12385 L_SP.jpg,NEB-2020-06-12385 L,S12385,OS,2020.0,green,52.0,3040.0,42.0,54.0,138.0,329.0,109.0,35898.0,3036.4,False,False,exact_id,1296,972,83.12,34.44,included,,>2800,train
NEB-2020-06-12386 R_SP,NEB-2020-06-12386 R_SP.jpg,NEB-2020-06-12386 R,S12386,OD,2020.0,green,52.0,2890.0,45.0,50.0,154.0,346.0,114.0,39417.0,2892.2,False,False,exact_id,1296,972,83.04,28.32,included,,>2800,train
NEB-2020-06-12387 L_SP,NEB-2020-06-12387 L_SP.jpg,NEB-2020-06-12387 L,S12387,OS,2020.0,green,28.0,4065.0,33.0,59.0,81.0,246.0,114.0,28062.0,4062.4,False,False,exact_id,1296,972,70.15,37.12,included,,>2800,val
NEB-2020-06-12395 L_SP,NEB-2020-06-12395 L_SP.jpg,NEB-2020-06-12395 L,S12395,OS,2020.0,green,54.0,2985.0,35.0,50.0,118.0,335.0,106.0,35562.0,2980.7,False,False,exact_id,1296,972,116.7,46.03,included,,>2800,train
NEB-2020-06-12402 R_SP,NEB-2020-06-12402 R_SP.jpg,NEB-2020-06-12402 R,S12402,OD,2020.0,green,52.0,2660.0,33.0,53.0,123.0,376.0,111.0,41766.0,2657.7,False,False,exact_id,1296,972,173.95,37.65,included,,2000-2800,train
NEB-2020-06-12430 R_SP,NEB-2020-06-12430 R_SP.jpg,NEB-2020-06-12430 R,S12430,OD,2020.0,green,74.0,2506.0,37.0,61.0,146.0,399.0,104.0,41478.0,2507.4,False,False,exact_id,1296,972,97.18,49.25,included,,2000-2800,train
NEB-2020-06012334 L_SP,NEB-2020-06012334 L_SP.jpg,NEB-2020-06012334 L,ID-NEB202006012334,OS,2020.0,green,65.0,2439.0,33.0,63.0,136.0,410.0,111.0,45515.0,2438.8,False,False,exact_id,1296,972,68.18,26.66,included,,2000-2800,calibration
NEB-2020-0612317 L_SP,NEB-2020-0612317 L_SP.jpg,NEB-2020-0612317 L,ID-NEB20200612317,OS,2020.0,green,36.0,2994.0,35.0,51.0,117.0,334.0,108.0,36118.0,2990.2,False,False,exact_id,1296,972,82.11,34.61,included,,>2800,test
NEB-2020-07-12415 R_SP,NEB-2020-07-12415 R_SP.jpg,NEB-2020-07-12415 R,S12415,OD,2020.0,green,40.0,2584.0,45.0,44.0,174.0,387.0,63.0,24401.0,2581.9,False,False,exact_id,1296,972,85.1,36.71,included,,2000-2800,train
NEB-2020-07-12418 R_SP,NEB-2020-07-12418 R_SP.jpg,NEB-2020-07-12418 R,S12418,OD,2020.0,green,63.0,2309.0,35.0,50.0,152.0,433.0,71.0,30745.0,2309.3,False,False,exact_id,1296,972,78.6,37.37,included,,2000-2800,test
NEB-2020-07-12419 L_SP,NEB-2020-07-12419 L_SP.jpg,NEB-2020-07-12419 L,S12419,OS,2020.0,green,69.0,3040.0,34.0,55.0,113.0,329.0,100.0,32909.0,3038.7,False,False,exact_id,1296,972,75.49,49.75,included,,>2800,train
NEB-2020-07-12420 R_SP,NEB-2020-07-12420 R_SP.jpg,NEB-2020-07-12420 R,S12420,OD,2020.0,green,69.0,3067.0,46.0,52.0,149.0,326.0,113.0,36793.0,3071.2,False,False,exact_id,1296,972,61.94,46.85,included,,>2800,train
NEB-2020-07-12427 R_SP,NEB-2020-07-12427 R_SP.jpg,NEB-2020-07-12427 R,S12427,OD,2020.0,green,48.0,3205.0,35.0,55.0,109.0,312.0,112.0,34967.0,3203.0,False,False,exact_id,1296,972,81.68,34.17,included,,>2800,train
NEB-2020-07-12428 L_SP,NEB-2020-07-12428 L_SP.jpg,NEB-2020-07-12428 L,S12428,OS,2020.0,green,48.0,3289.0,36.0,64.0,108.0,304.0,113.0,34386.0,3286.2,False,False,exact_id,1296,972,97.65,58.37,included,,>2800,test
NEB-2020-07-12429 L_SP,NEB-2020-07-12429 L_SP.jpg,NEB-2020-07-12429 L,S12429,OS,2020.0,green,74.0,2174.0,38.0,57.0,174.0,460.0,107.0,49187.0,2175.4,False,False,exact_id,1296,972,83.45,32.52,included,,2000-2800,val
NEB-2020-07-12433 R_SP,NEB-2020-07-12433 R_SP.jpg,NEB-2020-07-12433 R,S12433,OD,2020.0,green,66.0,2519.0,28.0,61.0,113.0,397.0,103.0,40849.0,2521.5,False,False,exact_id,1296,972,84.75,31.79,included,,2000-2800,calibration
NEB-2020-07-12437 R_SP,NEB-2020-07-12437 R_SP.jpg,NEB-2020-07-12437 R,S12437,OD,2020.0,green,64.0,3401.0,51.0,54.0,151.0,294.0,106.0,31180.0,3399.6,False,False,exact_id,1296,972,99.38,40.25,included,,>2800,train
NEB-2020-07-12442 R_SP,NEB-2020-07-12442 R_SP.jpg,NEB-2020-07-12442 R,S12442,OD,2020.0,green,60.0,3922.0,41.0,57.0,104.0,255.0,95.0,24236.0,3919.8,False,False,exact_id,1296,972,75.71,55.71,included,,>2800,train
NEB-2020-07-12443 L_SP,NEB-2020-07-12443 L_SP.jpg,NEB-2020-07-12443 L,S12443,OS,2020.0,green,54.0,2273.0,44.0,49.0,192.0,440.0,111.0,48808.0,2274.2,False,False,exact_id,1296,972,85.7,32.64,included,,2000-2800,test
NEB-2020-07-12444 R_SP,NEB-2020-07-12444 R_SP.jpg,NEB-2020-07-12444 R,S12444,OD,2020.0,green,54.0,2625.0,42.0,57.0,159.0,381.0,95.0,36225.0,2622.5,False,False,exact_id,1296,972,79.75,61.0,included,,2000-2800,train
NEB-2020-07-12447 R_SP,NEB-2020-07-12447 R_SP.jpg,NEB-2020-07-12447 R,S12447,OD,2020.0,green,65.0,2941.0,32.0,55.0,110.0,340.0,101.0,34369.0,2938.7,False,False,exact_id,1296,972,82.84,34.75,included,,>2800,val
NEB-2020-07-12448 L_SP,NEB-2020-07-12448 L_SP.jpg,NEB-2020-07-12448 L,S12448,OS,2020.0,green,65.0,3003.0,35.0,55.0,117.0,333.0,111.0,36928.0,3005.8,False,False,exact_id,1296,972,59.88,41.45,included,,>2800,train
NEB-2020-07-12450 L_SP,NEB-2020-07-12450 L_SP.jpg,NEB-2020-07-12450 L,S12450,OS,2020.0,green,59.0,2315.0,38.0,59.0,162.0,432.0,106.0,45742.0,2317.3,False,False,exact_id,1296,972,65.47,26.91,included,,2000-2800,train
NEB-2020-07-12451 L_SP,NEB-2020-07-12451 L_SP.jpg,NEB-2020-07-12451 L,S12451,OS,2020.0,green,71.0,2667.0,35.0,54.0,132.0,375.0,117.0,43925.0,2663.6,False,False,exact_id,1296,972,94.01,36.91,included,,2000-2800,train
NEB-2020-07-12452 R_SP,NEB-2020-07-12452 R_SP.jpg,NEB-2020-07-12452 R,S12452,OD,2020.0,green,71.0,2717.0,37.0,66.0,136.0,368.0,105.0,38679.0,2714.7,False,False,exact_id,1296,972,98.86,23.75,included,,2000-2800,val
NEB-2020-07-12453 R_SP,NEB-2020-07-12453 R_SP.jpg,NEB-2020-07-12453 R,S12453,OS,2020.0,green,46.0,3289.0,37.0,49.0,112.0,304.0,105.0,31893.0,3292.3,False,False,exact_id,1296,972,95.74,26.55,included,,>2800,test
NEB-2020-07-12454 L_SP,NEB-2020-07-12454 L_SP.jpg,NEB-2020-07-12454 L,S12454,OS,2020.0,green,46.0,3236.0,41.0,56.0,128.0,309.0,114.0,35172.0,3241.2,False,False,exact_id,1296,972,74.22,33.7,included,,>2800,train
NEB-2020-07-12455 R_SP,NEB-2020-07-12455 R_SP.jpg,NEB-2020-07-12455 R,S12455,OD,2020.0,green,73.0,2857.0,36.0,60.0,125.0,350.0,129.0,45213.0,2853.2,False,False,exact_id,1296,972,65.04,36.45,included,,>2800,train
NEB-2020-07-12457 L_SP,NEB-2020-07-12457 L_SP.jpg,NEB-2020-07-12457 L,S12457,OS,2020.0,green,65.0,2179.0,40.0,56.0,182.0,459.0,114.0,52330.0,2178.5,False,False,exact_id,1296,972,114.95,22.76,included,,2000-2800,train
NEB-2020-07-12458 R_SP,NEB-2020-07-12458 R_SP.jpg,NEB-2020-07-12458 R,S12458,OD,2020.0,green,65.0,1838.0,31.0,57.0,168.0,544.0,104.0,56581.0,1838.1,False,False,exact_id,1296,972,70.79,27.65,included,,<2000,train
NEB-2020-07-12460 L_SP,NEB-2020-07-12460 L_SP.jpg,NEB-2020-07-12460 L,S12460,OS,2020.0,green,70.0,3195.0,42.0,53.0,133.0,313.0,80.0,25026.0,3196.7,False,False,exact_id,1296,972,96.85,44.62,included,,>2800,train
NEB-2020-07-12462 L_SP,NEB-2020-07-12462 L_SP.jpg,NEB-2020-07-12462 L,S12462,OS,2020.0,green,54.0,2825.0,32.0,62.0,113.0,354.0,117.0,41414.0,2825.1,False,False,exact_id,1296,972,66.16,32.65,included,,>2800,train
NEB-2020-07-12467 L_SP,NEB-2020-07-12467 L_SP.jpg,NEB-2020-07-12467 L,S12467,OS,2020.0,green,61.0,2545.0,40.0,53.0,159.0,393.0,109.0,42821.0,2545.5,False,False,exact_id,1296,972,106.87,36.38,included,,2000-2800,test
NEB-2020-07-12468 R_SP,NEB-2020-07-12468 R_SP.jpg,NEB-2020-07-12468 R,S12468,OD,2020.0,green,61.0,2625.0,38.0,50.0,146.0,381.0,113.0,43082.0,2622.9,False,False,exact_id,1296,972,99.81,26.24,included,,2000-2800,train
NEB-2020-07-12469 R_SP,NEB-2020-07-12469 R_SP.jpg,NEB-2020-07-12469 R,S12469,OD,2020.0,green,63.0,2890.0,41.0,57.0,143.0,346.0,112.0,38774.0,2888.5,False,False,exact_id,1296,972,87.11,30.6,included,,>2800,val
NEB-2020-07-12470 L_SP,NEB-2020-07-12470 L_SP.jpg,NEB-2020-07-12470 L,S12470,OS,2020.0,green,63.0,2857.0,36.0,60.0,125.0,350.0,120.0,42045.0,2854.1,False,False,exact_id,1296,972,100.99,34.86,included,,>2800,train
NEB-2020-07-12471 R_SP,NEB-2020-07-12471 R_SP.jpg,NEB-2020-07-12471 R,S12471,OD,2020.0,green,66.0,2451.0,40.0,58.0,162.0,408.0,119.0,48557.0,2450.7,False,False,exact_id,1296,972,121.95,35.21,included,,2000-2800,train
NEB-2020-07-12472 L_SP,NEB-2020-07-12472 L_SP.jpg,NEB-2020-07-12472 L,S12472,OS,2020.0,green,66.0,2786.0,49.0,48.0,177.0,359.0,111.0,39833.0,2786.6,False,False,exact_id,1296,972,70.54,42.27,included,,2000-2800,calibration
NEB-2020-07-12473 L_SP,NEB-2020-07-12473 L_SP.jpg,NEB-2020-07-12473 L,S12473,OS,2020.0,green,62.0,2801.0,31.0,54.0,112.0,357.0,128.0,45657.0,2803.5,False,False,exact_id,1296,972,76.14,27.44,included,,>2800,train
NEB-2020-07-12474 R_SP,NEB-2020-07-12474 R_SP.jpg,NEB-2020-07-12474 R,S12474,OD,2020.0,green,62.0,3155.0,32.0,65.0,102.0,317.0,125.0,39596.0,3156.9,False,False,exact_id,1296,972,55.9,37.36,included,,>2800,val
NEB-2020-07-12475 R_SP,NEB-2020-07-12475 R_SP.jpg,NEB-2020-07-12475 R,S12475,OD,2020.0,green,35.0,2525.0,36.0,61.0,143.0,396.0,115.0,45550.0,2524.7,False,False,exact_id,1296,972,80.72,22.93,included,,2000-2800,test
NEB-2020-07-12478 R_SP,NEB-2020-07-12478 R_SP.jpg,NEB-2020-07-12478 R,S12478,OD,2020.0,green,70.0,2475.0,38.0,48.0,155.0,404.0,118.0,47720.0,2472.8,False,False,exact_id,1296,972,88.01,22.83,included,,2000-2800,train
NEB-2020-07-12479 L_SP,NEB-2020-07-12479 L_SP.jpg,NEB-2020-07-12479 L,S12479,OS,2020.0,green,70.0,2551.0,41.0,57.0,160.0,392.0,108.0,42347.0,2550.4,False,False,exact_id,1296,972,83.0,33.04,included,,2000-2800,train
NEB-2020-07-12484 L_SP,NEB-2020-07-12484 L_SP.jpg,NEB-2020-07-12484 L,S12484,OS,2020.0,green,69.0,2618.0,36.0,49.0,138.0,382.0,108.0,41260.0,2617.5,False,False,exact_id,1296,972,64.97,35.35,included,,2000-2800,train
NEB-2020-07-12486 R_SP,NEB-2020-07-12486 R_SP.jpg,NEB-2020-07-12486 R,S12486,OD,2020.0,green,46.0,2710.0,34.0,62.0,124.0,369.0,104.0,38409.0,2707.7,False,False,exact_id,1296,972,66.48,30.39,included,,2000-2800,train
NEB-2020-07-12488 L_SP,NEB-2020-07-12488 L_SP.jpg,NEB-2020-07-12488 L,S12488,OS,2020.0,green,55.0,2890.0,33.0,55.0,115.0,346.0,101.0,34937.0,2890.9,False,False,exact_id,1296,972,88.83,35.36,included,,>2800,test
NEB-2020-07-12490 L_SP,NEB-2020-07-12490 L_SP.jpg,NEB-2020-07-12490 L,S12490,OS,2020.0,green,37.0,2762.0,42.0,41.0,153.0,362.0,104.0,37683.0,2759.9,False,False,exact_id,1296,972,111.51,33.63,included,,2000-2800,val
NEB-2020-07-12491 R_SP,NEB-2020-07-12491 R_SP.jpg,NEB-2020-07-12491 R,S12491,OD,2020.0,green,37.0,2786.0,49.0,52.0,175.0,359.0,106.0,38058.0,2785.2,False,False,exact_id,1296,972,131.97,43.41,included,,2000-2800,train
NEB-2020-07-18481 L_SP,NEB-2020-07-18481 L_SP.jpg,NEB-2020-07-18481 L,S18481,OS,2020.0,green,30.0,3559.0,42.0,41.0,119.0,281.0,108.0,30301.0,3564.2,False,False,exact_id,1296,972,78.59,50.08,included,,>2800,train
NEB-2020-07012441 L_SP,NEB-2020-07012441 L_SP.jpg,NEB-2020-07012441 L,ID-NEB202007012441,OS,2020.0,green,60.0,3546.0,38.0,50.0,107.0,282.0,95.0,26777.0,3547.8,False,False,exact_id,1296,972,69.63,46.74,included,,>2800,train
NEB-2020-08-12498 L_SP,NEB-2020-08-12498 L_SP.jpg,NEB-2020-08-12498 L,S12498,OS,2020.0,green,50.0,2564.0,36.0,51.0,139.0,390.0,105.0,40945.0,2564.4,False,False,exact_id,1296,972,80.79,25.1,included,,2000-2800,calibration
NEB-2020-08-12499 R_SP,NEB-2020-08-12499 R_SP.jpg,NEB-2020-08-12499 R,S12499,OD,2020.0,green,50.0,2457.0,37.0,46.0,152.0,407.0,143.0,58167.0,2458.4,False,False,exact_id,1296,972,118.74,43.34,included,,2000-2800,train
NEB-2020-08-12505 L_SP,NEB-2020-08-12505 L_SP.jpg,NEB-2020-08-12505 L,S12505,OS,2020.0,green,52.0,2915.0,36.0,56.0,122.0,343.0,107.0,36711.0,2914.7,False,False,exact_id,1296,972,94.39,31.12,included,,>2800,train
NEB-2020-08-12506 R_SP,NEB-2020-08-12506 R_SP.jpg,NEB-2020-08-12506 R,S12506,OD,2020.0,green,52.0,2740.0,31.0,61.0,114.0,365.0,121.0,44111.0,2743.1,False,False,exact_id,1296,972,66.66,32.9,included,,2000-2800,train
NEB-2020-08-12514 R_SP,NEB-2020-08-12514 R_SP.jpg,NEB-2020-08-12514 R,S12514,OD,2020.0,green,51.0,2725.0,34.0,49.0,123.0,367.0,103.0,37795.0,2725.2,False,False,exact_id,1296,972,47.36,31.16,included,,2000-2800,train
NEB-2020-08-12517 R_SP,NEB-2020-08-12517 R_SP.jpg,NEB-2020-08-12517 R,S12517,OD,2020.0,green,62.0,3040.0,32.0,65.0,106.0,329.0,111.0,36472.0,3043.4,False,False,exact_id,1296,972,70.21,42.8,included,,>2800,test
NEB-2020-08-12524 R_SP,NEB-2020-08-12524 R_SP.jpg,NEB-2020-08-12524 R,S12524,OD,2020.0,green,69.0,2179.0,31.0,62.0,144.0,459.0,127.0,58297.0,2178.5,False,False,exact_id,1296,972,81.34,33.68,included,,2000-2800,train
NEB-2020-08-12525 L_SP,NEB-2020-08-12525 L_SP.jpg,NEB-2020-08-12525 L,S12525,OS,2020.0,green,69.0,2092.0,35.0,62.0,165.0,478.0,116.0,55488.0,2090.5,False,False,exact_id,1296,972,75.89,24.17,included,,2000-2800,train
NEB-2020-08-12526 L_SP,NEB-2020-08-12526 L_SP.jpg,NEB-2020-08-12526 L,S12526,OS,2020.0,green,67.0,2985.0,36.0,60.0,122.0,335.0,110.0,36801.0,2989.0,False,False,exact_id,1296,972,74.85,36.68,included,,>2800,val
NEB-2020-08-12527 R_SP,NEB-2020-08-12527 R_SP.jpg,NEB-2020-08-12527 R,S12527,OD,2020.0,green,67.0,2907.0,34.0,58.0,116.0,344.0,117.0,40222.0,2908.9,False,False,exact_id,1296,972,83.6,44.58,included,,>2800,train
NEB-2020-08-12528 L_SP,NEB-2020-08-12528 L_SP.jpg,NEB-2020-08-12528 L,S12528,OS,2020.0,green,64.0,2674.0,33.0,58.0,122.0,374.0,116.0,43398.0,2672.9,False,False,exact_id,1296,972,85.08,39.32,included,,2000-2800,train
NEB-2020-08-12529 R_SP,NEB-2020-08-12529 R_SP.jpg,NEB-2020-08-12529 R,S12529,OD,2020.0,green,64.0,2618.0,35.0,62.0,132.0,382.0,115.0,43947.0,2616.8,False,False,exact_id,1296,972,107.89,32.97,included,,2000-2800,train
NEB-2020-08-12531 R_SP,NEB-2020-08-12531 R_SP.jpg,NEB-2020-08-12531 R,S12531,OD,2020.0,green,69.0,2252.0,40.0,57.0,179.0,444.0,109.0,48437.0,2250.3,False,False,exact_id,1296,972,83.48,49.2,included,,2000-2800,calibration
NEB-2020-08-12533 R_SP,NEB-2020-08-12533 R_SP.jpg,NEB-2020-08-12533 R,S12533,OD,2020.0,green,65.0,2778.0,38.0,51.0,135.0,360.0,123.0,44309.0,2776.0,False,False,exact_id,1296,972,121.71,64.61,included,,2000-2800,train
NEB-2020-08-12535 L_SP,NEB-2020-08-12535 L_SP.jpg,NEB-2020-08-12535 L,S12535,OD,2020.0,green,75.0,3003.0,41.0,58.0,137.0,333.0,114.0,37950.0,3004.0,False,False,exact_id,1296,972,91.16,31.78,included,,>2800,test
NEB-2020-08-12536 L_SP,NEB-2020-08-12536 L_SP.jpg,NEB-2020-08-12536 L,S12536,OS,2020.0,green,60.0,3086.0,47.0,52.0,152.0,324.0,124.0,40230.0,3082.3,False,False,exact_id,1296,972,93.56,52.14,included,,>2800,val
NEB-2020-08-12538 L_SP,NEB-2020-08-12538 L_SP.jpg,NEB-2020-08-12538 L,S12538,OS,2020.0,green,61.0,2506.0,39.0,57.0,155.0,399.0,124.0,49458.0,2507.2,False,False,exact_id,1296,972,100.39,39.01,included,,2000-2800,train
NEB-2020-08-12539 R_SP,NEB-2020-08-12539 R_SP.jpg,NEB-2020-08-12539 R,S12539,OD,2020.0,green,61.0,2717.0,31.0,62.0,115.0,368.0,127.0,46723.0,2718.1,False,False,exact_id,1296,972,118.73,36.42,included,,2000-2800,train
NEB-2020-08-12540 L_SP,NEB-2020-08-12540 L_SP.jpg,NEB-2020-08-12540 L,S12540,OS,2020.0,green,53.0,2710.0,38.0,55.0,139.0,369.0,123.0,45426.0,2707.7,False,False,exact_id,1296,972,87.4,26.78,included,,2000-2800,val
NEB-2020-08-12542 L_SP,NEB-2020-08-12542 L_SP.jpg,NEB-2020-08-12542 L,S12542,OS,2020.0,green,78.0,2632.0,41.0,47.0,156.0,380.0,106.0,40275.0,2631.9,False,False,exact_id,1296,972,136.76,42.61,included,,2000-2800,test
NEB-2020-08-12543 R_SP,NEB-2020-08-12543 R_SP.jpg,NEB-2020-08-12543 R,S12543,OD,2020.0,green,78.0,2604.0,42.0,60.0,160.0,384.0,106.0,40720.0,2603.1,False,False,exact_id,1296,972,133.68,63.44,included,,2000-2800,train
NEB-2020-08-12546 L_SP,NEB-2020-08-12546 L_SP.jpg,NEB-2020-08-12546 L,S12546,OS,2020.0,green,51.0,2985.0,37.0,51.0,124.0,335.0,109.0,36520.0,2984.7,False,False,exact_id,1296,972,98.25,33.07,included,,>2800,train
NEB-2020-08-12550 R_SP,NEB-2020-08-12550 R_SP.jpg,NEB-2020-08-12550 R,S12550,OD,2020.0,green,72.0,2762.0,34.0,67.0,123.0,362.0,106.0,38344.0,2764.4,False,False,exact_id,1296,972,97.85,50.87,included,,2000-2800,train
NEB-2020-08-12551 L_SP,NEB-2020-08-12551 L_SP.jpg,NEB-2020-08-12551 L,S12551,OD,2020.0,green,72.0,2747.0,40.0,59.0,147.0,364.0,101.0,36716.0,2750.8,False,False,exact_id,1296,972,90.01,29.69,included,,2000-2800,calibration
NEB-2020-08-12552 R_SP,NEB-2020-08-12552 R_SP.jpg,NEB-2020-08-12552 R,S12552,OD,2020.0,green,67.0,1218.0,36.0,56.0,295.0,821.0,72.0,59089.0,1218.5,False,False,exact_id,1296,972,86.21,30.59,included,,<2000,train
NEB-2020-08-12553 L_SP,NEB-2020-08-12553 L_SP.jpg,NEB-2020-08-12553 L,S12553,OS,2020.0,green,67.0,2212.0,35.0,51.0,158.0,452.0,116.0,52443.0,2211.9,False,False,exact_id,1296,972,101.84,38.81,included,,2000-2800,train
NEB-2020-08-12554 L_SP,NEB-2020-08-12554 L_SP.jpg,NEB-2020-08-12554 L,S12554,OS,2020.0,green,62.0,2545.0,44.0,57.0,173.0,393.0,120.0,47187.0,2543.1,False,False,exact_id,1296,972,80.96,41.31,included,,2000-2800,test
NEB-2020-08-12555 R_SP,NEB-2020-08-12555 R_SP.jpg,NEB-2020-08-12555 R,S12555,OD,2020.0,green,62.0,2545.0,37.0,55.0,145.0,393.0,115.0,45157.0,2546.7,False,False,exact_id,1296,972,78.85,37.2,included,,2000-2800,val
NEB-2020-08-12556 R_SP,NEB-2020-08-12556 R_SP.jpg,NEB-2020-08-12556 R,S12556,OD,2020.0,green,69.0,2933.0,38.0,59.0,130.0,341.0,113.0,38552.0,2931.1,False,False,exact_id,1296,972,128.82,24.68,included,,>2800,train
NEB-2020-08-12557 L_SP,NEB-2020-08-12557 L_SP.jpg,NEB-2020-08-12557 L,S12557,OS,2020.0,green,69.0,2532.0,39.0,61.0,156.0,395.0,104.0,41049.0,2533.6,False,False,exact_id,1296,972,60.72,32.59,included,,2000-2800,train
NEB-2020-08-12558 R_SP,NEB-2020-08-12558 R_SP.jpg,NEB-2020-08-12558 R,S12558,OD,2020.0,green,59.0,3003.0,37.0,54.0,122.0,333.0,104.0,34638.0,3002.5,False,False,exact_id,1296,972,89.55,29.56,included,,>2800,train
NEB-2020-08-12559 L_SP,NEB-2020-08-12559 L_SP.jpg,NEB-2020-08-12559 L,S12559,OS,2020.0,green,59.0,2703.0,36.0,56.0,133.0,370.0,101.0,37330.0,2705.6,False,False,exact_id,1296,972,83.44,27.78,included,,2000-2800,train
NEB-2020-08-12560 R_SP,NEB-2020-08-12560 R_SP.jpg,NEB-2020-08-12560 R,S12560,OD,2020.0,green,71.0,2646.0,37.0,58.0,140.0,378.0,110.0,41630.0,2642.3,False,False,exact_id,1296,972,54.85,32.44,included,,2000-2800,train
NEB-2020-08-12561 L_SP,NEB-2020-08-12561 L_SP.jpg,NEB-2020-08-12561 L,S12561,OS,2020.0,green,71.0,2717.0,29.0,65.0,106.0,368.0,102.0,37587.0,2713.7,False,False,exact_id,1296,972,85.06,29.28,included,,2000-2800,val
NEB-2020-08-12563 R_SP,NEB-2020-08-12563 R_SP.jpg,NEB-2020-08-12563 R,S12563,OD,2020.0,green,67.0,2066.0,38.0,55.0,182.0,484.0,96.0,46480.0,2065.4,False,False,exact_id,1296,972,88.09,37.65,included,,2000-2800,test
NEB-2020-08-12567 L_SP,NEB-2020-08-12567 L_SP.jpg,NEB-2020-08-12567 L,S12567,OS,2020.0,green,72.0,2506.0,34.0,58.0,135.0,399.0,75.0,29930.0,2505.8,False,False,exact_id,1296,972,109.77,58.6,included,,2000-2800,train
NEB-2020-08-12568 R_SP,NEB-2020-08-12568 R_SP.jpg,NEB-2020-08-12568 R,S12568,OD,2020.0,green,59.0,2849.0,38.0,55.0,134.0,351.0,74.0,26001.0,2846.0,False,False,exact_id,1296,972,131.42,53.17,included,,>2800,train
NEB-2020-08-12570 L_SP,NEB-2020-08-12570 L_SP.jpg,NEB-2020-08-12570 L,S12570,OS,2020.0,green,,2740.0,36.0,57.0,133.0,365.0,118.0,43077.0,2739.3,False,False,exact_id,1296,972,91.13,40.36,included,,2000-2800,train
NEB-2020-08-12571 R_SP,NEB-2020-08-12571 R_SP.jpg,NEB-2020-08-12571 R,S12571,OD,2020.0,green,54.0,2762.0,38.0,54.0,138.0,362.0,111.0,40194.0,2761.6,False,False,exact_id,1296,972,107.92,34.65,included,,2000-2800,train
NEB-2020-08-12580 L_SP,NEB-2020-08-12580 L_SP.jpg,NEB-2020-08-12580 L,S12580,OS,2020.0,green,66.0,2611.0,31.0,62.0,117.0,383.0,111.0,42548.0,2608.8,False,False,exact_id,1296,972,88.41,30.28,included,,2000-2800,val
NEB-2020-08-12581 R_SP,NEB-2020-08-12581 R_SP.jpg,NEB-2020-08-12581 R,S12581,OD,2020.0,green,66.0,2208.0,33.0,55.0,152.0,453.0,277.0,125596.0,2205.5,False,False,exact_id,1296,972,99.03,43.18,included,,2000-2800,train
NEB-2020-08-12586 L_SP,NEB-2020-08-12586 L_SP.jpg,NEB-2020-08-12586 L,S12586,OS,2020.0,green,65.0,3546.0,40.0,48.0,113.0,282.0,121.0,34145.0,3543.7,False,False,exact_id,1296,972,102.93,33.55,included,,>2800,train
NEB-2020-08-12587 R_SP,NEB-2020-08-12587 R_SP.jpg,NEB-2020-08-12587 R,S12587,OD,2020.0,green,65.0,3155.0,38.0,49.0,121.0,317.0,107.0,33882.0,3158.0,False,False,exact_id,1296,972,89.6,36.37,included,,>2800,test
NEB-2020-08-12588 R_SP,NEB-2020-08-12588 R_SP.jpg,NEB-2020-08-12588 R,S12588,OD,2020.0,green,60.0,2786.0,37.0,51.0,134.0,359.0,115.0,41253.0,2787.7,False,False,exact_id,1296,972,60.64,37.8,included,,2000-2800,train
NEB-2020-08-12589 L_SP,NEB-2020-08-12589 L_SP.jpg,NEB-2020-08-12589 L,S12589,OS,2020.0,green,60.0,3058.0,35.0,60.0,114.0,327.0,116.0,37901.0,3060.6,False,False,exact_id,1296,972,92.73,42.99,included,,>2800,train
NEB-2020-08-12594 L_SP,NEB-2020-08-12594 L_SP.jpg,NEB-2020-08-12594 L,S12594,OS,2020.0,green,70.0,2703.0,33.0,52.0,123.0,370.0,121.0,44773.0,2702.5,False,False,exact_id,1296,972,121.81,72.19,included,,2000-2800,train
NEB-2020-08-12595 R_SP,NEB-2020-08-12595 R_SP.jpg,NEB-2020-08-12595 R,S12595,OD,2020.0,green,70.0,2809.0,41.0,43.0,147.0,356.0,103.0,36673.0,2808.6,False,False,exact_id,1296,972,106.69,56.96,included,,>2800,val
NEB-2020-08-12597 L_SP,NEB-2020-08-12597 L_SP.jpg,NEB-2020-08-12597 L,S12597,OS,2020.0,green,60.0,2849.0,33.0,53.0,117.0,351.0,131.0,45976.0,2849.3,False,False,exact_id,1296,972,67.15,29.57,included,,>2800,train
NEB-2020-09-12607 R_SP,NEB-2020-09-12607 R_SP.jpg,NEB-2020-09-12607 R,S12607,OD,2020.0,green,68.0,2584.0,39.0,58.0,152.0,387.0,101.0,39055.0,2586.1,False,False,exact_id,1296,972,126.14,59.78,included,,2000-2800,test
NEB-2020-09-12610 R_SP,NEB-2020-09-12610 R_SP.jpg,NEB-2020-09-12610 R,S12610,OD,2020.0,green,49.0,2611.0,40.0,65.0,155.0,383.0,104.0,39789.0,2613.8,False,False,exact_id,1296,972,92.8,44.21,included,,2000-2800,train
NEB-2020-09-12611 L_SP,NEB-2020-09-12611 L_SP.jpg,NEB-2020-09-12611 L,S12611,OS,2020.0,green,49.0,2941.0,37.0,56.0,127.0,340.0,109.0,37053.0,2941.7,False,False,exact_id,1296,972,99.78,30.19,included,,>2800,train
NEB-2020-09-12612 L_SP,NEB-2020-09-12612 L_SP.jpg,NEB-2020-09-12612 L,S12612,OS,2020.0,green,41.0,2849.0,37.0,57.0,131.0,351.0,113.0,39685.0,2847.4,False,False,exact_id,1296,972,70.45,28.23,included,,>2800,train
NEB-2020-09-12613 R_SP,NEB-2020-09-12613 R_SP.jpg,NEB-2020-09-12613 R,S12613,OD,2020.0,green,41.0,2710.0,32.0,65.0,119.0,369.0,110.0,40619.0,2708.1,False,False,exact_id,1296,972,90.48,31.88,included,,2000-2800,train
NEB-2020-09-12615 R_SP,NEB-2020-09-12615 R_SP.jpg,NEB-2020-09-12615 R,S12615,OD,2020.0,green,62.0,2451.0,37.0,55.0,149.0,408.0,103.0,42025.0,2450.9,False,False,exact_id,1296,972,72.83,41.24,included,,2000-2800,train
NEB-2020-09-12616 L_SP,NEB-2020-09-12616 L_SP.jpg,NEB-2020-09-12616 L,S12616,OS,2020.0,green,69.0,3378.0,35.0,64.0,104.0,296.0,125.0,37009.0,3377.6,False,False,exact_id,1296,972,66.04,43.9,included,,>2800,val
NEB-2020-09-12617 R_SP,NEB-2020-09-12617 R_SP.jpg,NEB-2020-09-12617 R,S12617,OD,2020.0,green,69.0,3460.0,33.0,61.0,94.0,289.0,109.0,31456.0,3465.2,False,False,exact_id,1296,972,79.78,30.73,included,,>2800,test
NEB-2020-09-12618 L_SP,NEB-2020-09-12618 L_SP.jpg,NEB-2020-09-12618 L,S12618,OS,2020.0,green,74.0,3086.0,41.0,57.0,134.0,324.0,163.0,52809.0,3086.6,False,False,exact_id,1296,972,66.92,44.99,included,,>2800,train
NEB-2020-09-12619 R_SP,NEB-2020-09-12619 R_SP.jpg,NEB-2020-09-12619 R,S12619,OD,2020.0,green,74.0,2994.0,41.0,49.0,138.0,334.0,143.0,47799.0,2991.7,False,False,exact_id,1296,972,122.83,46.66,included,,>2800,train
NEB-2020-09-12620 L_SP,NEB-2020-09-12620 L_SP.jpg,NEB-2020-09-12620 L,S12620,OS,2020.0,green,72.0,2326.0,32.0,54.0,136.0,430.0,119.0,51181.0,2325.1,False,False,exact_id,1296,972,79.41,48.99,included,,2000-2800,train
NEB-2020-09-12621 R_SP,NEB-2020-09-12621 R_SP.jpg,NEB-2020-09-12621 R,S12621,OD,2020.0,green,72.0,2463.0,33.0,63.0,134.0,406.0,107.0,43463.0,2461.9,False,False,exact_id,1296,972,106.68,42.83,included,,2000-2800,train
NEB-2020-09-12622 L_SP,NEB-2020-09-12622 L_SP.jpg,NEB-2020-09-12622 L,S12622,OS,2020.0,green,71.0,3115.0,38.0,50.0,123.0,321.0,107.0,34348.0,3115.2,False,False,exact_id,1296,972,84.74,33.56,included,,>2800,val
NEB-2020-09-12623 R_SP,NEB-2020-09-12623 R_SP.jpg,NEB-2020-09-12623 R,S12623,OD,2020.0,green,71.0,3165.0,38.0,51.0,121.0,316.0,108.0,34144.0,3163.1,False,False,exact_id,1296,972,73.24,54.67,included,,>2800,test
NEB-2020-09-12625 R_SP,NEB-2020-09-12625 R_SP.jpg,NEB-2020-09-12625 R,S12625,OD,2020.0,green,67.0,2353.0,44.0,46.0,186.0,425.0,115.0,48858.0,2353.8,False,False,exact_id,1296,972,64.31,32.71,included,,2000-2800,train
NEB-2020-09-12629 L_SP,NEB-2020-09-12629 L_SP.jpg,NEB-2020-09-12629 L,S12629,OS,2020.0,green,66.0,2941.0,38.0,55.0,130.0,340.0,104.0,35395.0,2938.3,False,False,exact_id,1296,972,80.38,48.29,included,,>2800,train
NEB-2020-09-12630 R_SP,NEB-2020-09-12630 R_SP.jpg,NEB-2020-09-12630 R,S12630,OD,2020.0,green,69.0,2119.0,39.0,44.0,186.0,472.0,110.0,51959.0,2117.1,False,False,exact_id,1296,972,64.12,26.31,included,,2000-2800,train
NEB-2020-09-12631 L_SP,NEB-2020-09-12631 L_SP.jpg,NEB-2020-09-12631 L,S12631,OS,2020.0,green,69.0,2000.0,37.0,54.0,186.0,500.0,131.0,65550.0,1998.5,False,False,exact_id,1296,972,67.12,29.39,included,,2000-2800,train
NEB-2020-09-12634 R_SP,NEB-2020-09-12634 R_SP.jpg,NEB-2020-09-12634 R,S12634,OD,2020.0,green,52.0,3472.0,35.0,62.0,102.0,288.0,127.0,36555.0,3474.2,False,False,exact_id,1296,972,92.57,29.83,included,,>2800,train
NEB-2020-09-12635 L_SP,NEB-2020-09-12635 L_SP.jpg,NEB-2020-09-12635 L,S12635,OS,2020.0,green,52.0,3289.0,39.0,59.0,119.0,304.0,117.0,35614.0,3285.2,False,False,exact_id,1296,972,95.39,31.42,included,,>2800,train
NEB-2020-09-12636 L_SP,NEB-2020-09-12636 L_SP.jpg,NEB-2020-09-12636 L,S12636,OS,2020.0,green,54.0,3125.0,37.0,65.0,118.0,320.0,110.0,35203.0,3124.7,False,False,exact_id,1296,972,102.22,39.96,included,,>2800,test
NEB-2020-09-12637 R_SP,NEB-2020-09-12637 R_SP.jpg,NEB-2020-09-12637 R,S12637,OD,2020.0,green,54.0,3135.0,34.0,55.0,108.0,319.0,120.0,38334.0,3130.4,False,False,exact_id,1296,972,90.39,34.87,included,,>2800,val
NEB-2020-09-12638 L_SP,NEB-2020-09-12638 L_SP.jpg,NEB-2020-09-12638 L,S12638,OS,2020.0,green,66.0,2899.0,37.0,44.0,126.0,345.0,105.0,36182.0,2902.0,False,False,exact_id,1296,972,68.84,40.27,included,,>2800,train
NEB-2020-09-12639 R_SP,NEB-2020-09-12639 R_SP.jpg,NEB-2020-09-12639 R,S12639,OD,2020.0,green,66.0,3003.0,31.0,55.0,102.0,333.0,138.0,45996.0,3000.3,False,False,exact_id,1296,972,61.76,50.0,included,,>2800,calibration
NEB-2020-09-12645 L_SP,NEB-2020-09-12645 L_SP.jpg,NEB-2020-09-12645 L,S12645,OS,2020.0,green,66.0,2740.0,39.0,61.0,142.0,365.0,78.0,28442.0,2742.4,False,False,exact_id,1296,972,128.89,56.92,included,,2000-2800,train
NEB-2020-09-12661 R_SP,NEB-2020-09-12661 R_SP.jpg,NEB-2020-09-12661 R,S12661,OD,2020.0,green,64.0,3049.0,38.0,52.0,123.0,328.0,84.0,27594.0,3044.1,False,False,exact_id,1296,972,72.07,52.33,included,,>2800,train
NEB-2020-09-12667 R_SP,NEB-2020-09-12667 R_SP.jpg,NEB-2020-09-12667 R,S12667,OD,2020.0,green,69.0,2833.0,34.0,61.0,119.0,353.0,131.0,46189.0,2836.2,False,False,exact_id,1296,972,77.25,33.2,included,,>2800,train
NEB-2020-09-12674 L_SP,NEB-2020-09-12674 L_SP.jpg,NEB-2020-09-12674 L,S12674,OS,2020.0,green,60.0,3012.0,43.0,52.0,143.0,332.0,110.0,36564.0,3008.4,False,False,exact_id,1296,972,87.19,30.87,included,,>2800,train
NEB-2020-09-12678 L_SP,NEB-2020-09-12678 L_SP.jpg,NEB-2020-09-12678 L,S12678,OS,2020.0,green,73.0,1667.0,30.0,72.0,180.0,600.0,98.0,58812.0,1666.3,False,False,exact_id,1296,972,138.48,46.04,included,,<2000,test
NEB-2020-09-12680 R_SP,NEB-2020-09-12680 R_SP.jpg,NEB-2020-09-12680 R,S12680,OD,2020.0,green,69.0,2304.0,31.0,71.0,135.0,434.0,114.0,49427.0,2306.4,False,False,exact_id,1296,972,98.05,35.33,included,,2000-2800,val
NEB-2020-09-12682 R_SP,NEB-2020-09-12682 R_SP.jpg,NEB-2020-09-12682 R,S12682,OD,2020.0,green,45.0,2825.0,40.0,48.0,140.0,354.0,72.0,25460.0,2828.0,False,False,exact_id,1296,972,89.1,50.47,included,,>2800,train
NEB-2020-09-12683 R_SP,NEB-2020-09-12683 R_SP.jpg,NEB-2020-09-12683 R,S12683,OD,2020.0,green,45.0,3077.0,31.0,61.0,101.0,325.0,80.0,26038.0,3072.4,False,False,exact_id,1296,972,89.23,55.08,included,,>2800,train
NEB-2020-09-12686 R_SP,NEB-2020-09-12686 R_SP.jpg,NEB-2020-09-12686 R,S12686,OD,2020.0,green,49.0,2646.0,40.0,59.0,150.0,378.0,103.0,38943.0,2644.9,False,False,exact_id,1296,972,79.15,50.42,included,,2000-2800,train
NEB-2020-09-12687 L_SP,NEB-2020-09-12687 L_SP.jpg,NEB-2020-09-12687 L,S12687,OS,2020.0,green,49.0,2915.0,36.0,58.0,123.0,343.0,112.0,38417.0,2915.4,False,False,exact_id,1296,972,139.35,49.1,included,,>2800,train
NEB-2020-09-12691 R_SP,NEB-2020-09-12691 R_SP.jpg,NEB-2020-09-12691 R,S12691,OD,2020.0,green,59.0,3546.0,39.0,54.0,110.0,282.0,84.0,23697.0,3544.8,False,False,exact_id,1296,972,106.87,61.25,included,,>2800,calibration
NEB-2020-09-12692 L_SP,NEB-2020-09-12692 L_SP.jpg,NEB-2020-09-12692 L,S12692,OS,2020.0,green,69.0,2513.0,36.0,41.0,144.0,398.0,67.0,26659.0,2513.2,False,False,exact_id,1296,972,64.17,49.74,included,,2000-2800,val
NEB-2020-09-12693 R_SP,NEB-2020-09-12693 R_SP.jpg,NEB-2020-09-12693 R,S12693,OD,2020.0,green,69.0,2525.0,38.0,46.0,149.0,396.0,73.0,28932.0,2523.2,False,False,exact_id,1296,972,88.34,57.38,included,,2000-2800,test
NEB-2020-09-12695 L_SP,NEB-2020-09-12695 L_SP.jpg,NEB-2020-09-12695 L,S12695,OS,2020.0,green,72.0,3472.0,39.0,50.0,111.0,288.0,137.0,39468.0,3471.2,False,False,exact_id,1296,972,96.97,45.68,included,,>2800,train
NEB-2020-09-12697 L_SP,NEB-2020-09-12697 L_SP.jpg,NEB-2020-09-12697 L,S12697,OS,2020.0,green,21.0,3534.0,33.0,69.0,92.0,283.0,118.0,33415.0,3531.3,False,False,exact_id,1296,972,128.42,42.53,included,,>2800,calibration
NEB-2020-09-12700 L_SP,NEB-2020-09-12700 L_SP.jpg,NEB-2020-09-12700 L,S12700,OS,2020.0,green,60.0,3247.0,39.0,61.0,119.0,308.0,112.0,34552.0,3241.5,False,False,exact_id,1296,972,102.58,40.49,included,,>2800,train
NEB-2020-10 -12733 L_SP,NEB-2020-10 -12733 L_SP.jpg,NEB-2020-10 -12733 L,S12733,OS,2020.0,green,38.0,3058.0,37.0,56.0,122.0,327.0,115.0,37607.0,3057.9,False,False,exact_id,1296,972,88.9,30.44,included,,>2800,train
NEB-2020-10-12709 R_SP,NEB-2020-10-12709 R_SP.jpg,NEB-2020-10-12709 R,S12709,OD,2020.0,green,69.0,2083.0,39.0,56.0,186.0,480.0,112.0,53714.0,2085.1,False,False,exact_id,1296,972,101.18,44.93,included,,2000-2800,train
NEB-2020-10-12714 L_SP,NEB-2020-10-12714 L_SP.jpg,NEB-2020-10-12714 L,S12714,OS,2020.0,green,68.0,2907.0,37.0,51.0,127.0,344.0,107.0,36816.0,2906.3,False,False,exact_id,1296,972,106.74,38.76,included,,>2800,train
NEB-2020-10-12717 L_SP,NEB-2020-10-12717 L_SP.jpg,NEB-2020-10-12717 L,S12717,OS,2020.0,green,70.0,3257.0,44.0,52.0,135.0,307.0,115.0,35282.0,3259.5,False,False,exact_id,1296,972,77.58,50.41,included,,>2800,test
NEB-2020-10-12720 L_SP,NEB-2020-10-12720 L_SP.jpg,NEB-2020-10-12720 L,S12720,OS,2020.0,green,53.0,3584.0,36.0,59.0,100.0,279.0,104.0,28970.0,3589.9,False,False,exact_id,1296,972,74.37,41.64,included,,>2800,train
NEB-2020-10-12721 R_SP,NEB-2020-10-12721 R_SP.jpg,NEB-2020-10-12721 R,S12721,OD,2020.0,green,53.0,3356.0,33.0,71.0,98.0,298.0,115.0,34239.0,3358.7,False,False,exact_id,1296,972,87.71,32.03,included,,>2800,val
NEB-2020-10-12722 R_SP,NEB-2020-10-12722 R_SP.jpg,NEB-2020-10-12722 R,S12722,OD,2020.0,green,70.0,2564.0,49.0,45.0,190.0,390.0,111.0,43282.0,2564.6,False,False,exact_id,1296,972,75.88,36.91,included,,2000-2800,train
NEB-2020-10-12723 L_SP,NEB-2020-10-12723 L_SP.jpg,NEB-2020-10-12723 L,S12723,OS,2020.0,green,70.0,2778.0,38.0,45.0,137.0,360.0,110.0,39592.0,2778.3,False,False,exact_id,1296,972,90.77,39.43,included,,2000-2800,train
NEB-2020-10-12724 L_SP,NEB-2020-10-12724 L_SP.jpg,NEB-2020-10-12724 L,S12724,OS,2020.0,green,70.0,2451.0,35.0,53.0,143.0,408.0,116.0,47313.0,2451.8,False,False,exact_id,1296,972,68.39,34.87,included,,2000-2800,val
NEB-2020-10-12725 R_SP,NEB-2020-10-12725 R_SP.jpg,NEB-2020-10-12725 R,S12725,OD,2020.0,green,70.0,2660.0,39.0,49.0,147.0,376.0,132.0,49681.0,2657.0,False,False,exact_id,1296,972,74.65,38.56,included,,2000-2800,train
NEB-2020-10-12727 L_SP,NEB-2020-10-12727 L_SP.jpg,NEB-2020-10-12727 L,S12727,OS,2020.0,green,72.0,2571.0,34.0,59.0,133.0,389.0,108.0,42053.0,2568.2,False,False,exact_id,1296,972,97.75,31.48,included,,2000-2800,test
NEB-2020-10-12728 L_SP,NEB-2020-10-12728 L_SP.jpg,NEB-2020-10-12728 L,S12728,OS,2020.0,green,65.0,2387.0,33.0,64.0,137.0,419.0,106.0,44449.0,2384.8,False,False,exact_id,1296,972,84.76,49.9,included,,2000-2800,train
NEB-2020-10-12729 R_SP,NEB-2020-10-12729 R_SP.jpg,NEB-2020-10-12729 R,S12729,OD,2020.0,green,65.0,3247.0,40.0,44.0,123.0,308.0,111.0,34187.0,3246.8,False,True,exact_id,1296,972,92.68,43.91,included,dup_same_tissue,>2800,train
NEB-2020-10-12730 R_SP,NEB-2020-10-12730 R_SP.jpg,NEB-2020-10-12730 R,S12730,OD,2020.0,green,64.0,3831.0,39.0,48.0,101.0,261.0,114.0,29800.0,3825.5,False,False,exact_id,1296,972,60.05,39.45,included,,>2800,train
NEB-2020-10-12731 L_SP,NEB-2020-10-12731 L_SP.jpg,NEB-2020-10-12731 L,S12731,OS,2020.0,green,64.0,3623.0,42.0,50.0,115.0,276.0,110.0,30329.0,3626.9,False,False,exact_id,1296,972,91.97,33.58,included,,>2800,train
NEB-2020-10-12732 R_SP,NEB-2020-10-12732 R_SP.jpg,NEB-2020-10-12732 R,S12732,OD,2020.0,green,38.0,2994.0,37.0,59.0,123.0,334.0,115.0,38462.0,2990.0,False,False,exact_id,1296,972,96.67,38.74,included,,>2800,val
NEB-2020-10-12742 R_SP,NEB-2020-10-12742 R_SP.jpg,NEB-2020-10-12742 R,S12742,OD,2020.0,green,69.0,2933.0,47.0,45.0,160.0,341.0,107.0,36517.0,2930.1,False,False,exact_id,1296,972,69.66,37.55,included,,>2800,test
NEB-2020-10-12745 R_SP,NEB-2020-10-12745 R_SP.jpg,NEB-2020-10-12745 R,S12745,OD,2020.0,green,58.0,2513.0,34.0,57.0,137.0,398.0,114.0,45336.0,2514.6,False,False,exact_id,1296,972,108.84,53.04,included,,2000-2800,train
NEB-2020-10-12750 R_SP,NEB-2020-10-12750 R_SP.jpg,NEB-2020-10-12750 R,S12750,OD,2020.0,green,70.0,2865.0,47.0,50.0,164.0,349.0,118.0,41159.0,2866.9,False,False,exact_id,1296,972,68.71,46.86,included,,>2800,train
NEB-2020-10-12751 L_SP,NEB-2020-10-12751 L_SP.jpg,NEB-2020-10-12751 L,S12751,OS,2020.0,green,70.0,2778.0,42.0,47.0,153.0,360.0,111.0,40005.0,2774.7,False,False,exact_id,1296,972,65.5,43.96,included,,2000-2800,train
NEB-2020-10-12760 L_SP,NEB-2020-10-12760 L_SP.jpg,NEB-2020-10-12760 L,S12760,OS,2020.0,green,72.0,2257.0,40.0,41.0,176.0,443.0,101.0,44773.0,2255.8,False,False,exact_id,1296,972,82.73,57.63,included,,2000-2800,train
NEB-2020-10-12763 L_SP,NEB-2020-10-12763 L_SP.jpg,NEB-2020-10-12763 L,S12763,OS,2020.0,green,39.0,3650.0,31.0,59.0,86.0,274.0,106.0,29069.0,3646.5,False,False,exact_id,1296,972,96.09,43.52,included,,>2800,val
NEB-2020-10-12764 L_SP,NEB-2020-10-12764 L_SP.jpg,NEB-2020-10-12764 L,S12764,OS,2020.0,green,65.0,2793.0,39.0,56.0,139.0,358.0,125.0,44776.0,2791.7,False,False,exact_id,1296,972,79.73,39.03,included,,2000-2800,train
NEB-2020-10-12765 R_SP,NEB-2020-10-12765 R_SP.jpg,NEB-2020-10-12765 R,S12765,OD,2020.0,green,65.0,2941.0,32.0,52.0,108.0,340.0,124.0,42207.0,2937.9,False,False,exact_id,1296,972,57.77,32.01,included,,>2800,test
NEB-2020-10-12766 R_SP,NEB-2020-10-12766 R_SP.jpg,NEB-2020-10-12766 R,S12766,OD,2020.0,green,30.0,2732.0,32.0,66.0,117.0,366.0,111.0,40647.0,2730.8,False,False,exact_id,1296,972,70.71,31.54,included,,2000-2800,train
NEB-2020-10-12767 L_SP,NEB-2020-10-12767 L_SP.jpg,NEB-2020-10-12767 L,S12767,OS,2020.0,green,30.0,2717.0,32.0,69.0,116.0,368.0,120.0,44166.0,2717.0,False,False,exact_id,1296,972,73.0,29.82,included,,2000-2800,train
NEB-2020-10-12770 L_SP,NEB-2020-10-12770 L_SP.jpg,NEB-2020-10-12770 L,S12770,OS,2020.0,green,62.0,3125.0,37.0,55.0,118.0,320.0,104.0,33314.0,3121.8,False,False,exact_id,1296,972,73.77,47.26,included,,>2800,train
NEB-2020-10-12774 R_SP,NEB-2020-10-12774 R_SP.jpg,NEB-2020-10-12774 R,S12774,OD,2020.0,green,45.0,2786.0,36.0,64.0,129.0,359.0,117.0,41958.0,2788.5,False,False,exact_id,1296,972,64.58,32.17,included,,2000-2800,train
NEB-2020-10-12775 L_SP,NEB-2020-10-12775 L_SP.jpg,NEB-2020-10-12775 L,S12775,OS,2020.0,green,45.0,2786.0,30.0,74.0,109.0,359.0,109.0,39136.0,2785.2,False,False,exact_id,1296,972,72.55,41.23,included,,2000-2800,train
NEB-2020-10-12780 R_SP,NEB-2020-10-12780 R_SP.jpg,NEB-2020-10-12780 R,S12780,OD,2020.0,green,61.0,2841.0,39.0,50.0,136.0,352.0,108.0,38015.0,2841.0,False,False,exact_id,1296,972,87.66,28.73,included,,>2800,train
NEB-2020-10-12781 L_SP,NEB-2020-10-12781 L_SP.jpg,NEB-2020-10-12781 L,S12781,OS,2020.0,green,61.0,2519.0,38.0,60.0,152.0,397.0,111.0,44036.0,2520.7,False,False,exact_id,1296,972,72.04,17.41,included,,2000-2800,test
NEB-2020-10-12785 R_SP,NEB-2020-10-12785 R_SP.jpg,NEB-2020-10-12785 R,S12785,OD,2020.0,green,73.0,3236.0,30.0,62.0,93.0,309.0,131.0,40487.0,3235.6,False,False,exact_id,1296,972,106.89,51.95,included,,>2800,train
NEB-2020-10-12786 L_SP,NEB-2020-10-12786 L_SP.jpg,NEB-2020-10-12786 L,S12786,OS,2020.0,green,43.0,2740.0,35.0,59.0,126.0,365.0,106.0,38667.0,2741.4,False,False,exact_id,1296,972,88.47,31.99,included,,2000-2800,val
NEB-2020-10-12787 R_SP,NEB-2020-10-12787 R_SP.jpg,NEB-2020-10-12787 R,S12787,OD,2020.0,green,43.0,2667.0,37.0,70.0,140.0,375.0,110.0,41283.0,2664.5,False,False,exact_id,1296,972,88.25,31.11,included,,2000-2800,train
NEB-2020-10-12789 L_SP,NEB-2020-10-12789 L_SP.jpg,NEB-2020-10-12789 L,S12789,OS,2020.0,green,45.0,3413.0,38.0,51.0,111.0,293.0,114.0,33363.0,3417.0,False,False,exact_id,1296,972,103.94,49.48,included,,>2800,train
NEB-2020-10-12792 R_SP,NEB-2020-10-12792 R_SP.jpg,NEB-2020-10-12792 R,S12792,OD,2020.0,green,67.0,2137.0,36.0,56.0,170.0,468.0,103.0,48231.0,2135.6,False,False,exact_id,1296,972,113.61,35.5,included,,2000-2800,train
NEB-2020-10-12793 L_SP,NEB-2020-10-12793 L_SP.jpg,NEB-2020-10-12793 L,S12793,OS,2020.0,green,67.0,2309.0,39.0,52.0,170.0,433.0,108.0,46808.0,2307.3,False,False,exact_id,1296,972,118.14,46.07,included,,2000-2800,train
NEB-2020-10-12795 L_SP,NEB-2020-10-12795 L_SP.jpg,NEB-2020-10-12795 L,S12795,OS,2020.0,green,63.0,2538.0,37.0,61.0,144.0,394.0,108.0,42600.0,2535.2,False,False,exact_id,1296,972,105.77,37.36,included,,2000-2800,train
NEB-2020-1012729 R_SP,NEB-2020-1012729 R_SP.jpg,NEB-2020-10-12729 R,S12729,OD,2020.0,green,65.0,3247.0,40.0,44.0,123.0,308.0,111.0,34187.0,3246.8,False,True,exact_id,1296,972,88.54,48.45,included,dup_same_tissue,>2800,train
NEB-2020-11-12796 R_SP,NEB-2020-11-12796 R_SP.jpg,NEB-2020-11-12796 R,S12796,OD,2020.0,green,55.0,2915.0,37.0,52.0,127.0,343.0,87.0,29869.0,2912.7,False,False,exact_id,1296,972,107.24,39.92,included,,>2800,test
NEB-2020-11-12798 L_SP,NEB-2020-11-12798 L_SP.jpg,NEB-2020-11-12798 L,S12798,OS,2020.0,green,65.0,2717.0,28.0,68.0,104.0,368.0,107.0,39410.0,2715.0,False,False,exact_id,1296,972,78.09,22.76,included,,2000-2800,train
NEB-2020-11-12799 R_SP,NEB-2020-11-12799 R_SP.jpg,NEB-2020-11-12799 R,S12799,OD,2020.0,green,65.0,3067.0,39.0,57.0,127.0,326.0,117.0,38198.0,3063.0,False,False,exact_id,1296,972,82.42,26.83,included,,>2800,val
NEB-2020-11-12800 L_SP,NEB-2020-11-12800 L_SP.jpg,NEB-2020-11-12800 L,S12800,OS,2020.0,green,68.0,2681.0,38.0,56.0,143.0,373.0,115.0,42843.0,2684.2,False,False,exact_id,1296,972,75.84,36.88,included,,2000-2800,train
NEB-2020-11-12801 R_SP,NEB-2020-11-12801 R_SP.jpg,NEB-2020-11-12801 R,S12801,OD,2020.0,green,68.0,2915.0,41.0,56.0,140.0,343.0,103.0,35298.0,2918.0,False,False,exact_id,1296,972,81.46,36.79,included,,>2800,val
NEB-2020-11-12802 R_SP,NEB-2020-11-12802 R_SP.jpg,NEB-2020-11-12802 R,S12802,OD,2020.0,green,63.0,3676.0,33.0,60.0,91.0,272.0,103.0,28062.0,3670.4,False,False,exact_id,1296,972,99.96,24.19,included,,>2800,train
NEB-2020-11-12803 L_SP,NEB-2020-11-12803 L_SP.jpg,NEB-2020-11-12803 L,S12803,OS,2020.0,green,63.0,3378.0,38.0,58.0,113.0,296.0,103.0,30451.0,3382.5,False,False,exact_id,1296,972,78.03,28.2,included,,>2800,test
NEB-2020-11-12808 L_SP,NEB-2020-11-12808 L_SP.jpg,NEB-2020-11-12808 L,S12808,OS,2020.0,green,70.0,3367.0,38.0,57.0,112.0,297.0,117.0,34733.0,3368.6,False,False,exact_id,1296,972,79.86,36.36,included,,>2800,calibration
NEB-2020-11-12809 R_SP,NEB-2020-11-12809 R_SP.jpg,NEB-2020-11-12809 R,S12809,OD,2020.0,green,69.0,3322.0,39.0,60.0,117.0,301.0,105.0,31553.0,3327.7,False,False,exact_id,1296,972,85.07,35.66,included,,>2800,train
NEB-2020-11-12810 R_SP,NEB-2020-11-12810 R_SP.jpg,NEB-2020-11-12810 R,S12810,OD,2020.0,green,48.0,2959.0,32.0,60.0,109.0,338.0,106.0,35878.0,2954.5,False,False,exact_id,1296,972,99.99,40.81,included,,>2800,train
NEB-2020-11-12811 L_SP,NEB-2020-11-12811 L_SP.jpg,NEB-2020-11-12811 L,S12811,OS,2020.0,green,48.0,2755.0,38.0,68.0,137.0,363.0,116.0,42113.0,2754.5,False,False,exact_id,1296,972,58.36,23.95,included,,2000-2800,train
NEB-2020-11-12812 R_SP,NEB-2020-11-12812 R_SP.jpg,NEB-2020-11-12812 R,S12812,OD,2020.0,green,69.0,3636.0,43.0,55.0,118.0,275.0,109.0,29993.0,3634.2,False,False,exact_id,1296,972,94.6,33.11,included,,>2800,train
NEB-2020-11-12813 L_SP,NEB-2020-11-12813 L_SP.jpg,NEB-2020-11-12813 L,S12813,OS,2020.0,green,69.0,3460.0,42.0,50.0,122.0,289.0,132.0,38156.0,3459.5,False,False,exact_id,1296,972,86.84,41.24,included,,>2800,train
NEB-2020-11-12815 R_SP,NEB-2020-11-12815 R_SP.jpg,NEB-2020-11-12815 R,S12815,OD,2020.0,green,66.0,3165.0,40.0,50.0,125.0,316.0,108.0,34148.0,3162.7,False,False,exact_id,1296,972,99.15,47.12,included,,>2800,test
NEB-2020-11-12820 R_SP,NEB-2020-11-12820 R_SP.jpg,NEB-2020-11-12820 R,S12820,OD,2020.0,green,68.0,3003.0,26.0,72.0,86.0,333.0,131.0,43655.0,3000.8,False,False,exact_id,1296,972,57.8,36.02,included,,>2800,train
NEB-2020-11-12821 L_SP,NEB-2020-11-12821 L_SP.jpg,NEB-2020-11-12821 L,S12821,OS,2020.0,green,68.0,3030.0,26.0,66.0,87.0,330.0,124.0,40883.0,3033.0,False,False,exact_id,1296,972,65.86,43.04,included,,>2800,val
NEB-2020-11-12826 R_SP,NEB-2020-11-12826 R_SP.jpg,NEB-2020-11-12826 R,S12826,OD,2020.0,green,73.0,2058.0,37.0,58.0,182.0,486.0,117.0,56891.0,2056.6,False,False,exact_id,1296,972,60.27,29.89,included,,2000-2800,train
NEB-2020-11-12827 L_SP,NEB-2020-11-12827 L_SP.jpg,NEB-2020-11-12827 L,S12827,OS,2020.0,green,73.0,2033.0,34.0,65.0,169.0,492.0,119.0,58578.0,2031.5,False,False,exact_id,1296,972,61.41,33.61,included,,2000-2800,train
NEB-2020-11-12828 L_SP,NEB-2020-11-12828 L_SP.jpg,NEB-2020-11-12828 L,S12828,OS,2020.0,green,70.0,3096.0,40.0,53.0,128.0,323.0,126.0,40693.0,3096.4,False,False,exact_id,1296,972,67.52,46.68,included,,>2800,val
NEB-2020-11-12829 R_SP,NEB-2020-11-12829 R_SP.jpg,NEB-2020-11-12829 R,S12829,OD,2020.0,green,70.0,3257.0,32.0,51.0,99.0,307.0,111.0,34037.0,3261.2,False,False,exact_id,1296,972,49.73,53.11,included,,>2800,train
NEB-2020-11-12830 L_SP,NEB-2020-11-12830 L_SP.jpg,NEB-2020-11-12830 L,S12830,OS,2020.0,green,70.0,3049.0,30.0,60.0,98.0,328.0,73.0,23924.0,3051.3,False,False,exact_id,1296,972,95.47,52.9,included,,>2800,test
NEB-2020-12- 12848 L_SP,NEB-2020-12- 12848 L_SP.jpg,NEB-2020-12- 12848 L,S12848,OS,2020.0,green,70.0,2786.0,41.0,51.0,148.0,359.0,105.0,37656.0,2788.4,False,False,exact_id,1296,972,61.73,31.41,included,,2000-2800,train
NEB-2020-12-12836 R_SP,NEB-2020-12-12836 R_SP.jpg,NEB-2020-12-12836 R,S12836,OD,2020.0,green,55.0,2545.0,42.0,51.0,167.0,393.0,131.0,51490.0,2544.2,False,False,exact_id,1296,972,68.76,25.54,included,,2000-2800,calibration
NEB-2020-12-12838 L_SP,NEB-2020-12-12838 L_SP.jpg,NEB-2020-12-12838 L,S12838,OS,2020.0,green,54.0,3067.0,33.0,51.0,107.0,326.0,105.0,34202.0,3070.0,False,False,exact_id,1296,972,76.49,27.19,included,,>2800,train
NEB-2020-12-12839 R_SP,NEB-2020-12-12839 R_SP.jpg,NEB-2020-12-12839 R,S12839,OD,2020.0,green,54.0,3205.0,32.0,61.0,99.0,312.0,103.0,32156.0,3203.1,False,False,exact_id,1296,972,75.72,36.43,included,,>2800,train
NEB-2020-12-12840 L_SP,NEB-2020-12-12840 L_SP.jpg,NEB-2020-12-12840 L,S12840,OD,2020.0,green,48.0,3279.0,37.0,55.0,112.0,305.0,103.0,31414.0,3278.8,False,False,exact_id,1296,972,74.59,43.26,included,,>2800,train
NEB-2020-12-12841 R_SP,NEB-2020-12-12841 R_SP.jpg,NEB-2020-12-12841 R,S12841,OD,2020.0,green,48.0,3636.0,37.0,60.0,101.0,275.0,103.0,28343.0,3634.1,False,False,exact_id,1296,972,97.1,50.52,included,,>2800,val
NEB-2020-12-12844 R_SP,NEB-2020-12-12844 R_SP.jpg,NEB-2020-12-12844 R,S12844,OD,2020.0,green,72.0,1842.0,48.0,47.0,262.0,543.0,108.0,58646.0,1841.6,False,False,exact_id,1296,972,74.89,54.2,included,,<2000,train
NEB-2020-12-12845 L_SP,NEB-2020-12-12845 L_SP.jpg,NEB-2020-12-12845 L,S12845,OS,2020.0,green,72.0,2907.0,42.0,53.0,143.0,344.0,102.0,35090.0,2906.8,False,False,exact_id,1296,972,125.43,48.38,included,,>2800,test
NEB-2020-12-12852 L_SP,NEB-2020-12-12852 L_SP.jpg,NEB-2020-12-12852 L,S12852,OS,2020.0,green,61.0,3236.0,39.0,46.0,119.0,309.0,104.0,32146.0,3235.2,False,False,exact_id,1296,972,69.01,42.77,included,,>2800,train
NEB-2020-12-12853 R_SP,NEB-2020-12-12853 R_SP.jpg,NEB-2020-12-12853 R,S12853,OD,2020.0,green,61.0,3021.0,34.0,65.0,113.0,331.0,103.0,34091.0,3021.3,False,False,exact_id,1296,972,71.65,41.61,included,,>2800,train
NEB-2020-12-12857 R_SP,NEB-2020-12-12857 R_SP.jpg,NEB-2020-12-12857 R,S12857,OD,2020.0,green,70.0,3049.0,33.0,74.0,109.0,328.0,107.0,35143.0,3044.7,False,False,exact_id,1296,972,69.87,31.97,included,,>2800,train
NEB-2020-12-12858 R_SP,NEB-2020-12-12858 R_SP.jpg,NEB-2020-12-12858 R,S12858,OD,2020.0,green,60.0,3115.0,41.0,51.0,131.0,321.0,80.0,25690.0,3114.1,False,False,exact_id,1296,972,109.8,44.26,included,,>2800,train
NEB-2020-12-12860 R_SP,NEB-2020-12-12860 R_SP.jpg,NEB-2020-12-12860 R,S12860,OD,2020.0,green,70.0,3460.0,38.0,57.0,110.0,289.0,111.0,32084.0,3459.7,False,False,exact_id,1296,972,101.88,36.13,included,,>2800,train
NEB-2020-12-12861 L_SP,NEB-2020-12-12861 L_SP.jpg,NEB-2020-12-12861 L,S12861,OS,2020.0,green,70.0,3663.0,39.0,49.0,106.0,273.0,101.0,27586.0,3661.3,False,False,exact_id,1296,972,85.71,44.08,included,,>2800,val
NEB-2020-12-12862 R_SP,NEB-2020-12-12862 R_SP.jpg,NEB-2020-12-12862 R,S12862,OD,2020.0,green,64.0,3344.0,38.0,56.0,115.0,299.0,102.0,30462.0,3348.4,False,False,exact_id,1296,972,55.12,32.85,included,,>2800,test
NEB-2020-12-12863 L_SP,NEB-2020-12-12863 L_SP.jpg,NEB-2020-12-12863 L,S12863,OS,2020.0,green,64.0,3597.0,38.0,52.0,105.0,278.0,100.0,27825.0,3593.9,False,False,exact_id,1296,972,84.82,47.32,included,,>2800,train
NEB-2020-12-12864 L_SP,NEB-2020-12-12864 L_SP.jpg,NEB-2020-12-12864 L,S12864,OS,2020.0,green,55.0,3086.0,42.0,58.0,135.0,324.0,100.0,32427.0,3083.8,False,False,exact_id,1296,972,104.3,54.19,included,,>2800,train
NEB-2020-12-12865 R_SP,NEB-2020-12-12865 R_SP.jpg,NEB-2020-12-12865 R,S12865,OD,2020.0,green,55.0,3040.0,42.0,50.0,137.0,329.0,108.0,35567.0,3036.5,False,False,exact_id,1296,972,107.42,45.76,included,,>2800,train
NEB-2020-12-12868 L_SP,NEB-2020-12-12868 L_SP.jpg,NEB-2020-12-12868 L,S12868,OS,2020.0,green,57.0,3300.0,35.0,55.0,106.0,303.0,107.0,32466.0,3295.8,False,False,exact_id,1296,972,112.37,46.97,included,,>2800,train
NEB-2020-12-12869 R_SP,NEB-2020-12-12869 R_SP.jpg,NEB-2020-12-12869 R,S12869,OD,2020.0,green,57.0,3497.0,33.0,63.0,94.0,286.0,135.0,38642.0,3493.6,False,False,exact_id,1296,972,52.13,25.58,included,,>2800,val
NEB-2020-12-12870 L_SP,NEB-2020-12-12870 L_SP.jpg,NEB-2020-12-12870 L,S12870,OS,2020.0,green,26.0,3040.0,36.0,47.0,117.0,329.0,106.0,34853.0,3041.3,False,False,exact_id,1296,972,103.69,52.75,included,,>2800,train
NEB-2020-12-12871 R_SP,NEB-2020-12-12871 R_SP.jpg,NEB-2020-12-12871 R,S12871,OD,2020.0,green,26.0,2959.0,32.0,58.0,108.0,338.0,106.0,35829.0,2958.5,False,False,exact_id,1296,972,60.72,25.75,included,,>2800,test
NEB-2020-12-12872 L_SP,NEB-2020-12-12872 L_SP.jpg,NEB-2020-12-12872 L,S12872,OS,2020.0,green,40.0,3247.0,42.0,52.0,129.0,308.0,73.0,22449.0,3251.8,False,False,exact_id,1296,972,108.33,63.55,included,,>2800,train
NEB-2020-12-12873 R_SP,NEB-2020-12-12873 R_SP.jpg,NEB-2020-12-12873 R,S12873,OD,2020.0,green,40.0,2959.0,45.0,49.0,152.0,338.0,69.0,23347.0,2955.4,False,False,exact_id,1296,972,130.73,63.23,included,,>2800,train
NEB-2020-12-12879 L_SP,NEB-2020-12-12879 L_SP.jpg,NEB-2020-12-12879 L,S12879,OS,2020.0,green,24.0,3106.0,27.0,68.0,88.0,322.0,105.0,33829.0,3103.8,False,False,exact_id,1296,972,129.84,62.58,included,,>2800,train
NEB-2020-12-12882 L_SP,NEB-2020-12-12882 L_SP.jpg,NEB-2020-12-12882 L,S12882,OS,2020.0,green,67.0,3058.0,31.0,63.0,103.0,327.0,105.0,34329.0,3058.6,False,False,exact_id,1296,972,97.69,33.03,included,,>2800,train
NEB-2020-12-12883 R_SP,NEB-2020-12-12883 R_SP.jpg,NEB-2020-12-12883 R,S12883,OD,2020.0,green,67.0,2703.0,45.0,48.0,166.0,370.0,110.0,40682.0,2703.9,False,False,exact_id,1296,972,51.87,31.56,included,,2000-2800,train
NEB-2020-12-12884 R_SP,NEB-2020-12-12884 R_SP.jpg,NEB-2020-12-12884 R,S12884,OD,2020.0,green,59.0,2268.0,36.0,68.0,159.0,441.0,72.0,31772.0,2266.1,False,False,exact_id,1296,972,83.85,64.2,included,,2000-2800,train
NEB-2020-12-12886 R_SP,NEB-2020-12-12886 R_SP.jpg,NEB-2020-12-12886 R,S12886,OD,2020.0,green,42.0,3003.0,34.0,58.0,112.0,333.0,134.0,44615.0,3003.5,False,False,exact_id,1296,972,67.56,41.44,included,,>2800,calibration
NEB-2020-12-12888 L_SP,NEB-2020-12-12888 L_SP.jpg,NEB-2020-12-12888 L,S12888,OS,2020.0,green,49.0,3086.0,37.0,65.0,120.0,324.0,115.0,37271.0,3085.5,False,False,exact_id,1296,972,66.83,30.58,included,,>2800,test
NEB-2020-12-12889 R_SP,NEB-2020-12-12889 R_SP.jpg,NEB-2020-12-12889 R,S12889,OD,2020.0,green,49.0,3049.0,36.0,64.0,118.0,328.0,131.0,43011.0,3045.7,False,False,exact_id,1296,972,89.32,41.42,included,,>2800,val
NEB-2020-12-12890 L_SP,NEB-2020-12-12890 L_SP.jpg,NEB-2020-12-12890 L,S12890,OS,2020.0,green,53.0,2646.0,32.0,59.0,120.0,378.0,104.0,39332.0,2644.2,False,False,exact_id,1296,972,89.6,32.08,included,,2000-2800,train
NEB-2020-12-12895 L_SP,NEB-2020-12-12895 L_SP.jpg,NEB-2020-12-12895 L,S12895,OS,2020.0,green,69.0,3145.0,38.0,56.0,121.0,318.0,130.0,41320.0,3146.2,False,False,exact_id,1296,972,85.89,34.9,included,,>2800,train
NEB-2020-12-12896 R_SP,NEB-2020-12-12896 R_SP.jpg,NEB-2020-12-12896 R,S12896,OD,2020.0,green,49.0,3175.0,39.0,55.0,124.0,315.0,109.0,34375.0,3170.9,False,False,exact_id,1296,972,69.55,37.88,included,,>2800,test
NEB-2020-12-12897 L_SP,NEB-2020-12-12897 L_SP.jpg,NEB-2020-12-12897 L,S12897,OS,2020.0,green,49.0,3175.0,39.0,46.0,122.0,315.0,120.0,37776.0,3176.6,False,False,exact_id,1296,972,64.36,37.36,included,,>2800,val
NEB-2020-12-12899 L_SP,NEB-2020-12-12899 L_SP.jpg,NEB-2020-12-12899 L,S12899,OS,2021.0,green,24.0,3922.0,35.0,44.0,90.0,255.0,106.0,27074.0,3915.2,False,False,exact_id,1296,972,74.42,35.12,included,,>2800,train
NEB-2020-12891 R_SP,NEB-2020-12891 R_SP.jpg,NEB-2020-12891 R,S12891,OD,2020.0,green,53.0,2618.0,37.0,53.0,140.0,382.0,109.0,41628.0,2618.4,False,False,exact_id,1296,972,112.04,47.14,included,,2000-2800,train
NEB-2020-6-12361 R_SP,NEB-2020-6-12361 R_SP.jpg,NEB-2020-6-12361 R,S12361,OD,2020.0,green,57.0,3125.0,41.0,61.0,131.0,320.0,101.0,32352.0,3121.9,False,False,exact_id,1296,972,80.18,31.66,included,,>2800,train
NEB-202012-12898 R_SP,NEB-202012-12898 R_SP.jpg,NEB-202012-12898 R,S12898,OD,2021.0,green,24.0,4049.0,30.0,61.0,74.0,247.0,108.0,26648.0,4052.8,False,False,exact_id,1296,972,73.76,41.04,included,,>2800,train
NEB-2020=-07-12485 R_SP,NEB-2020=-07-12485 R_SP.jpg,NEB-2020=-07-12485 R,S12485,OD,2020.0,green,69.0,2538.0,39.0,55.0,155.0,394.0,111.0,43747.0,2537.3,False,False,exact_id,1296,972,76.8,36.54,included,,2000-2800,train
NEB-2021-01-12904 R_SP,NEB-2021-01-12904 R_SP.jpg,NEB-2021-01-12904 R,S12904,OD,2021.0,green,65.0,3077.0,34.0,59.0,109.0,325.0,110.0,35780.0,3074.3,False,False,exact_id,1296,972,61.25,43.09,included,,>2800,train
NEB-2021-01-12905 L_SP,NEB-2021-01-12905 L_SP.jpg,NEB-2021-01-12905 L,S12905,OS,2021.0,green,65.0,3058.0,35.0,55.0,114.0,327.0,131.0,42894.0,3054.0,False,False,exact_id,1296,972,64.49,47.17,included,,>2800,val
NEB-2021-01-12910 R_SP,NEB-2021-01-12910 R_SP.jpg,NEB-2021-01-12910 R,S12910,OD,2021.0,green,68.0,2985.0,36.0,54.0,119.0,335.0,105.0,35155.0,2986.8,False,False,exact_id,1296,972,59.21,33.03,included,,>2800,train
NEB-2021-01-12911 L_SP,NEB-2021-01-12911 L_SP.jpg,NEB-2021-01-12911 L,S12911,OS,2021.0,green,68.0,2551.0,43.0,55.0,168.0,392.0,110.0,43101.0,2552.1,False,False,exact_id,1296,972,57.81,36.9,included,,2000-2800,train
NEB-2021-01-12914 L_SP,NEB-2021-01-12914 L_SP.jpg,NEB-2021-01-12914 L,S12914,OS,2021.0,green,53.0,2646.0,37.0,53.0,139.0,378.0,104.0,39337.0,2643.8,False,False,exact_id,1296,972,90.68,48.03,included,,2000-2800,test
NEB-2021-01-12915 R_SP,NEB-2021-01-12915 R_SP.jpg,NEB-2021-01-12915 R,S12915,OD,2021.0,green,53.0,2577.0,38.0,55.0,147.0,388.0,103.0,40006.0,2574.6,False,False,exact_id,1296,972,145.29,33.85,included,,2000-2800,train
NEB-2021-01-12920 L_SP,NEB-2021-01-12920 L_SP.jpg,NEB-2021-01-12920 L,S12920,OS,2021.0,green,41.0,3356.0,34.0,55.0,101.0,298.0,120.0,35781.0,3353.7,False,False,exact_id,1296,972,92.3,27.58,included,,>2800,train
NEB-2021-01-12921 R_SP,NEB-2021-01-12921 R_SP.jpg,NEB-2021-01-12921 R,S12921,OD,2021.0,green,41.0,2907.0,36.0,50.0,125.0,344.0,114.0,39237.0,2905.4,False,False,exact_id,1296,972,113.09,26.03,included,,>2800,train
NEB-2021-01-12923 R_SP,NEB-2021-01-12923 R_SP.jpg,NEB-2021-01-12923 R,S12923,OD,2021.0,green,47.0,2618.0,40.0,63.0,152.0,382.0,104.0,39712.0,2618.9,False,False,exact_id,1296,972,75.18,43.32,included,,2000-2800,train
NEB-2021-01-12927 L_SP,NEB-2021-01-12927 L_SP.jpg,NEB-2021-01-12927 L,S12927,OS,2021.0,green,28.0,3205.0,37.0,48.0,114.0,312.0,110.0,34268.0,3210.0,False,False,exact_id,1296,972,85.48,29.39,included,,>2800,test
NEB-2021-01-12928 R_SP,NEB-2021-01-12928 R_SP.jpg,NEB-2021-01-12928 R,S12928,OD,2021.0,green,65.0,3049.0,33.0,60.0,107.0,328.0,113.0,37042.0,3050.6,False,False,exact_id,1296,972,58.72,30.16,included,,>2800,train
NEB-2021-01-12929 L_SP,NEB-2021-01-12929 L_SP.jpg,NEB-2021-01-12929 L,S12929,OS,2021.0,green,65.0,2976.0,34.0,60.0,113.0,336.0,121.0,40679.0,2974.5,False,False,exact_id,1296,972,42.43,40.38,included,,>2800,train
NEB-2021-01-12932 L_SP,NEB-2021-01-12932 L_SP.jpg,NEB-2021-01-12932 L,S12932,OD,2021.0,green,68.0,2915.0,31.0,65.0,107.0,343.0,103.0,35300.0,2917.8,False,False,exact_id,1296,972,108.0,30.32,included,,>2800,train
NEB-2021-01-12933 R_SP,NEB-2021-01-12933 R_SP.jpg,NEB-2021-01-12933 R,S12933,OD,2021.0,green,68.0,3030.0,35.0,58.0,115.0,330.0,110.0,36264.0,3033.3,False,False,exact_id,1296,972,53.12,47.47,included,,>2800,train
NEB-2021-01-12934 R_SP,NEB-2021-01-12934 R_SP.jpg,NEB-2021-01-12934 R,S12934,OD,2021.0,green,69.0,2611.0,34.0,58.0,129.0,383.0,117.0,44787.0,2612.4,False,False,exact_id,1296,972,68.14,42.62,included,,2000-2800,val
NEB-2021-01-12936 R_SP,NEB-2021-01-12936 R_SP.jpg,NEB-2021-01-12936 R,S12936,OD,2021.0,green,72.0,2618.0,34.0,65.0,129.0,382.0,104.0,39761.0,2615.6,False,False,exact_id,1296,972,77.58,44.81,included,,2000-2800,test
NEB-2021-01-12937 L_SP,NEB-2021-01-12937 L_SP.jpg,NEB-2021-01-12937 L,S12937,OS,2021.0,green,72.0,2825.0,35.0,64.0,125.0,354.0,101.0,35776.0,2823.1,False,False,exact_id,1296,972,104.1,42.94,included,,>2800,train
NEB-2021-01-12938 L_SP,NEB-2021-01-12938 L_SP.jpg,NEB-2021-01-12938 L,S12938,OS,2021.0,green,70.0,1364.0,40.0,48.0,296.0,733.0,104.0,76196.0,1364.9,False,False,exact_id,1296,972,69.52,29.13,included,,<2000,train
NEB-2021-01-12939 R_SP,NEB-2021-01-12939 R_SP.jpg,NEB-2021-01-12939 R,S12939,OD,2021.0,green,70.0,1499.0,29.0,61.0,194.0,667.0,107.0,71333.0,1500.0,False,False,exact_id,1296,972,67.23,35.5,included,,<2000,train
NEB-2021-01-12940 L_SP,NEB-2021-01-12940 L_SP.jpg,NEB-2021-01-12940 L,S12940,OS,2021.0,green,71.0,2481.0,31.0,58.0,123.0,403.0,120.0,48324.0,2483.2,False,False,exact_id,1296,972,60.89,41.67,included,,2000-2800,train
NEB-2021-01-12941 R_SP,NEB-2021-01-12941 R_SP.jpg,NEB-2021-01-12941 R,S12941,OD,2021.0,green,71.0,2469.0,33.0,63.0,135.0,405.0,123.0,49786.0,2470.6,False,False,exact_id,1296,972,65.34,31.01,included,,2000-2800,train
NEB-2021-01-12942 L_SP,NEB-2021-01-12942 L_SP.jpg,NEB-2021-01-12942 L,S12942,OS,2021.0,green,49.0,2755.0,36.0,71.0,129.0,363.0,107.0,38827.0,2755.8,False,False,exact_id,1296,972,72.94,44.08,included,,2000-2800,train
NEB-2021-01-12943 R_SP,NEB-2021-01-12943 R_SP.jpg,NEB-2021-01-12943 R,S12943,OD,2021.0,green,49.0,2381.0,32.0,68.0,134.0,420.0,101.0,42429.0,2380.4,False,False,exact_id,1296,972,109.13,48.02,included,,2000-2800,train
NEB-2021-01-12945 R_SP,NEB-2021-01-12945 R_SP.jpg,NEB-2021-01-12945 R,S12945,OD,2021.0,green,56.0,2809.0,43.0,53.0,154.0,356.0,103.0,36704.0,2806.2,False,False,exact_id,1296,972,120.25,49.04,included,,>2800,train
NEB-2021-01-12951 L_SP,NEB-2021-01-12951 L_SP.jpg,NEB-2021-01-12951 L,S12951,OS,2021.0,green,62.0,3086.0,38.0,51.0,123.0,324.0,106.0,34318.0,3088.8,False,False,exact_id,1296,972,68.12,31.67,included,,>2800,test
NEB-2021-01-12952 R_SP,NEB-2021-01-12952 R_SP.jpg,NEB-2021-01-12952 R,S12952,OD,2021.0,green,67.0,2353.0,35.0,54.0,149.0,425.0,125.0,53081.0,2354.9,False,False,exact_id,1296,972,87.33,30.58,included,,2000-2800,train
NEB-2021-01-12953 L_SP,NEB-2021-01-12953 L_SP.jpg,NEB-2021-01-12953 L,S12953,OS,2021.0,green,67.0,2833.0,43.0,49.0,152.0,353.0,122.0,43052.0,2833.8,False,False,exact_id,1296,972,64.56,41.23,included,,>2800,train
NEB-2021-01-12954 L_SP,NEB-2021-01-12954 L_SP.jpg,NEB-2021-01-12954 L,S12954,OS,2021.0,green,58.0,3257.0,41.0,47.0,126.0,307.0,105.0,32226.0,3258.2,False,False,exact_id,1296,972,62.26,35.27,included,,>2800,train
NEB-2021-01-12955 R_SP,NEB-2021-01-12955 R_SP.jpg,NEB-2021-01-12955 R,S12955,OD,2021.0,green,58.0,3040.0,40.0,48.0,130.0,329.0,110.0,36170.0,3041.2,False,False,exact_id,1296,972,75.75,32.62,included,,>2800,train
NEB-2021-01-12957 R_SP,NEB-2021-01-12957 R_SP.jpg,NEB-2021-01-12957 R,S12957,OD,2021.0,green,61.0,3448.0,41.0,55.0,118.0,290.0,105.0,30401.0,3453.8,False,False,exact_id,1296,972,70.46,40.8,included,,>2800,test
NEB-2021-01-13649 L_SP,NEB-2021-01-13649 L_SP.jpg,NEB-2021-01-13649 L,S13649,OS,2022.0,green,68.0,2283.0,34.0,56.0,150.0,438.0,102.0,44681.0,2282.8,False,False,exact_id,1296,972,82.24,59.8,included,,2000-2800,test
NEB-2021-01-13655 L_SP,NEB-2021-01-13655 L_SP.jpg,NEB-2021-01-13655 L,S13655,OS,2022.0,green,63.0,2137.0,36.0,51.0,170.0,468.0,110.0,51450.0,2138.0,False,False,exact_id,1296,972,93.1,42.65,included,,2000-2800,train
NEB-2021-02-12966 R_SP,NEB-2021-02-12966 R_SP.jpg,NEB-2021-02-12966 R,S12966,OD,2021.0,green,73.0,2545.0,38.0,56.0,150.0,393.0,103.0,40441.0,2546.9,False,False,exact_id,1296,972,62.56,45.95,included,,2000-2800,train
NEB-2021-02-12967 L_SP,NEB-2021-02-12967 L_SP.jpg,NEB-2021-02-12967 L,S12967,OS,2021.0,green,73.0,2558.0,38.0,47.0,148.0,391.0,112.0,43767.0,2559.0,False,False,exact_id,1296,972,68.6,34.19,included,,2000-2800,val
NEB-2021-02-12968 R_SP,NEB-2021-02-12968 R_SP.jpg,NEB-2021-02-12968 R,S12968,OD,2021.0,green,64.0,2584.0,38.0,50.0,146.0,387.0,111.0,43009.0,2580.9,False,False,exact_id,1296,972,88.35,34.26,included,,2000-2800,calibration
NEB-2021-02-12969 L_SP,NEB-2021-02-12969 L_SP.jpg,NEB-2021-02-12969 L,S12969,OS,2021.0,green,64.0,2433.0,43.0,53.0,177.0,411.0,101.0,41493.0,2434.1,False,False,exact_id,1296,972,72.63,45.76,included,,2000-2800,train
NEB-2021-02-12972 R_SP,NEB-2021-02-12972 R_SP.jpg,NEB-2021-02-12972 R,S12972,OD,2021.0,green,62.0,2513.0,33.0,69.0,131.0,398.0,116.0,46183.0,2511.7,False,False,exact_id,1296,972,88.61,43.79,included,,2000-2800,train
NEB-2021-02-12973 L_SP,NEB-2021-02-12973 L_SP.jpg,NEB-2021-02-12973 L,S12973,OS,2021.0,green,62.0,2874.0,33.0,55.0,114.0,348.0,109.0,37884.0,2877.2,False,False,exact_id,1296,972,93.54,45.08,included,,>2800,val
NEB-2021-02-12976 L_SP,NEB-2021-02-12976 L_SP.jpg,NEB-2021-02-12976 L,S12976,OS,2021.0,green,58.0,2747.0,35.0,56.0,126.0,364.0,114.0,41444.0,2750.7,False,False,exact_id,1296,972,54.82,40.1,included,,2000-2800,test
NEB-2021-02-12977 R_SP,NEB-2021-02-12977 R_SP.jpg,NEB-2021-02-12977 R,S12977,OD,2021.0,green,58.0,2933.0,35.0,65.0,118.0,341.0,113.0,38525.0,2933.2,False,False,exact_id,1296,972,75.34,30.51,included,,>2800,train
NEB-2021-02-12979 L_SP,NEB-2021-02-12979 L_SP.jpg,NEB-2021-02-12979 L,S12979,OS,2021.0,green,58.0,2841.0,31.0,60.0,109.0,352.0,74.0,26029.0,2843.0,False,False,exact_id,1296,972,122.54,58.92,included,,>2800,train
NEB-2021-02-12980 L_SP,NEB-2021-02-12980 L_SP.jpg,NEB-2021-02-12980 L,S12980,OS,2021.0,green,67.0,2950.0,39.0,44.0,132.0,339.0,78.0,26422.0,2952.1,False,False,exact_id,1296,972,64.95,31.15,included,,>2800,train
NEB-2021-02-12982 R_SP,NEB-2021-02-12982 R_SP.jpg,NEB-2021-02-12982 R,S12982,OD,2021.0,green,53.0,2890.0,31.0,65.0,106.0,346.0,113.0,39083.0,2891.3,False,False,exact_id,1296,972,64.85,46.24,included,,>2800,train
NEB-2021-02-12983 L_SP,NEB-2021-02-12983 L_SP.jpg,NEB-2021-02-12983 L,S12983,OS,2021.0,green,53.0,2747.0,33.0,63.0,119.0,364.0,111.0,40454.0,2743.9,False,False,exact_id,1296,972,69.65,41.46,included,,2000-2800,train
NEB-2021-02-12988 L_SP,NEB-2021-02-12988 L_SP.jpg,NEB-2021-02-12988 L,S12988,OS,2021.0,green,37.0,3185.0,38.0,54.0,118.0,314.0,139.0,43610.0,3187.3,False,False,exact_id,1296,972,87.79,41.8,included,,>2800,val
NEB-2021-02-12989 R_SP,NEB-2021-02-12989 R_SP.jpg,NEB-2021-02-12989 R,S12989,OD,2021.0,green,37.0,2941.0,34.0,56.0,116.0,340.0,122.0,41460.0,2942.6,False,False,exact_id,1296,972,78.69,25.58,included,,>2800,test
NEB-2021-02-12990 L_SP,NEB-2021-02-12990 L_SP.jpg,NEB-2021-02-12990 L,S12990,OS,2021.0,green,25.0,3145.0,34.0,53.0,107.0,318.0,104.0,33111.0,3141.0,False,False,exact_id,1296,972,95.53,32.7,included,,>2800,train
NEB-2021-02-12991 R_SP,NEB-2021-02-12991 R_SP.jpg,NEB-2021-02-12991 R,S12991,OD,2021.0,green,25.0,3215.0,32.0,65.0,98.0,311.0,104.0,32318.0,3218.0,False,False,exact_id,1296,972,87.51,44.61,included,,>2800,train
NEB-2021-02-12992 R_SP,NEB-2021-02-12992 R_SP.jpg,NEB-2021-02-12992 R,S12992,OD,2021.0,green,62.0,2681.0,39.0,52.0,145.0,373.0,105.0,39130.0,2683.4,False,False,exact_id,1296,972,76.73,25.93,included,,2000-2800,val
NEB-2021-02-12993 L_SP,NEB-2021-02-12993 L_SP.jpg,NEB-2021-02-12993 L,S12993,OS,2021.0,green,62.0,2591.0,42.0,56.0,163.0,386.0,123.0,47475.0,2590.8,False,False,exact_id,1296,972,65.5,29.78,included,,2000-2800,train
NEB-2021-02-12995 R_SP,NEB-2021-02-12995 R_SP.jpg,NEB-2021-02-12995 R,S12995,OD,2021.0,green,69.0,2525.0,35.0,57.0,137.0,396.0,113.0,44768.0,2524.1,False,False,exact_id,1296,972,68.59,48.28,included,,2000-2800,train
NEB-2021-02-13002 L _SP,NEB-2021-02-13002 L _SP.jpg,NEB-2021-02-13002 L,S13002,OS,2021.0,green,60.0,2907.0,29.0,55.0,99.0,344.0,102.0,35068.0,2908.6,False,False,exact_id,1296,972,57.46,38.58,included,,>2800,train
NEB-2021-02-13003 R_SP,NEB-2021-02-13003 R_SP.jpg,NEB-2021-02-13003 R,S13003,OD,2021.0,green,60.0,2778.0,38.0,59.0,136.0,360.0,104.0,37405.0,2780.4,False,False,exact_id,1296,972,63.21,33.23,included,,2000-2800,calibration
NEB-2021-02-13004 R_SP,NEB-2021-02-13004 R_SP.jpg,NEB-2021-02-13004 R,S13004,OD,2021.0,green,54.0,3135.0,29.0,66.0,94.0,319.0,119.0,37906.0,3139.3,False,False,exact_id,1296,972,77.81,28.69,included,,>2800,test
NEB-2021-02-13005 L_SP,NEB-2021-02-13005 L_SP.jpg,NEB-2021-02-13005 L,S13005,OS,2021.0,green,54.0,3300.0,35.0,62.0,106.0,303.0,113.0,34221.0,3302.1,False,False,exact_id,1296,972,43.98,40.29,included,,>2800,train
NEB-2021-02-13008L_SP,NEB-2021-02-13008L_SP.jpg,NEB-2021-02-13008L,S13008,OS,2021.0,green,59.0,3115.0,33.0,65.0,105.0,321.0,103.0,33040.0,3117.4,False,False,exact_id,1296,972,65.97,33.98,included,,>2800,train
NEB-2021-02-13011 R_SP,NEB-2021-02-13011 R_SP.jpg,NEB-2021-02-13011 R,S13011,OD,2021.0,green,59.0,2882.0,36.0,59.0,124.0,347.0,104.0,36110.0,2880.1,False,False,exact_id,1296,972,91.07,40.25,included,,>2800,train
NEB-2021-02-13017 R_SP,NEB-2021-02-13017 R_SP.jpg,NEB-2021-02-13017 R,S13017,OD,2021.0,green,68.0,2611.0,32.0,60.0,124.0,383.0,118.0,45232.0,2608.8,False,False,exact_id,1296,972,55.02,41.96,included,,2000-2800,val
NEB-2021-02-130_SP,NEB-2021-02-130_SP.jpg,,,,,,,,,,,,,,,False,False,,1296,972,74.47,46.82,excluded:no_ground_truth,,,
NEB-2021-02-_SP,NEB-2021-02-_SP.jpg,NEB-2021-02-,ID-NEB202102,OD,2021.0,green,59.0,2817.0,41.0,55.0,146.0,355.0,102.0,36192.0,2818.3,True,False,exact_id,1296,972,89.47,30.28,review:needs_review,,>2800,
NEB-2021-03-013029 L_SP,NEB-2021-03-013029 L_SP.jpg,NEB-2021-03-013029 L,ID-NEB202103013029,OS,2021.0,green,50.0,3378.0,37.0,56.0,110.0,296.0,116.0,34282.0,3383.7,False,False,exact_id,1296,972,95.63,48.49,included,,>2800,train
NEB-2021-03-13023 L_SP,NEB-2021-03-13023 L_SP.jpg,NEB-2021-03-13023 L,S13023,OS,2021.0,green,56.0,2985.0,35.0,63.0,118.0,335.0,138.0,46259.0,2983.2,False,False,exact_id,1296,972,99.17,31.9,included,,>2800,train
NEB-2021-03-13025 R_SP,NEB-2021-03-13025 R_SP.jpg,NEB-2021-03-13025 R,S13025,OD,2021.0,green,76.0,3021.0,32.0,52.0,107.0,331.0,122.0,40373.0,3021.8,False,False,exact_id,1296,972,90.44,38.72,included,,>2800,test
NEB-2021-03-13026 L_SP,NEB-2021-03-13026 L_SP.jpg,NEB-2021-03-13026 L,S13026,OS,2021.0,green,63.0,2770.0,34.0,50.0,124.0,361.0,106.0,38289.0,2768.4,False,False,exact_id,1296,972,78.67,42.5,included,,2000-2800,train
NEB-2021-03-13027 R_SP,NEB-2021-03-13027 R_SP.jpg,NEB-2021-03-13027 R,S13027,OD,2021.0,green,63.0,2681.0,35.0,53.0,132.0,373.0,103.0,38393.0,2682.8,False,False,exact_id,1296,972,67.83,39.44,included,,2000-2800,train
NEB-2021-03-13028 R_SP,NEB-2021-03-13028 R_SP.jpg,NEB-2021-03-13028 R,S13028,OD,2021.0,green,50.0,3322.0,37.0,55.0,112.0,301.0,114.0,34344.0,3319.4,False,False,exact_id,1296,972,71.02,43.52,included,,>2800,train
NEB-2021-03-13032 L_SP,NEB-2021-03-13032 L_SP.jpg,NEB-2021-03-13032 L,S13032,OS,2021.0,green,58.0,2506.0,36.0,60.0,143.0,399.0,114.0,45458.0,2507.8,False,False,exact_id,1296,972,80.52,31.48,included,,2000-2800,val
NEB-2021-03-13033 R_SP,NEB-2021-03-13033 R_SP.jpg,NEB-2021-03-13033 R,S13033,OD,2021.0,green,58.0,2309.0,30.0,62.0,132.0,433.0,120.0,51996.0,2307.9,False,False,exact_id,1296,972,71.98,35.22,included,,2000-2800,train
NEB-2021-03-13034 L_SP,NEB-2021-03-13034 L_SP.jpg,NEB-2021-03-13034 L,S13034,OS,2021.0,green,65.0,3205.0,33.0,61.0,102.0,312.0,118.0,36815.0,3205.2,False,False,exact_id,1296,972,75.56,37.94,included,,>2800,test
NEB-2021-03-13035 R_SP,NEB-2021-03-13035 R_SP.jpg,NEB-2021-03-13035 R,S13035,OD,2021.0,green,65.0,2976.0,35.0,57.0,118.0,336.0,137.0,46037.0,2975.9,False,False,exact_id,1296,972,85.89,38.81,included,,>2800,train
NEB-2021-03-13037 R_SP,NEB-2021-03-13037 R_SP.jpg,NEB-2021-03-13037 R,S13037,OD,2021.0,green,70.0,2857.0,38.0,50.0,132.0,350.0,106.0,37116.0,2855.9,False,False,exact_id,1296,972,82.1,34.71,included,,>2800,train
NEB-2021-03-13038 R_SP,NEB-2021-03-13038 R_SP.jpg,NEB-2021-03-13038 R,S13038,OD,2021.0,green,56.0,2463.0,39.0,52.0,157.0,406.0,109.0,44302.0,2460.4,False,False,exact_id,1296,972,73.29,40.74,included,,2000-2800,train
NEB-2021-03-13039 L_SP,NEB-2021-03-13039 L_SP.jpg,NEB-2021-03-13039 L,S13039,OS,2021.0,green,56.0,2370.0,41.0,61.0,171.0,422.0,106.0,44703.0,2371.2,False,False,exact_id,1296,972,56.26,37.85,included,,2000-2800,val
NEB-2021-03-13040 L_SP,NEB-2021-03-13040 L_SP.jpg,NEB-2021-03-13040 L,S13040,OS,2021.0,green,67.0,2770.0,31.0,58.0,113.0,361.0,108.0,38948.0,2772.9,False,False,exact_id,1296,972,67.64,30.49,included,,2000-2800,train
NEB-2021-03-13041 R_SP,NEB-2021-03-13041 R_SP.jpg,NEB-2021-03-13041 R,S13041,OD,2021.0,green,67.0,2865.0,32.0,51.0,110.0,349.0,113.0,39480.0,2862.2,False,False,exact_id,1296,972,59.63,45.12,included,,>2800,train
NEB-2021-03-13044 L_SP,NEB-2021-03-13044 L_SP.jpg,NEB-2021-03-13044 L,S13044,OS,2021.0,green,58.0,3279.0,35.0,61.0,106.0,305.0,113.0,34414.0,3283.5,False,False,exact_id,1296,972,74.63,23.45,included,,>2800,train
NEB-2021-03-13045 R_SP,NEB-2021-03-13045 R_SP.jpg,NEB-2021-03-13045 R,S13045,OD,2021.0,green,58.0,3165.0,37.0,50.0,117.0,316.0,114.0,36031.0,3163.9,False,False,exact_id,1296,972,70.85,20.46,included,,>2800,test
NEB-2021-03-13047 L_SP,NEB-2021-03-13047 L_SP.jpg,NEB-2021-03-13047 L,S13047,OS,2021.0,green,65.0,2882.0,37.0,65.0,128.0,347.0,72.0,24957.0,2885.0,False,False,exact_id,1296,972,112.6,49.19,included,,>2800,train
NEB-2021-03-13049 R_SP,NEB-2021-03-13049 R_SP.jpg,NEB-2021-03-13049 R,S13049,OD,2021.0,green,68.0,2375.0,38.0,52.0,160.0,421.0,108.0,45425.0,2377.5,False,False,exact_id,1296,972,85.22,56.04,included,,2000-2800,train
NEB-2021-03-13050 L_SP,NEB-2021-03-13050 L_SP.jpg,NEB-2021-03-13050 L,S13050,OS,2021.0,green,70.0,3145.0,42.0,51.0,134.0,318.0,119.0,37810.0,3147.3,False,False,exact_id,1296,972,69.25,47.3,included,,>2800,train
NEB-2021-03-13051 R_SP,NEB-2021-03-13051 R_SP.jpg,NEB-2021-03-13051 R,S13051,OD,2021.0,green,70.0,3390.0,43.0,43.0,127.0,295.0,104.0,30699.0,3387.7,False,False,exact_id,1296,972,68.69,47.36,included,,>2800,val
NEB-2021-03-13052 R_SP,NEB-2021-03-13052 R_SP.jpg,NEB-2021-03-13052 R,S13052,OD,2021.0,green,47.0,3175.0,32.0,62.0,102.0,315.0,103.0,32464.0,3172.7,False,False,exact_id,1296,972,67.55,44.64,included,,>2800,train
NEB-2021-03-13053 L_SP,NEB-2021-03-13053 L_SP.jpg,NEB-2021-03-13053 L,S13053,OS,2021.0,green,47.0,3145.0,36.0,53.0,115.0,318.0,105.0,33421.0,3141.7,False,False,exact_id,1296,972,76.06,34.6,included,,>2800,test
NEB-2021-03-13054 R_SP,NEB-2021-03-13054 R_SP.jpg,NEB-2021-03-13054 R,S13054,OD,2021.0,green,42.0,3077.0,31.0,61.0,101.0,325.0,121.0,39351.0,3074.9,False,False,exact_id,1296,972,84.05,33.18,included,,>2800,train
NEB-2021-03-13055 L_SP,NEB-2021-03-13055 L_SP.jpg,NEB-2021-03-13055 L,S13055,OS,2021.0,green,42.0,3145.0,31.0,60.0,98.0,318.0,123.0,39166.0,3140.5,False,False,exact_id,1296,972,74.31,31.85,included,,>2800,train
NEB-2021-03-13056 L_SP,NEB-2021-03-13056 L_SP.jpg,NEB-2021-03-13056 L,S13056,OS,2021.0,green,67.0,2825.0,40.0,58.0,141.0,354.0,107.0,37875.0,2825.1,False,False,exact_id,1296,972,72.16,26.15,included,,>2800,train
NEB-2021-03-13057 R_SP,NEB-2021-03-13057 R_SP.jpg,NEB-2021-03-13057 R,S13057,OD,2021.0,green,67.0,2941.0,44.0,51.0,149.0,340.0,109.0,37051.0,2941.9,False,False,exact_id,1296,972,65.61,29.88,included,,>2800,train
NEB-2021-03-13058 L_SP,NEB-2021-03-13058 L_SP.jpg,NEB-2021-03-13058 L,S13058,OS,2021.0,green,58.0,3021.0,40.0,52.0,133.0,331.0,125.0,41402.0,3019.2,False,False,exact_id,1296,972,60.8,39.97,included,,>2800,train
NEB-2021-03-13059 R_SP,NEB-2021-03-13059 R_SP.jpg,NEB-2021-03-13059 R,S13059,OD,2021.0,green,58.0,3125.0,37.0,58.0,119.0,320.0,113.0,36114.0,3129.0,False,False,exact_id,1296,972,60.4,33.95,included,,>2800,val
NEB-2021-03-13062 R_SP,NEB-2021-03-13062 R_SP.jpg,NEB-2021-03-13062 R,S13062,OD,2021.0,green,55.0,2890.0,38.0,55.0,131.0,346.0,122.0,42204.0,2890.7,False,False,exact_id,1296,972,63.31,48.18,included,,>2800,train
NEB-2021-03-13063 L_SP,NEB-2021-03-13063 L_SP.jpg,NEB-2021-03-13063 L,S13063,OS,2021.0,green,55.0,2618.0,36.0,52.0,137.0,382.0,122.0,46545.0,2621.1,False,False,exact_id,1296,972,85.75,30.94,included,,2000-2800,test
NEB-2021-03-13067 R_SP,NEB-2021-03-13067 R_SP.jpg,NEB-2021-03-13067 R,S13067,OD,2021.0,green,69.0,2188.0,35.0,61.0,162.0,457.0,133.0,60743.0,2189.6,False,False,exact_id,1296,972,104.53,46.11,included,,2000-2800,train
NEB-2021-03-13068 R_SP,NEB-2021-03-13068 R_SP.jpg,NEB-2021-03-13068 R,S13068,OD,2021.0,green,54.0,3344.0,34.0,62.0,103.0,299.0,103.0,30825.0,3341.4,False,False,exact_id,1296,972,75.89,44.47,included,,>2800,train
NEB-2021-03-13073 L_SP,NEB-2021-03-13073 L_SP.jpg,NEB-2021-03-13073 L,S13073,OS,2021.0,green,70.0,3247.0,35.0,57.0,108.0,308.0,115.0,35434.0,3245.5,False,False,exact_id,1296,972,51.46,38.98,included,,>2800,train
NEB-2021-03-13074 R_SP,NEB-2021-03-13074 R_SP.jpg,NEB-2021-03-13074 R,S13074,OD,2021.0,green,79.0,2825.0,38.0,60.0,136.0,354.0,103.0,36455.0,2825.4,False,False,exact_id,1296,972,80.02,32.11,included,,>2800,val
NEB-2021-03-13075 L_SP,NEB-2021-03-13075 L_SP.jpg,NEB-2021-03-13075 L,S13075,OS,2021.0,green,79.0,3058.0,34.0,60.0,110.0,327.0,110.0,35919.0,3062.4,False,False,exact_id,1296,972,45.91,36.43,included,,>2800,calibration
NEB-2021-03-13080 R_SP,NEB-2021-03-13080 R_SP.jpg,NEB-2021-03-13080 R,S13080,OD,2021.0,green,68.0,3731.0,40.0,57.0,108.0,268.0,100.0,26844.0,3725.2,False,False,exact_id,1296,972,80.77,38.72,included,,>2800,train
NEB-2021-03-13082 R_SP,NEB-2021-03-13082 R_SP.jpg,NEB-2021-03-13082 R,S13082,OD,2021.0,green,72.0,3049.0,34.0,64.0,111.0,328.0,119.0,39091.0,3044.2,False,False,exact_id,1296,972,76.41,31.01,included,,>2800,test
NEB-2021-03-13083 L_SP,NEB-2021-03-13083 L_SP.jpg,NEB-2021-03-13083 L,S13083,OS,2021.0,green,72.0,3115.0,40.0,51.0,129.0,321.0,123.0,39458.0,3117.2,False,False,exact_id,1296,972,74.83,39.19,included,,>2800,train
NEB-2021-03-13084 R_SP,NEB-2021-03-13084 R_SP.jpg,NEB-2021-03-13084 R,S13084,OD,2021.0,green,45.0,3086.0,34.0,63.0,111.0,324.0,87.0,28218.0,3083.1,False,False,exact_id,1296,972,119.68,54.28,included,,>2800,val
NEB-2021-04-13098 R_SP,NEB-2021-04-13098 R_SP.jpg,NEB-2021-04-13098 R,S13098,OD,2021.0,green,69.0,2950.0,41.0,45.0,139.0,339.0,122.0,41299.0,2954.1,False,False,exact_id,1296,972,59.87,42.51,included,,>2800,train
NEB-2021-04-13099 L_SP,NEB-2021-04-13099 L_SP.jpg,NEB-2021-04-13099 L,S13099,OS,2021.0,green,69.0,2747.0,45.0,51.0,163.0,364.0,110.0,40085.0,2744.2,False,False,exact_id,1296,972,61.68,38.93,included,,2000-2800,train
NEB-2021-04-13100 R_SP,NEB-2021-04-13100 R_SP.jpg,NEB-2021-04-13100 R,S13100,OD,2021.0,green,57.0,2646.0,31.0,64.0,119.0,378.0,114.0,43045.0,2648.4,False,False,exact_id,1296,972,66.95,50.21,included,,2000-2800,train
NEB-2021-04-13101 L_SP,NEB-2021-04-13101 L_SP.jpg,NEB-2021-04-13101 L,S13101,OS,2021.0,green,57.0,2674.0,32.0,65.0,120.0,374.0,114.0,42655.0,2672.6,False,False,exact_id,1296,972,57.63,45.75,included,,2000-2800,train
NEB-2021-04-13106 L_SP,NEB-2021-04-13106 L_SP.jpg,NEB-2021-04-13106 L,S13106,OS,2021.0,green,61.0,2924.0,38.0,57.0,130.0,342.0,122.0,41782.0,2919.9,False,False,exact_id,1296,972,64.9,45.64,included,,>2800,test
NEB-2021-04-13107 R_SP,NEB-2021-04-13107 R_SP.jpg,NEB-2021-04-13107 R,S13107,OD,2021.0,green,61.0,3509.0,29.0,68.0,83.0,285.0,115.0,32802.0,3505.9,False,False,exact_id,1296,972,81.49,33.04,included,,>2800,train
NEB-2021-04-13108 R_SP,NEB-2021-04-13108 R_SP.jpg,NEB-2021-04-13108 R,S13108,OD,2021.0,green,50.0,3367.0,41.0,49.0,122.0,297.0,112.0,33309.0,3362.5,False,False,exact_id,1296,972,73.62,32.8,included,,>2800,train
NEB-2021-04-13109 L_SP,NEB-2021-04-13109 L_SP.jpg,NEB-2021-04-13109 L,S13109,OS,2021.0,green,50.0,3125.0,37.0,50.0,118.0,320.0,110.0,35185.0,3126.3,False,False,exact_id,1296,972,62.66,28.19,included,,>2800,train
NEB-2021-04-13112 L_SP,NEB-2021-04-13112 L_SP.jpg,NEB-2021-04-13112 L,S13112,OS,2021.0,green,43.0,3300.0,45.0,52.0,137.0,303.0,116.0,35099.0,3304.9,False,False,exact_id,1296,972,80.08,27.42,included,,>2800,val
NEB-2021-04-13128 L_SP,NEB-2021-04-13128 L_SP.jpg,NEB-2021-04-13128 L,S13128,OS,2021.0,green,50.0,2545.0,37.0,56.0,145.0,393.0,139.0,54615.0,2545.1,False,False,exact_id,1296,972,57.9,29.98,included,,2000-2800,train
NEB-2021-04-13132 L_SP,NEB-2021-04-13132 L_SP.jpg,NEB-2021-04-13132 L,S13132,OS,2021.0,green,29.0,3333.0,37.0,60.0,111.0,300.0,110.0,32998.0,3333.5,False,False,exact_id,1296,972,78.7,46.76,included,,>2800,test
NEB-2021-04-13133 R_SP,NEB-2021-04-13133 R_SP.jpg,NEB-2021-04-13133 R,S13133,OD,2021.0,green,29.0,3401.0,42.0,46.0,124.0,294.0,105.0,30888.0,3399.4,False,False,exact_id,1296,972,60.44,30.34,included,,>2800,train
NEB-2021-04-13138 R_SP,NEB-2021-04-13138 R_SP.jpg,NEB-2021-04-13138 R,S13138,OD,2021.0,green,54.0,2890.0,34.0,51.0,117.0,346.0,104.0,36023.0,2887.0,False,False,exact_id,1296,972,85.25,38.34,included,,>2800,train
NEB-2021-04-13141 R_SP,NEB-2021-04-13141 R_SP.jpg,NEB-2021-04-13141 R,S13141,OD,2021.0,green,70.0,2137.0,37.0,59.0,171.0,468.0,101.0,47235.0,2138.2,False,False,exact_id,1296,972,75.99,53.47,included,,2000-2800,val
NEB-2021-05-13144 L_SP,NEB-2021-05-13144 L_SP.jpg,NEB-2021-05-13144 L,S13144,OS,2021.0,green,50.0,2732.0,34.0,52.0,125.0,366.0,128.0,46784.0,2736.0,False,False,exact_id,1296,972,138.54,44.52,included,,2000-2800,train
NEB-2021-05-13145 R_SP,NEB-2021-05-13145 R_SP.jpg,NEB-2021-05-13145 R,S13145,OD,2021.0,green,50.0,2770.0,40.0,59.0,144.0,361.0,107.0,38644.0,2768.9,False,False,exact_id,1296,972,119.82,33.63,included,,2000-2800,train
NEB-2021-05-13146 L_SP,NEB-2021-05-13146 L_SP.jpg,NEB-2021-05-13146 L,S13146,OS,2021.0,green,60.0,2513.0,39.0,62.0,155.0,398.0,105.0,41825.0,2510.5,False,False,exact_id,1296,972,87.91,34.45,included,,2000-2800,train
NEB-2021-05-13147 R_SP,NEB-2021-05-13147 R_SP.jpg,NEB-2021-05-13147 R,S13147,OD,2021.0,green,60.0,2660.0,39.0,48.0,146.0,376.0,105.0,39449.0,2661.7,False,False,exact_id,1296,972,106.05,34.46,included,,2000-2800,test
NEB-2021-05-13148 R_SP,NEB-2021-05-13148 R_SP.jpg,NEB-2021-05-13148 R,S13148,OD,2021.0,green,54.0,3497.0,35.0,57.0,100.0,286.0,113.0,32265.0,3502.2,False,False,exact_id,1296,972,71.3,36.32,included,,>2800,train
NEB-2021-05-13149 L_SP,NEB-2021-05-13149 L_SP.jpg,NEB-2021-05-13149 L,S13149,OS,2021.0,green,54.0,3378.0,35.0,55.0,105.0,296.0,111.0,32910.0,3372.8,False,False,exact_id,1296,972,107.76,35.37,included,,>2800,train
NEB-2021-05-13162 R_SP,NEB-2021-05-13162 R_SP.jpg,NEB-2021-05-13162 R,S13162,OD,2021.0,green,64.0,3145.0,38.0,52.0,122.0,318.0,108.0,34355.0,3143.6,False,False,exact_id,1296,972,103.39,44.2,included,,>2800,train
NEB-2021-05-13163 L_SP,NEB-2021-05-13163 L_SP.jpg,NEB-2021-05-13163 L,S13163,OS,2021.0,green,64.0,3012.0,40.0,66.0,134.0,332.0,115.0,38194.0,3010.9,False,False,exact_id,1296,972,73.48,30.39,included,,>2800,train
NEB-2021-05-13166 R_SP,NEB-2021-05-13166 R_SP.jpg,NEB-2021-05-13166 R,S13166,OD,2021.0,green,44.0,3236.0,36.0,43.0,110.0,309.0,115.0,35510.0,3238.5,False,False,exact_id,1296,972,77.68,36.59,included,,>2800,val
NEB-2021-05-13167 L_SP,NEB-2021-05-13167 L_SP.jpg,NEB-2021-05-13167 L,S13167,OS,2021.0,green,44.0,3096.0,29.0,57.0,93.0,323.0,119.0,38425.0,3096.9,False,False,exact_id,1296,972,73.37,30.42,included,,>2800,train
NEB-2021-06-13174 R_SP,NEB-2021-06-13174 R_SP.jpg,NEB-2021-06-13174 R,S13174,OD,2021.0,green,64.0,3067.0,41.0,51.0,134.0,326.0,103.0,33550.0,3070.0,False,False,exact_id,1296,972,57.76,43.02,included,,>2800,test
NEB-2021-06-13175 L_SP,NEB-2021-06-13175 L_SP.jpg,NEB-2021-06-13175 L,S13175,OS,2021.0,green,64.0,2801.0,44.0,52.0,158.0,357.0,98.0,34988.0,2801.0,False,False,exact_id,1296,972,75.86,36.99,included,,>2800,train
NEB-2021-06-13176 L_SP,NEB-2021-06-13176 L_SP.jpg,NEB-2021-06-13176 L,S13176,OS,2021.0,green,69.0,2967.0,36.0,57.0,123.0,337.0,118.0,39735.0,2969.7,False,False,exact_id,1296,972,71.09,40.87,included,,>2800,train
NEB-2021-06-13182 L_SP,NEB-2021-06-13182 L_SP.jpg,NEB-2021-06-13182 L,S13182,OS,2021.0,green,64.0,2299.0,40.0,69.0,172.0,435.0,115.0,50031.0,2298.6,False,False,exact_id,1296,972,79.28,45.03,included,,2000-2800,val
NEB-2021-06-13183 R_SP,NEB-2021-06-13183 R_SP.jpg,NEB-2021-06-13183 R,S13183,OD,2021.0,green,64.0,2278.0,40.0,54.0,175.0,439.0,112.0,49180.0,2277.3,False,False,exact_id,1296,972,109.96,33.93,included,,2000-2800,train
NEB-2021-06-13186 R_SP,NEB-2021-06-13186 R_SP.jpg,NEB-2021-06-13186 R,S13186,OD,2021.0,green,66.0,2584.0,38.0,56.0,146.0,387.0,110.0,42551.0,2585.1,False,False,exact_id,1296,972,96.86,36.04,included,,2000-2800,train
NEB-2021-06-13188 L_SP,NEB-2021-06-13188 L_SP.jpg,NEB-2021-06-13188 L,S13188,OS,2021.0,green,48.0,2994.0,45.0,37.0,150.0,334.0,111.0,37121.0,2990.2,False,False,exact_id,1296,972,105.71,34.0,included,,>2800,train
NEB-2021-06-13189 R_SP,NEB-2021-06-13189 R_SP.jpg,NEB-2021-06-13189 R,S13189,OD,2021.0,green,48.0,3096.0,41.0,55.0,134.0,323.0,101.0,32650.0,3093.4,False,False,exact_id,1296,972,54.47,35.73,included,,>2800,test
NEB-2021-06-13190 L_SP,NEB-2021-06-13190 L_SP.jpg,NEB-2021-06-13190 L,S13190,OS,2021.0,green,53.0,3205.0,42.0,49.0,132.0,312.0,102.0,31813.0,3206.2,False,False,exact_id,1296,972,71.6,31.59,included,,>2800,train
NEB-2021-06-13191 R_SP,NEB-2021-06-13191 R_SP.jpg,NEB-2021-06-13191 R,S13191,OD,2021.0,green,53.0,3195.0,33.0,53.0,102.0,313.0,101.0,31581.0,3198.1,False,False,exact_id,1296,972,72.68,29.44,included,,>2800,train
NEB-2021-06-13202 L_SP,NEB-2021-06-13202 L_SP.jpg,NEB-2021-06-13202 L,S13202,OS,2021.0,green,58.0,2193.0,34.0,61.0,155.0,456.0,133.0,60662.0,2192.5,False,False,exact_id,1296,972,79.21,42.9,included,,2000-2800,calibration
NEB-2021-06-13209 R_SP,NEB-2021-06-13209 R_SP.jpg,NEB-2021-06-13209 R,S13209,OD,2021.0,green,72.0,3175.0,39.0,60.0,124.0,315.0,109.0,34351.0,3173.1,False,False,exact_id,1296,972,68.83,35.62,included,,>2800,train
NEB-2021-06-13210 R_SP,NEB-2021-06-13210 R_SP.jpg,NEB-2021-06-13210 R,S13210,OD,2021.0,green,68.0,2538.0,41.0,53.0,161.0,394.0,101.0,39751.0,2540.8,False,False,exact_id,1296,972,81.86,58.29,included,,2000-2800,val
NEB-2021-06-13211L_SP,NEB-2021-06-13211L_SP.jpg,NEB-2021-06-13211L,S13211,OD,2021.0,green,68.0,2762.0,39.0,52.0,142.0,362.0,100.0,36220.0,2760.9,False,False,exact_id,1296,972,90.38,40.03,included,,2000-2800,train
NEB-2021-07-12944 L_SP,NEB-2021-07-12944 L_SP.jpg,NEB-2021-07-12944 L,S12944,OS,2021.0,green,56.0,2950.0,43.0,52.0,146.0,339.0,105.0,35577.0,2951.3,False,False,exact_id,1296,972,72.61,51.0,included,,>2800,val
NEB-2021-07-13228 L_SP,NEB-2021-07-13228 L_SP.jpg,NEB-2021-07-13228 L,S13228,OS,2021.0,green,69.0,2899.0,29.0,60.0,101.0,345.0,113.0,39000.0,2897.4,False,False,exact_id,1296,972,71.13,37.47,included,,>2800,test
NEB-2021-07-13231 L_SP,NEB-2021-07-13231 L_SP.jpg,NEB-2021-07-13231 L,S13231,OS,2021.0,green,51.0,2924.0,44.0,54.0,149.0,342.0,111.0,37922.0,2927.1,False,False,exact_id,1296,972,74.64,44.91,included,,>2800,train
NEB-2021-07-13232 R_SP,NEB-2021-07-13232 R_SP.jpg,NEB-2021-07-13232 R,S13232,OD,2021.0,green,51.0,3012.0,40.0,51.0,134.0,332.0,117.0,38858.0,3011.0,False,False,exact_id,1296,972,71.81,41.93,included,,>2800,train
NEB-2021-07-13234 R_SP,NEB-2021-07-13234 R_SP.jpg,NEB-2021-07-13234 R,S13234,OD,2021.0,green,49.0,3040.0,35.0,48.0,114.0,329.0,107.0,35167.0,3042.6,False,False,exact_id,1296,972,65.6,30.9,included,,>2800,calibration
NEB-2021-07-13237 R_SP,NEB-2021-07-13237 R_SP.jpg,NEB-2021-07-13237 R,S13237,OD,2021.0,green,60.0,2747.0,44.0,62.0,160.0,364.0,115.0,41824.0,2749.6,False,False,exact_id,1296,972,67.51,37.39,included,,2000-2800,train
NEB-2021-07-13238 R_SP,NEB-2021-07-13238 R_SP.jpg,NEB-2021-07-13238 R,S13238,OD,2021.0,green,64.0,2725.0,40.0,47.0,145.0,367.0,117.0,42960.0,2723.5,False,False,exact_id,1296,972,71.29,32.65,included,,2000-2800,val
NEB-2021-07-13242 L_SP,NEB-2021-07-13242 L_SP.jpg,NEB-2021-07-13242 L,S13242,OS,2021.0,green,43.0,2710.0,36.0,53.0,133.0,369.0,107.0,39489.0,2709.6,False,False,exact_id,1296,972,69.84,38.22,included,,2000-2800,train
NEB-2021-07-13243 R_SP,NEB-2021-07-13243 R_SP.jpg,NEB-2021-07-13243 R,S13243,OD,2021.0,green,43.0,2849.0,36.0,53.0,126.0,351.0,102.0,35801.0,2849.1,False,False,exact_id,1296,972,88.8,35.8,included,,>2800,test
NEB-2021-07-13244 R_SP,NEB-2021-07-13244 R_SP.jpg,NEB-2021-07-13244 R,S13244,OD,2021.0,green,47.0,2646.0,39.0,56.0,149.0,378.0,127.0,47964.0,2647.8,False,False,exact_id,1296,972,66.86,28.61,included,,2000-2800,train
NEB-2021-07-13248 R_SP,NEB-2021-07-13248 R_SP.jpg,NEB-2021-07-13248 R,S13248,OD,2021.0,green,78.0,2079.0,42.0,56.0,204.0,481.0,119.0,57257.0,2078.3,False,False,exact_id,1296,972,56.54,34.75,included,,2000-2800,train
NEB-2021-07-13249 L_SP,NEB-2021-07-13249 L_SP.jpg,NEB-2021-07-13249 L,S13249,OS,2021.0,green,78.0,2227.0,46.0,54.0,206.0,449.0,118.0,53005.0,2226.2,False,False,exact_id,1296,972,53.09,33.68,included,,2000-2800,train
NEB-2021-07-13250 R_SP,NEB-2021-07-13250 R_SP.jpg,NEB-2021-07-13250 R,S13250,OD,2021.0,green,51.0,2532.0,35.0,55.0,140.0,395.0,108.0,42665.0,2531.3,False,False,exact_id,1296,972,129.72,38.37,included,,2000-2800,train
NEB-2021-07-13254 R_SP,NEB-2021-07-13254 R_SP.jpg,NEB-2021-07-13254 R,S13254,OD,2021.0,green,61.0,2457.0,38.0,48.0,156.0,407.0,118.0,48031.0,2456.7,False,False,exact_id,1296,972,61.5,35.49,included,,2000-2800,val
NEB-2021-07-13255 L_SP,NEB-2021-07-13255 L_SP.jpg,NEB-2021-07-13255 L,S13255,OS,2021.0,green,61.0,2358.0,36.0,60.0,151.0,424.0,102.0,43212.0,2360.5,False,False,exact_id,1296,972,69.21,43.39,included,,2000-2800,train
NEB-2021-08-13256 L_SP,NEB-2021-08-13256 L_SP.jpg,NEB-2021-08-13256 L,S13256,OS,2021.0,green,37.0,3067.0,40.0,55.0,131.0,326.0,113.0,36829.0,3068.2,False,False,exact_id,1296,972,70.71,37.65,included,,>2800,test
NEB-2021-08-13257 R_SP,NEB-2021-08-13257 R_SP.jpg,NEB-2021-08-13257 R,S13257,OD,2021.0,green,37.0,2950.0,35.0,58.0,120.0,339.0,115.0,39032.0,2946.3,False,False,exact_id,1296,972,44.88,38.43,included,,>2800,train
NEB-2021-08-13259 L_SP,NEB-2021-08-13259 L_SP.jpg,NEB-2021-08-13259 L,S13259,OS,2021.0,green,63.0,2208.0,33.0,59.0,149.0,453.0,114.0,51604.0,2209.1,False,False,exact_id,1296,972,50.16,26.32,included,,2000-2800,train
NEB-2021-08-13260 L_SP,NEB-2021-08-13260 L_SP.jpg,NEB-2021-08-13260 L,S13260,OS,2021.0,green,76.0,2545.0,33.0,60.0,129.0,393.0,116.0,45624.0,2542.5,False,False,exact_id,1296,972,62.89,37.24,included,,2000-2800,val
NEB-2021-08-13262 L_SP,NEB-2021-08-13262 L_SP.jpg,NEB-2021-08-13262 L,S13262,OS,2021.0,green,48.0,2841.0,41.0,62.0,144.0,352.0,105.0,36920.0,2844.0,False,False,exact_id,1296,972,68.16,38.56,included,,>2800,calibration
NEB-2021-08-13263 R_SP,NEB-2021-08-13263 R_SP.jpg,NEB-2021-08-13263 R,S13263,OD,2021.0,green,48.0,2551.0,34.0,59.0,135.0,392.0,106.0,41545.0,2551.5,False,False,exact_id,1296,972,76.61,44.41,included,,2000-2800,train
NEB-2021-08-13264 L_SP,NEB-2021-08-13264 L_SP.jpg,NEB-2021-08-13264 L,S13264,OS,2021.0,green,70.0,2257.0,43.0,58.0,192.0,443.0,112.0,49670.0,2254.9,False,False,exact_id,1296,972,65.92,34.09,included,,2000-2800,train
NEB-2021-08-13265 R_SP,NEB-2021-08-13265 R_SP.jpg,NEB-2021-08-13265 R,S13265,OD,2021.0,green,70.0,2075.0,31.0,64.0,148.0,482.0,119.0,57382.0,2073.8,False,False,exact_id,1296,972,53.87,38.04,included,,2000-2800,test
NEB-2021-09-13278 L_SP,NEB-2021-09-13278 L_SP.jpg,NEB-2021-09-13278 L,S13278,OS,2021.0,green,71.0,3378.0,29.0,68.0,86.0,296.0,105.0,31100.0,3376.2,False,False,exact_id,1296,972,78.34,24.03,included,,>2800,train
NEB-2021-09-13279 R_SP,NEB-2021-09-13279 R_SP.jpg,NEB-2021-09-13279 R,S13279,OD,2021.0,green,71.0,3300.0,34.0,61.0,104.0,303.0,106.0,32102.0,3302.0,False,False,exact_id,1296,972,94.45,32.78,included,,>2800,train
NEB-2021-09-13280 L_SP,NEB-2021-09-13280 L_SP.jpg,NEB-2021-09-13280 L,S13280,OS,2021.0,green,64.0,2571.0,39.0,55.0,152.0,389.0,119.0,46297.0,2570.4,False,False,exact_id,1296,972,73.09,45.68,included,,2000-2800,train
NEB-2021-09-13281 R_SP,NEB-2021-09-13281 R_SP.jpg,NEB-2021-09-13281 R,S13281,OD,2021.0,green,64.0,2786.0,38.0,57.0,137.0,359.0,104.0,37288.0,2789.1,False,False,exact_id,1296,972,50.86,42.21,included,,2000-2800,train
NEB-2021-09-13284 R_SP,NEB-2021-09-13284 R_SP.jpg,NEB-2021-09-13284 R,S13284,OD,2021.0,green,45.0,2976.0,32.0,62.0,109.0,336.0,129.0,43352.0,2975.6,False,False,exact_id,1296,972,65.22,47.59,included,,>2800,val
NEB-2021-09-13285 L_SP,NEB-2021-09-13285 L_SP.jpg,NEB-2021-09-13285 L,S13285,OS,2021.0,green,45.0,3012.0,35.0,68.0,115.0,332.0,116.0,38503.0,3012.8,False,False,exact_id,1296,972,66.47,37.37,included,,>2800,train
NEB-2021-09-13288 R_SP,NEB-2021-09-13288 R_SP.jpg,NEB-2021-09-13288 R,S13288,OD,2021.0,green,63.0,3226.0,34.0,56.0,104.0,310.0,116.0,35997.0,3222.5,False,False,exact_id,1296,972,91.17,44.13,included,,>2800,test
NEB-2021-09-13289 L_SP,NEB-2021-09-13289 L_SP.jpg,NEB-2021-09-13289 L,S13289,OS,2021.0,green,63.0,3333.0,34.0,59.0,101.0,300.0,142.0,42637.0,3330.4,False,False,exact_id,1296,972,71.55,46.42,included,,>2800,train
NEB-2021-09-13291 R_SP,NEB-2021-09-13291 R_SP.jpg,NEB-2021-09-13291 R,S13291,OD,2021.0,green,58.0,2874.0,35.0,55.0,123.0,348.0,119.0,41380.0,2875.8,False,False,exact_id,1296,972,77.83,59.42,included,,>2800,train
NEB-2021-09-13294 R_SP,NEB-2021-09-13294 R_SP.jpg,NEB-2021-09-13294 R,S13294,OD,2021.0,green,59.0,2959.0,34.0,53.0,116.0,338.0,112.0,37892.0,2955.8,False,False,exact_id,1296,972,49.89,36.54,included,,>2800,train
NEB-2021-09-13296 R_SP,NEB-2021-09-13296 R_SP.jpg,NEB-2021-09-13296 R,S13296,OD,2021.0,green,50.0,4255.0,40.0,62.0,95.0,235.0,103.0,24155.0,4264.1,False,False,exact_id,1296,972,54.65,38.31,included,,>2800,train
NEB-2021-09-13297 L_SP,NEB-2021-09-13297 L_SP.jpg,NEB-2021-09-13297 L,S13297,OS,2021.0,green,50.0,2717.0,41.0,55.0,150.0,368.0,106.0,39041.0,2715.1,False,False,exact_id,1296,972,47.18,35.72,included,,2000-2800,val
NEB-2021-09-13298 L_SP,NEB-2021-09-13298 L_SP.jpg,NEB-2021-09-13298 L,S13298,OS,2021.0,green,70.0,2551.0,36.0,53.0,141.0,392.0,114.0,44684.0,2551.2,False,False,exact_id,1296,972,82.05,42.5,included,,2000-2800,train
NEB-2021-09-13306 R_SP,NEB-2021-09-13306 R_SP.jpg,NEB-2021-09-13306 R,S13306,OD,2021.0,green,76.0,2967.0,32.0,62.0,108.0,337.0,108.0,36384.0,2968.3,False,False,exact_id,1296,972,61.09,28.32,included,,>2800,test
NEB-2021-09-13307 L_SP,NEB-2021-09-13307 L_SP.jpg,NEB-2021-09-13307 L,S13307,OS,2021.0,green,76.0,2770.0,37.0,68.0,132.0,361.0,102.0,36822.0,2770.1,False,False,exact_id,1296,972,54.2,36.6,included,,2000-2800,train
NEB-2021-09-13309 L_SP,NEB-2021-09-13309 L_SP.jpg,NEB-2021-09-13309 L,S13309,OS,2021.0,green,59.0,3185.0,34.0,65.0,107.0,314.0,70.0,21997.0,3182.3,False,False,exact_id,1296,972,65.08,30.81,included,,>2800,train
NEB-2021-09-13310 L_SP,NEB-2021-09-13310 L_SP.jpg,NEB-2021-09-13310 L,S13310,OS,2021.0,green,51.0,2273.0,41.0,52.0,179.0,440.0,69.0,30374.0,2271.7,False,False,exact_id,1296,972,88.59,59.79,included,,2000-2800,train
NEB-2021-09-13311 R_SP,NEB-2021-09-13311 R_SP.jpg,NEB-2021-09-13311 R,S13311,OD,2021.0,green,51.0,2481.0,33.0,50.0,131.0,403.0,89.0,35857.0,2482.1,False,False,exact_id,1296,972,113.29,35.88,included,,2000-2800,train
NEB-2021-10- 13384 L_SP,NEB-2021-10- 13384 L_SP.jpg,NEB-2021-10- 13384 L,S13384,OS,2021.0,green,67.0,2421.0,39.0,58.0,160.0,413.0,114.0,47078.0,2421.5,False,False,exact_id,1296,972,40.0,44.55,included,,2000-2800,train
NEB-2021-10-13314 R_SP,NEB-2021-10-13314 R_SP.jpg,NEB-2021-10-13314 R,S13314,OD,2021.0,green,57.0,2915.0,47.0,48.0,162.0,343.0,105.0,36046.0,2912.9,False,False,exact_id,1296,972,72.87,38.46,included,,>2800,val
NEB-2021-10-13315 L_SP,NEB-2021-10-13315 L_SP.jpg,NEB-2021-10-13315 L,S13315,OS,2021.0,green,57.0,2770.0,39.0,56.0,141.0,361.0,108.0,38988.0,2770.1,False,False,exact_id,1296,972,83.17,35.29,included,,2000-2800,train
NEB-2021-10-13316 R_SP,NEB-2021-10-13316 R_SP.jpg,NEB-2021-10-13316 R,S13316,OD,2021.0,green,68.0,2976.0,34.0,64.0,115.0,336.0,107.0,36000.0,2972.2,False,False,exact_id,1296,972,55.4,46.67,included,,>2800,test
NEB-2021-10-13317 L_SP,NEB-2021-10-13317 L_SP.jpg,NEB-2021-10-13317 L,S13317,OS,2021.0,green,68.0,3012.0,35.0,54.0,115.0,332.0,114.0,37827.0,3013.7,False,False,exact_id,1296,972,57.62,37.52,included,,>2800,train
NEB-2021-10-13319 R_SP,NEB-2021-10-13319 R_SP.jpg,NEB-2021-10-13319 R,S13319,OD,2021.0,green,65.0,1767.0,36.0,61.0,203.0,566.0,113.0,63991.0,1765.9,False,False,exact_id,1296,972,65.75,45.72,included,,<2000,train
NEB-2021-10-13320 L_SP,NEB-2021-10-13320 L_SP.jpg,NEB-2021-10-13320 L,S13320,OS,2021.0,green,52.0,2695.0,37.0,56.0,137.0,371.0,105.0,38988.0,2693.1,False,False,exact_id,1296,972,47.87,52.17,included,,2000-2800,calibration
NEB-2021-10-13321 R_SP,NEB-2021-10-13321 R_SP.jpg,NEB-2021-10-13321 R,S13321,OD,2021.0,green,52.0,2558.0,37.0,61.0,143.0,391.0,111.0,43392.0,2558.1,False,False,exact_id,1296,972,66.04,43.29,included,,2000-2800,train
NEB-2021-10-13322 R_SP,NEB-2021-10-13322 R_SP.jpg,NEB-2021-10-13322 R,S13322,OD,2021.0,green,69.0,3058.0,40.0,63.0,130.0,327.0,119.0,38899.0,3059.2,False,False,exact_id,1296,972,80.23,38.16,included,,>2800,val
NEB-2021-10-13323 L_SP,NEB-2021-10-13323 L_SP.jpg,NEB-2021-10-13323 L,S13323,OS,2021.0,green,69.0,3106.0,39.0,58.0,124.0,322.0,104.0,33480.0,3106.3,False,False,exact_id,1296,972,57.46,44.06,included,,>2800,train
NEB-2021-10-13328 L_SP,NEB-2021-10-13328 L_SP.jpg,NEB-2021-10-13328 L,S13328,OS,2021.0,green,53.0,3135.0,37.0,53.0,118.0,319.0,101.0,32215.0,3135.2,False,False,exact_id,1296,972,64.97,37.78,included,,>2800,train
NEB-2021-10-13329 R_SP,NEB-2021-10-13329 R_SP.jpg,NEB-2021-10-13329 R,S13329,OD,2021.0,green,53.0,2899.0,36.0,50.0,125.0,345.0,102.0,35204.0,2897.4,False,False,exact_id,1296,972,65.18,44.99,included,,>2800,train
NEB-2021-10-13330 R_SP,NEB-2021-10-13330 R_SP.jpg,NEB-2021-10-13330 R,S13330,OD,2021.0,green,70.0,2564.0,30.0,58.0,118.0,390.0,96.0,37438.0,2564.2,False,False,exact_id,1296,972,62.13,41.15,included,,2000-2800,test
NEB-2021-10-13331 L_SP,NEB-2021-10-13331 L_SP.jpg,NEB-2021-10-13331 L,S13331,OS,2021.0,green,70.0,2584.0,35.0,64.0,134.0,387.0,100.0,38720.0,2582.6,False,False,exact_id,1296,972,55.89,32.36,included,,2000-2800,train
NEB-2021-10-13337 L_SP,NEB-2021-10-13337 L_SP.jpg,NEB-2021-10-13337 L,S13337,OS,2021.0,green,18.0,3257.0,27.0,70.0,82.0,307.0,151.0,46367.0,3256.6,False,False,exact_id,1296,972,101.89,37.38,included,,>2800,val
NEB-2021-10-13338 L_SP,NEB-2021-10-13338 L_SP.jpg,NEB-2021-10-13338 L,S13338,OS,2021.0,green,73.0,2770.0,34.0,67.0,123.0,361.0,105.0,37875.0,2772.3,False,False,exact_id,1296,972,66.0,42.34,included,,2000-2800,train
NEB-2021-10-13342 L_SP,NEB-2021-10-13342 L_SP.jpg,NEB-2021-10-13342 L,S13342,OS,2021.0,green,70.0,2506.0,40.0,51.0,160.0,399.0,179.0,71507.0,2503.3,False,False,exact_id,1296,972,84.74,46.83,included,,2000-2800,test
NEB-2021-10-13343 R_SP,NEB-2021-10-13343 R_SP.jpg,NEB-2021-10-13343 R,S13343,OD,2021.0,green,70.0,2688.0,36.0,55.0,134.0,372.0,151.0,56217.0,2686.0,False,False,exact_id,1296,972,111.18,33.7,included,,2000-2800,train
NEB-2021-10-13346 R_SP,NEB-2021-10-13346 R_SP.jpg,NEB-2021-10-13346 R,S13346,OD,2021.0,green,70.0,3096.0,45.0,53.0,145.0,323.0,130.0,42030.0,3093.0,False,False,exact_id,1296,972,91.77,47.02,included,,>2800,train
NEB-2021-10-13347 L_SP,NEB-2021-10-13347 L_SP.jpg,NEB-2021-10-13347 L,S13347,OS,2021.0,green,70.0,2299.0,41.0,55.0,180.0,435.0,115.0,50059.0,2297.3,False,False,exact_id,1296,972,105.54,39.07,included,,2000-2800,train
NEB-2021-10-13348 R_SP,NEB-2021-10-13348 R_SP.jpg,NEB-2021-10-13348 R,S13348,OD,2021.0,green,48.0,3205.0,32.0,53.0,99.0,312.0,129.0,40285.0,3202.2,False,False,exact_id,1296,972,139.96,59.83,included,,>2800,train
NEB-2021-10-13350 R_SP,NEB-2021-10-13350 R_SP.jpg,NEB-2021-10-13350 R,S13350,OD,2021.0,green,58.0,3636.0,42.0,53.0,116.0,275.0,113.0,31029.0,3641.8,False,False,exact_id,1296,972,67.18,43.3,included,,>2800,train
NEB-2021-10-13351 L_SP,NEB-2021-10-13351 L_SP.jpg,NEB-2021-10-13351 L,S13351,OS,2021.0,green,57.0,2882.0,40.0,64.0,138.0,347.0,101.0,35012.0,2884.7,False,False,exact_id,1296,972,77.12,34.39,included,,>2800,val
NEB-2021-10-13352 R_SP,NEB-2021-10-13352 R_SP.jpg,NEB-2021-10-13352 R,S13352,OD,2021.0,green,38.0,2899.0,39.0,61.0,134.0,345.0,115.0,39655.0,2900.0,False,False,exact_id,1296,972,94.3,39.14,included,,>2800,train
NEB-2021-10-13353 L_SP,NEB-2021-10-13353 L_SP.jpg,NEB-2021-10-13353 L,S13353,OS,2021.0,green,38.0,3125.0,41.0,56.0,131.0,320.0,106.0,33918.0,3125.2,False,False,exact_id,1296,972,102.21,36.45,included,,>2800,train
NEB-2021-10-13355 R_SP,NEB-2021-10-13355 R_SP.jpg,NEB-2021-10-13355 R,S13355,OD,2021.0,green,57.0,3257.0,42.0,49.0,129.0,307.0,109.0,33464.0,3257.2,False,False,exact_id,1296,972,72.72,49.09,included,,>2800,train
NEB-2021-10-13358 R_SP,NEB-2021-10-13358 R_SP.jpg,NEB-2021-10-13358 R,S13358,OD,2021.0,green,56.0,2725.0,35.0,62.0,127.0,367.0,108.0,39646.0,2724.1,False,False,exact_id,1296,972,56.75,38.83,included,,2000-2800,test
NEB-2021-10-13360 L_SP,NEB-2021-10-13360 L_SP.jpg,NEB-2021-10-13360 L,S13360,OS,2021.0,green,64.0,2924.0,37.0,50.0,127.0,342.0,121.0,41332.0,2927.5,False,False,exact_id,1296,972,116.85,58.08,included,,>2800,train
NEB-2021-10-13364 R_SP,NEB-2021-10-13364 R_SP.jpg,NEB-2021-10-13364 R,S13364,OD,2021.0,green,70.0,2331.0,32.0,63.0,138.0,429.0,107.0,45929.0,2329.7,False,False,exact_id,1296,972,73.87,47.09,included,,2000-2800,train
NEB-2021-10-13365 L_SP,NEB-2021-10-13365 L_SP.jpg,NEB-2021-10-13365 L,S13365,OS,2021.0,green,70.0,2370.0,27.0,73.0,113.0,422.0,107.0,45167.0,2369.0,False,False,exact_id,1296,972,50.84,29.79,included,,2000-2800,val
NEB-2021-10-13366 L_SP,NEB-2021-10-13366 L_SP.jpg,NEB-2021-10-13366 L,S13366,OS,2021.0,green,48.0,2801.0,33.0,58.0,117.0,357.0,132.0,47107.0,2802.1,False,False,exact_id,1296,972,55.86,40.06,included,,>2800,test
NEB-2021-10-13367 R_SP,NEB-2021-10-13367 R_SP.jpg,NEB-2021-10-13367 R,S13367,OD,2021.0,green,48.0,2793.0,32.0,66.0,115.0,358.0,117.0,41923.0,2790.8,False,False,exact_id,1296,972,56.67,34.23,included,,2000-2800,train
NEB-2021-10-13368 R_SP,NEB-2021-10-13368 R_SP.jpg,NEB-2021-10-13368 R,S13368,OD,2021.0,green,56.0,2865.0,33.0,64.0,114.0,349.0,121.0,42186.0,2868.3,False,False,exact_id,1296,972,54.56,38.84,included,,>2800,train
NEB-2021-10-13369 L_SP,NEB-2021-10-13369 L_SP.jpg,NEB-2021-10-13369 L,S13369,OS,2021.0,green,56.0,2874.0,39.0,54.0,134.0,348.0,117.0,40676.0,2876.4,False,False,exact_id,1296,972,52.89,38.48,included,,>2800,val
NEB-2021-10-13370 L_SP,NEB-2021-10-13370 L_SP.jpg,NEB-2021-10-13370 L,S13370,OS,2021.0,green,61.0,2703.0,39.0,58.0,143.0,370.0,126.0,46589.0,2704.5,False,False,exact_id,1296,972,54.89,33.3,included,,2000-2800,train
NEB-2021-10-13371 R_SP,NEB-2021-10-13371 R_SP.jpg,NEB-2021-10-13371 R,S13371,OD,2021.0,green,61.0,2770.0,39.0,55.0,139.0,361.0,138.0,49868.0,2767.3,False,False,exact_id,1296,972,55.55,31.08,included,,2000-2800,train
NEB-2021-10-13372 R_SP,NEB-2021-10-13372 R_SP.jpg,NEB-2021-10-13372 R,S13372,OD,2021.0,green,70.0,2375.0,41.0,52.0,171.0,421.0,115.0,48410.0,2375.5,False,False,exact_id,1296,972,60.81,41.64,included,,2000-2800,train
NEB-2021-10-13373 L_SP,NEB-2021-10-13373 L_SP.jpg,NEB-2021-10-13373 L,S13373,OS,2021.0,green,70.0,2591.0,43.0,51.0,167.0,386.0,111.0,42864.0,2589.6,False,False,exact_id,1296,972,53.7,38.48,included,,2000-2800,train
NEB-2021-10-13376 R_SP,NEB-2021-10-13376 R_SP.jpg,NEB-2021-10-13376 R,S13376,OD,2021.0,green,61.0,2703.0,37.0,48.0,137.0,370.0,154.0,56976.0,2702.9,False,False,exact_id,1296,972,128.4,31.09,included,,2000-2800,test
NEB-2021-10-13377 L_SP,NEB-2021-10-13377 L_SP.jpg,NEB-2021-10-13377 L,S13377,OS,2021.0,green,61.0,2717.0,40.0,52.0,148.0,368.0,134.0,49278.0,2719.3,False,False,exact_id,1296,972,139.85,32.18,included,,2000-2800,train
NEB-2021-11 -13399 R_SP,NEB-2021-11 -13399 R_SP.jpg,NEB-2021-11 -13399 R,S13399,OD,2021.0,green,67.0,1541.0,37.0,61.0,241.0,649.0,83.0,53865.0,1540.9,False,False,exact_id,1296,972,83.97,40.88,included,,<2000,train
NEB-2021-11-13382 R_SP,NEB-2021-11-13382 R_SP.jpg,NEB-2021-11-13382 R,S13382,OD,2021.0,green,57.0,3125.0,35.0,53.0,113.0,320.0,101.0,32340.0,3123.1,False,False,exact_id,1296,972,85.14,28.22,included,,>2800,train
NEB-2021-11-13383 L_SP,NEB-2021-11-13383 L_SP.jpg,NEB-2021-11-13383 L,S13383,OS,2021.0,green,57.0,3030.0,38.0,61.0,127.0,330.0,121.0,39898.0,3032.7,False,False,exact_id,1296,972,66.36,39.53,included,,>2800,val
NEB-2021-11-13387 L_SP,NEB-2021-11-13387 L_SP.jpg,NEB-2021-11-13387 L,S13387,OS,2021.0,green,69.0,3040.0,37.0,52.0,122.0,329.0,69.0,22729.0,3035.8,False,False,exact_id,1296,972,54.2,39.85,included,,>2800,train
NEB-2021-11-13390 R_SP,NEB-2021-11-13390 R_SP.jpg,NEB-2021-11-13390 R,S13390,OD,2021.0,green,51.0,2481.0,42.0,51.0,171.0,403.0,107.0,43108.0,2482.1,False,False,exact_id,1296,972,71.83,27.9,included,,2000-2800,test
NEB-2021-11-13391 L_SP,NEB-2021-11-13391 L_SP.jpg,NEB-2021-11-13391 L,S13391,OS,2021.0,green,51.0,2632.0,36.0,58.0,137.0,380.0,107.0,40611.0,2634.8,False,False,exact_id,1296,972,74.66,44.09,included,,2000-2800,train
NEB-2021-11-13392 R_SP,NEB-2021-11-13392 R_SP.jpg,NEB-2021-11-13392 R,S13392,OD,2021.0,green,75.0,1046.0,49.0,48.0,471.0,956.0,60.0,57385.0,1045.6,False,False,exact_id,1296,972,108.02,48.36,included,,<2000,train
NEB-2021-11-13393 L_SP,NEB-2021-11-13393 L_SP.jpg,NEB-2021-11-13393 L,S13393,OS,2021.0,green,75.0,1106.0,38.0,41.0,344.0,904.0,68.0,61475.0,1106.1,False,False,exact_id,1296,972,61.45,51.27,included,,<2000,train
NEB-2021-11-13394 L_SP,NEB-2021-11-13394 L_SP.jpg,NEB-2021-11-13394 L,S13394,OS,2021.0,green,63.0,2513.0,34.0,62.0,136.0,398.0,117.0,46553.0,2513.3,False,False,exact_id,1296,972,67.25,43.13,included,,2000-2800,train
NEB-2021-11-13398 L_SP,NEB-2021-11-13398 L_SP.jpg,NEB-2021-11-13398 L,S13398,OS,2021.0,green,67.0,2865.0,40.0,59.0,140.0,349.0,110.0,38379.0,2866.2,False,False,exact_id,1296,972,68.99,29.68,included,,>2800,val
NEB-2021-11-13400 L_SP,NEB-2021-11-13400 L_SP.jpg,NEB-2021-11-13400 L,S13400,OS,2021.0,green,57.0,3012.0,39.0,61.0,128.0,332.0,104.0,34505.0,3014.1,False,False,exact_id,1296,972,55.62,46.49,included,,>2800,train
NEB-2021-11-13401 R_SP,NEB-2021-11-13401 R_SP.jpg,NEB-2021-11-13401 R,S13401,OD,2021.0,green,57.0,3012.0,38.0,61.0,126.0,332.0,103.0,34184.0,3013.1,False,False,exact_id,1296,972,78.06,38.22,included,,>2800,train
NEB-2021-11-13402 L_SP,NEB-2021-11-13402 L_SP.jpg,NEB-2021-11-13402 L,S13402,OS,2021.0,green,68.0,2611.0,42.0,52.0,162.0,383.0,108.0,41414.0,2607.8,False,False,exact_id,1296,972,57.93,33.14,included,,2000-2800,test
NEB-2021-11-13403 R_SP,NEB-2021-11-13403 R_SP.jpg,NEB-2021-11-13403 R,S13403,OD,2021.0,green,68.0,2857.0,41.0,58.0,143.0,350.0,106.0,37087.0,2858.1,False,False,exact_id,1296,972,58.63,22.15,included,,>2800,train
NEB-2021-11-13404 L_SP,NEB-2021-11-13404 L_SP.jpg,NEB-2021-11-13404 L,S13404,OS,2021.0,green,50.0,2865.0,39.0,54.0,136.0,349.0,106.0,36962.0,2867.8,False,False,exact_id,1296,972,78.49,27.81,included,,>2800,train
NEB-2021-11-13405 R_SP,NEB-2021-11-13405 R_SP.jpg,NEB-2021-11-13405 R,S13405,OD,2021.0,green,50.0,2770.0,40.0,59.0,145.0,361.0,108.0,39032.0,2767.0,False,False,exact_id,1296,972,87.58,28.38,included,,2000-2800,train
NEB-2021-11-13406 R_SP,NEB-2021-11-13406 R_SP.jpg,NEB-2021-11-13406 R,S13406,OD,2021.0,green,69.0,2762.0,34.0,58.0,122.0,362.0,110.0,39774.0,2765.6,False,False,exact_id,1296,972,83.71,31.8,included,,2000-2800,val
NEB-2021-11-13407 L_SP,NEB-2021-11-13407 L_SP.jpg,NEB-2021-11-13407 L,S13407,OS,2021.0,green,69.0,3367.0,38.0,60.0,114.0,297.0,105.0,31155.0,3370.2,False,False,exact_id,1296,972,98.14,30.28,included,,>2800,test
NEB-2021-11-13413 R_SP,NEB-2021-11-13413 R_SP.jpg,NEB-2021-11-13413 R,S13413,OS,2021.0,green,73.0,2571.0,33.0,49.0,128.0,389.0,102.0,39653.0,2572.3,False,False,exact_id,1296,972,58.96,29.88,included,,2000-2800,val
NEB-2021-11-13416 L_SP,NEB-2021-11-13416 L_SP.jpg,NEB-2021-11-13416 L,S13416,OS,2021.0,green,72.0,3012.0,31.0,61.0,104.0,332.0,107.0,35545.0,3010.3,False,False,exact_id,1296,972,53.02,44.75,included,,>2800,train
NEB-2021-11-13417 R_SP,NEB-2021-11-13417 R_SP.jpg,NEB-2021-11-13417 R,S13417,OD,2021.0,green,72.0,3215.0,34.0,60.0,107.0,311.0,103.0,32068.0,3211.9,False,False,exact_id,1296,972,61.0,39.19,included,,>2800,train
NEB-2021-11-13418 L_SP,NEB-2021-11-13418 L_SP.jpg,NEB-2021-11-13418 L,S13418,OS,2021.0,green,72.0,3215.0,32.0,60.0,101.0,311.0,103.0,32011.0,3217.6,False,False,exact_id,1296,972,71.62,30.76,included,,>2800,train
NEB-2021-11-13419 R_SP,NEB-2021-11-13419 R_SP.jpg,NEB-2021-11-13419 R,S13419,OD,2021.0,green,72.0,3300.0,34.0,68.0,102.0,303.0,113.0,34216.0,3302.5,False,False,exact_id,1296,972,63.76,38.3,included,,>2800,train
NEB-2021-11-13420 L_SP,NEB-2021-11-13420 L_SP.jpg,NEB-2021-11-13420 L,S13420,OS,2021.0,green,45.0,2865.0,39.0,49.0,135.0,349.0,115.0,40083.0,2869.0,False,False,exact_id,1296,972,68.57,49.8,included,,>2800,train
NEB-2021-11-13421 R_SP,NEB-2021-11-13421 R_SP.jpg,NEB-2021-11-13421 R,S13421,OD,2021.0,green,45.0,2994.0,37.0,52.0,124.0,334.0,120.0,40120.0,2991.0,False,False,exact_id,1296,972,79.43,35.16,included,,>2800,train
NEB-2021-11-13422 R_SP,NEB-2021-11-13422 R_SP.jpg,NEB-2021-11-13422 R,S13422,OD,2021.0,green,63.0,3058.0,36.0,70.0,119.0,327.0,110.0,35999.0,3055.6,False,False,exact_id,1296,972,59.48,29.23,included,,>2800,test
NEB-2021-11-13423 L_SP,NEB-2021-11-13423 L_SP.jpg,NEB-2021-11-13423 L,S13423,OS,2021.0,green,63.0,3205.0,33.0,65.0,104.0,312.0,108.0,33690.0,3205.7,False,False,exact_id,1296,972,60.61,32.21,included,,>2800,train
NEB-2021-11-13424 L_SP,NEB-2021-11-13424 L_SP.jpg,NEB-2021-11-13424 L,S13424,OS,2021.0,green,74.0,3106.0,43.0,59.0,140.0,322.0,109.0,35141.0,3101.8,False,False,exact_id,1296,972,55.64,43.49,included,,>2800,train
NEB-2021-11-13425 R_SP,NEB-2021-11-13425 R_SP.jpg,NEB-2021-11-13425 R,S13425,OD,2021.0,green,74.0,3236.0,39.0,56.0,120.0,309.0,104.0,32156.0,3234.2,False,False,exact_id,1296,972,63.58,43.59,included,,>2800,train
NEB-2021-11-13430 R_SP,NEB-2021-11-13430 R_SP.jpg,NEB-2021-11-13430 R,S13430,OD,2021.0,green,64.0,2469.0,43.0,47.0,174.0,405.0,112.0,45364.0,2468.9,False,False,exact_id,1296,972,82.89,33.41,included,,2000-2800,val
NEB-2021-11-13432 R_SP,NEB-2021-11-13432 R_SP.jpg,NEB-2021-11-13432 R,S13432,OD,2021.0,green,70.0,2899.0,35.0,52.0,122.0,345.0,106.0,36579.0,2897.8,False,False,exact_id,1296,972,45.94,44.82,included,,>2800,train
NEB-2021-11-13433 L_SP,NEB-2021-11-13433 L_SP.jpg,NEB-2021-11-13433 L,S13433,OS,2021.0,green,70.0,3021.0,39.0,54.0,128.0,331.0,105.0,34790.0,3018.1,False,False,exact_id,1296,972,51.59,33.92,included,,>2800,train
NEB-2021-11-13434 L_SP,NEB-2021-11-13434 L_SP.jpg,NEB-2021-11-13434 L,S13434,OS,2021.0,green,70.0,3077.0,37.0,40.0,119.0,325.0,117.0,38019.0,3077.4,False,False,exact_id,1296,972,125.56,28.62,included,,>2800,test
NEB-2021-11-13435 R_SP,NEB-2021-11-13435 R_SP.jpg,NEB-2021-11-13435 R,S13435,OD,2021.0,green,70.0,2740.0,36.0,48.0,132.0,365.0,118.0,43108.0,2737.3,False,False,exact_id,1296,972,115.18,31.52,included,,2000-2800,train
NEB-2021-11-13440 R_SP,NEB-2021-11-13440 R_SP.jpg,NEB-2021-11-13440 R,S13440,OD,2021.0,green,69.0,3125.0,33.0,58.0,105.0,320.0,105.0,33553.0,3129.4,False,False,exact_id,1296,972,90.59,34.89,included,,>2800,train
NEB-2021-11-13442 L_SP,NEB-2021-11-13442 L_SP.jpg,NEB-2021-11-13442 L,S13442,OS,2021.0,green,70.0,2907.0,34.0,58.0,118.0,344.0,122.0,41997.0,2905.0,False,False,exact_id,1296,972,95.44,35.84,included,,>2800,val
NEB-2021-11-13444 R_SP,NEB-2021-11-13444 R_SP.jpg,NEB-2021-11-13444 R,S13444,OD,2021.0,green,55.0,2833.0,41.0,47.0,145.0,353.0,119.0,42035.0,2831.0,False,False,exact_id,1296,972,74.87,31.87,included,,>2800,train
NEB-2021-11-13445 L_SP,NEB-2021-11-13445 L_SP.jpg,NEB-2021-11-13445 L,S13445,OS,2021.0,green,55.0,2513.0,36.0,56.0,143.0,398.0,102.0,40600.0,2512.3,False,False,exact_id,1296,972,86.52,64.59,included,,2000-2800,train
NEB-2021-11-13446 L_SP,NEB-2021-11-13446 L_SP.jpg,NEB-2021-11-13446 L,S13446,OS,2021.0,green,55.0,2882.0,31.0,54.0,109.0,347.0,108.0,37480.0,2881.5,False,False,exact_id,1296,972,104.12,45.68,included,,>2800,test
NEB-2021-11-13447 R_SP,NEB-2021-11-13447 R_SP.jpg,NEB-2021-11-13447 R,S13447,OD,2021.0,green,55.0,2793.0,35.0,56.0,126.0,358.0,119.0,42543.0,2797.2,False,False,exact_id,1296,972,106.32,61.62,included,,2000-2800,calibration
NEB-2021-11-13448 L_SP,NEB-2021-11-13448 L_SP.jpg,NEB-2021-11-13448 L,S13448,OS,2021.0,green,72.0,2801.0,41.0,50.0,146.0,357.0,106.0,37870.0,2799.0,False,False,exact_id,1296,972,65.22,47.44,included,,>2800,train
NEB-2021-11-13453 L_SP,NEB-2021-11-13453 L_SP.jpg,CNEB-2021-11-13453 L,S13453,OS,2021.0,green,61.0,1524.0,32.0,57.0,207.0,656.0,105.0,68863.0,1524.8,False,True,serial+eye,1296,972,101.1,53.62,included,dup_same_tissue,<2000,train
NEB-2021-11-13456 R_SP,NEB-2021-11-13456 R_SP.jpg,NEB-2021-11-13456 R,S13456,OD,2021.0,green,61.0,3279.0,44.0,56.0,133.0,305.0,110.0,33523.0,3281.3,False,False,exact_id,1296,972,69.21,39.96,included,,>2800,train
NEB-2021-11-13457 L_SP,NEB-2021-11-13457 L_SP.jpg,NEB-2021-11-13457 L,S13457,OS,2021.0,green,61.0,3436.0,38.0,53.0,110.0,291.0,113.0,32887.0,3436.0,False,False,exact_id,1296,972,55.56,44.13,included,,>2800,val
NEB-2021-11-13470 L_SP,NEB-2021-11-13470 L_SP.jpg,NEB-2021-11-13470 L,S13470,OS,2021.0,green,58.0,2217.0,34.0,54.0,155.0,451.0,114.0,51379.0,2218.8,False,False,exact_id,1296,972,66.32,42.75,included,,2000-2800,test
NEB-2021-11-13471 R_SP,NEB-2021-11-13471 R_SP.jpg,NEB-2021-11-13471 R,S13471,OD,2021.0,green,58.0,2070.0,35.0,58.0,169.0,483.0,128.0,61795.0,2071.4,False,False,exact_id,1296,972,68.7,42.4,included,,2000-2800,train
NEB-2021-113354 L_SP,NEB-2021-113354 L_SP.jpg,NEB-2021-113354 L,ID-NEB2021113354,OS,2021.0,green,58.0,3546.0,35.0,49.0,100.0,282.0,114.0,32174.0,3543.2,False,False,exact_id,1296,972,93.11,40.95,included,,>2800,train
NEB-2021-12-13466 L_SP,NEB-2021-12-13466 L_SP.jpg,NEB-2021-12-13466 L,S13466,OS,2021.0,green,52.0,2611.0,35.0,60.0,133.0,383.0,103.0,39471.0,2609.5,False,False,exact_id,1296,972,82.48,31.93,included,,2000-2800,train
NEB-2021-12-13467 R_SP,NEB-2021-12-13467 R_SP.jpg,NEB-2021-12-13467 R,S13467,OD,2021.0,green,52.0,2801.0,30.0,56.0,108.0,357.0,108.0,38565.0,2800.5,False,False,exact_id,1296,972,81.87,26.39,included,,>2800,train
NEB-2021-12-13476 R_SP,NEB-2021-12-13476 R_SP.jpg,NEB-2021-12-13476 R,S13476,OD,2021.0,green,48.0,3003.0,36.0,56.0,120.0,333.0,126.0,41918.0,3005.9,False,False,exact_id,1296,972,97.01,44.16,included,,>2800,train
NEB-2021-12-13479 R_SP,NEB-2021-12-13479 R_SP.jpg,NEB-2021-12-13479 R,S13479,OD,2021.0,green,43.0,2770.0,35.0,58.0,127.0,361.0,137.0,49408.0,2772.8,False,False,exact_id,1296,972,99.59,23.57,included,,2000-2800,val
NEB-2021-12-13483 R_SP,NEB-2021-12-13483 R_SP.jpg,NEB-2021-12-13483 R,S13483,OD,2021.0,green,49.0,2703.0,39.0,53.0,143.0,370.0,102.0,37779.0,2699.9,False,False,exact_id,1296,972,96.66,41.7,included,,2000-2800,train
NEB-2021-12-13484 L_SP,NEB-2021-12-13484 L_SP.jpg,NEB-2021-12-13484 L,S13484,OS,2021.0,green,72.0,3067.0,38.0,56.0,125.0,326.0,107.0,34875.0,3068.1,False,False,exact_id,1296,972,78.36,35.77,included,,>2800,test
NEB-2021-12-13485 R_SP,NEB-2021-12-13485 R_SP.jpg,NEB-2021-12-13485 R,S13485,OD,2021.0,green,72.0,2717.0,35.0,62.0,128.0,368.0,108.0,39709.0,2719.8,False,False,exact_id,1296,972,76.3,46.72,included,,2000-2800,train
NEB-2021-12-13486 L_SP,NEB-2021-12-13486 L_SP.jpg,NEB-2021-12-13486 L,S13486,OS,2021.0,green,54.0,3175.0,31.0,60.0,99.0,315.0,105.0,33073.0,3174.8,False,False,exact_id,1296,972,67.42,34.01,included,,>2800,train
NEB-2021-12-13489 R_SP,NEB-2021-12-13489 R_SP.jpg,NEB-2021-12-13489 R,S13489,OD,2021.0,green,64.0,2604.0,37.0,51.0,141.0,384.0,106.0,40735.0,2602.2,False,False,exact_id,1296,972,73.61,24.77,included,,2000-2800,train
NEB-2021-12-13493 R_SP,NEB-2021-12-13493 R_SP.jpg,NEB-2021-12-13493 R,S13493,OD,2021.0,green,63.0,3436.0,33.0,61.0,96.0,291.0,113.0,32910.0,3433.6,False,False,exact_id,1296,972,80.53,42.9,included,,>2800,val
NEB-2021-12-13494 R_SP,NEB-2021-12-13494 R_SP.jpg,NEB-2021-12-13494 R,S13494,OD,2021.0,green,57.0,2755.0,35.0,62.0,128.0,363.0,101.0,36639.0,2756.6,False,False,exact_id,1296,972,82.15,37.85,included,,2000-2800,train
NEB-2021-12-13495 L_SP,NEB-2021-12-13495 L_SP.jpg,NEB-2021-12-13495 L,S13495,OS,2021.0,green,57.0,2632.0,33.0,62.0,124.0,380.0,104.0,39554.0,2629.3,False,False,exact_id,1296,972,69.25,43.34,included,,2000-2800,calibration
NEB-2021-12-13499 R_SP,NEB-2021-12-13499 R_SP.jpg,NEB-2021-12-13499 R,S13499,OD,2021.0,green,76.0,2959.0,38.0,69.0,130.0,338.0,104.0,35179.0,2956.3,False,False,exact_id,1296,972,77.62,29.35,included,,>2800,train
NEB-2021-12-13501 R_SP,NEB-2021-12-13501 R_SP.jpg,NEB-2021-12-13501 R,S13501,OD,2021.0,green,44.0,2653.0,38.0,54.0,142.0,377.0,102.0,38407.0,2655.8,False,False,exact_id,1296,972,63.73,37.87,included,,2000-2800,train
NEB-2021-12-13528 R_SP,NEB-2021-12-13528 R_SP.jpg,NEB-2021-12-13528 R,S13528,OD,2021.0,green,36.0,3367.0,39.0,63.0,115.0,297.0,112.0,33311.0,3362.3,False,False,exact_id,1296,972,98.79,23.73,included,,>2800,test
NEB-2021-12-13529 L_SP,NEB-2021-12-13529 L_SP.jpg,NEB-2021-12-13529 L,S13529,OS,2021.0,green,36.0,3175.0,37.0,54.0,116.0,315.0,107.0,33664.0,3178.5,False,False,exact_id,1296,972,90.76,38.12,included,,>2800,train
NEB-2021-12-13532 L_SP,NEB-2021-12-13532 L_SP.jpg,NEB-2021-12-13532 L,S13532,OS,2021.0,green,36.0,2604.0,35.0,61.0,135.0,384.0,100.0,38416.0,2603.1,False,False,exact_id,1296,972,51.77,44.37,included,,2000-2800,train
NEB-2021-12-13533 R_SP,NEB-2021-12-13533 R_SP.jpg,NEB-2021-12-13533 R,S13533,OD,2021.0,green,36.0,2532.0,34.0,59.0,133.0,395.0,119.0,46992.0,2532.3,False,False,exact_id,1296,972,67.52,41.88,included,,2000-2800,val
NEB-2021-12-13539 R_SP,NEB-2021-12-13539 R_SP.jpg,NEB-2021-12-13539 R,S13539,OD,2021.0,green,69.0,2618.0,35.0,54.0,134.0,382.0,107.0,40875.0,2617.7,False,False,exact_id,1296,972,62.2,56.2,included,,2000-2800,train
NEB-2021-12-13540 L_SP,NEB-2021-12-13540 L_SP.jpg,NEB-2021-12-13540 L,S13540,OS,2021.0,green,43.0,2257.0,37.0,52.0,163.0,443.0,115.0,50916.0,2258.6,False,False,exact_id,1296,972,76.79,38.23,included,,2000-2800,test
NEB-2021-12-13541 R_SP,NEB-2021-12-13541 R_SP.jpg,NEB-2021-12-13541 R,S13541,OD,2021.0,green,43.0,3333.0,37.0,54.0,112.0,300.0,112.0,33600.0,3333.3,False,False,exact_id,1296,972,76.95,33.8,included,,>2800,train
NEB-2021-12-13552 L_SP,NEB-2021-12-13552 L_SP.jpg,NEB-2021-12-13552 L,S13552,OS,2021.0,green,42.0,3096.0,37.0,48.0,118.0,323.0,114.0,36771.0,3100.3,False,False,exact_id,1296,972,83.24,42.06,included,,>2800,train
NEB-2021-12-13553 R_SP,NEB-2021-12-13553 R_SP.jpg,NEB-2021-12-13553 R,S13553,OD,2021.0,green,42.0,2857.0,37.0,56.0,130.0,350.0,109.0,38183.0,2854.7,False,False,exact_id,1296,972,77.47,44.83,included,,>2800,train
NEB-2021-13478 L_SP,NEB-2021-13478 L_SP.jpg,NEB-2021-13478 L,S13478,OS,2021.0,green,43.0,2809.0,36.0,58.0,128.0,356.0,117.0,41600.0,2812.5,False,False,exact_id,1296,972,103.04,24.95,included,,>2800,train
NEB-2022 -01-13582 L_SP,NEB-2022 -01-13582 L_SP.jpg,NEB-2022 -01-13582 L,S13582,OS,2022.0,green,52.0,2632.0,31.0,63.0,118.0,380.0,104.0,39540.0,2630.2,False,False,exact_id,1296,972,58.53,43.73,included,,2000-2800,val
NEB-2022-01-13569 L_SP,NEB-2022-01-13569 L_SP.jpg,NEB-2022-01-13569 L,S13569,OS,2022.0,green,65.0,2198.0,42.0,58.0,190.0,455.0,111.0,50488.0,2198.5,False,False,exact_id,1296,972,61.48,37.35,included,,2000-2800,train
NEB-2022-01-13574 R_SP,NEB-2022-01-13574 R_SP.jpg,NEB-2022-01-13574 R,S13574,OD,2022.0,green,57.0,2597.0,28.0,63.0,107.0,385.0,118.0,45376.0,2600.5,False,False,exact_id,1296,972,52.9,59.22,included,,2000-2800,train
NEB-2022-01-13590 R_SP,NEB-2022-01-13590 R_SP.jpg,NEB-2022-01-13590 R,S13590,OD,2022.0,green,49.0,3155.0,41.0,54.0,129.0,317.0,103.0,32615.0,3158.1,False,False,exact_id,1296,972,75.13,35.9,included,,>2800,train
NEB-2022-01-13595 L_SP,NEB-2022-01-13595 L_SP.jpg,NEB-2022-01-13595 L,S13595,OS,2022.0,green,68.0,2564.0,30.0,60.0,116.0,390.0,132.0,51487.0,2563.8,False,False,exact_id,1296,972,61.6,38.08,included,,2000-2800,test
NEB-2022-01-13596 R_SP,NEB-2022-01-13596 R_SP.jpg,NEB-2022-01-13596 R,S13596,OD,2022.0,green,68.0,2597.0,34.0,56.0,131.0,385.0,114.0,43893.0,2597.2,False,False,exact_id,1296,972,65.2,41.49,included,,2000-2800,train
NEB-2022-01-13603 R_SP,NEB-2022-01-13603 R_SP.jpg,NEB-2022-01-13603 R,S13603,OD,2022.0,green,70.0,2770.0,31.0,61.0,112.0,361.0,122.0,43982.0,2773.9,False,False,exact_id,1296,972,73.01,31.8,included,,2000-2800,train
NEB-2022-01-13606 L_SP,NEB-2022-01-13606 L_SP.jpg,NEB-2022-01-13606 L,S13606,OD,2022.0,green,51.0,2809.0,33.0,58.0,117.0,356.0,110.0,39110.0,2812.6,False,False,exact_id,1296,972,74.94,31.63,included,,>2800,train
NEB-2022-01-13612 R_SP,NEB-2022-01-13612 R_SP.jpg,NEB-2022-01-13612 R,S13612,OD,2022.0,green,41.0,2506.0,31.0,68.0,122.0,399.0,121.0,48307.0,2504.8,False,False,exact_id,1296,972,72.27,41.07,included,,2000-2800,val
NEB-2022-01-13667 R_SP,NEB-2022-01-13667 R_SP.jpg,NEB-2022-01-13667 R,S13667,OD,2022.0,green,62.0,2577.0,28.0,74.0,110.0,388.0,139.0,53897.0,2579.0,False,False,exact_id,1296,972,67.02,36.9,included,,2000-2800,train
NEB-2022-01-13668 L_SP,NEB-2022-01-13668 L_SP.jpg,NEB-2022-01-13668 L,S13668,OS,2022.0,green,62.0,2092.0,33.0,62.0,158.0,478.0,127.0,60723.0,2091.5,False,False,exact_id,1296,972,61.4,41.07,included,,2000-2800,train
NEB-2022-02-13694 R_SP,NEB-2022-02-13694 R_SP.jpg,NEB-2022-02-13694 R,S13694,OD,2022.0,green,61.0,2519.0,39.0,52.0,153.0,397.0,116.0,46038.0,2519.7,False,False,exact_id,1296,972,105.17,52.2,included,,2000-2800,train
NEB-2022-02-13703 R_SP,NEB-2022-02-13703 R_SP.jpg,NEB-2022-02-13703 R,S13703,OD,2022.0,green,51.0,3413.0,42.0,60.0,124.0,293.0,116.0,34007.0,3411.1,False,False,exact_id,1296,972,101.09,54.9,included,,>2800,train
NEB-2022-02-13706 L_SP,NEB-2022-02-13706 L_SP.jpg,NEB-2022-02-13706 L,S13706,OS,2022.0,green,60.0,2681.0,40.0,57.0,148.0,373.0,110.0,41036.0,2680.6,False,False,exact_id,1296,972,96.6,58.5,included,,2000-2800,calibration
NEB-2022-02-13708 L_SP,NEB-2022-02-13708 L_SP.jpg,NEB-2022-02-13708 L,S13708,OS,2022.0,green,49.0,3003.0,39.0,58.0,130.0,333.0,135.0,44904.0,3006.4,False,False,exact_id,1296,972,66.93,40.54,included,,>2800,val
NEB-2022-02-13717 R_SP,NEB-2022-02-13717 R_SP.jpg,NEB-2022-02-13717 R,S13717,OD,2022.0,green,75.0,3077.0,32.0,67.0,103.0,325.0,109.0,35455.0,3074.3,False,False,exact_id,1296,972,66.51,46.56,included,,>2800,train
NEB-2022-02-13718 R_SP,NEB-2022-02-13718 R_SP.jpg,NEB-2022-02-13718 R,S13718,OD,2022.0,green,70.0,2604.0,31.0,63.0,119.0,384.0,106.0,40678.0,2605.8,False,False,exact_id,1296,972,120.63,46.81,included,,2000-2800,test
NEB-2022-02-13720 L_SP,NEB-2022-02-13720 L_SP.jpg,NEB-2022-02-13720 L,S13720,OS,2022.0,green,55.0,2801.0,39.0,57.0,138.0,357.0,101.0,36034.0,2802.9,False,False,exact_id,1296,972,128.43,46.8,included,,>2800,train
NEB-2022-02-13721 R_SP,NEB-2022-02-13721 R_SP.jpg,NEB-2022-02-13721 R,S13721,OD,2022.0,green,55.0,2564.0,34.0,57.0,132.0,390.0,127.0,49471.0,2567.2,False,False,exact_id,1296,972,116.82,35.02,included,,2000-2800,train
NEB-2022-02-13726 L_SP,NEB-2022-02-13726 L_SP.jpg,NEB-2022-02-13726 L,S13726,OS,2022.0,green,54.0,3021.0,35.0,58.0,115.0,331.0,108.0,35775.0,3018.9,False,False,exact_id,1296,972,81.77,51.09,included,,>2800,train
NEB-2022-03-13765 L_SP,NEB-2022-03-13765 L_SP.jpg,NEB-2022-03-13765 L,S13765,OS,2022.0,green,53.0,2571.0,33.0,57.0,127.0,389.0,111.0,43192.0,2569.9,False,False,exact_id,1296,972,79.23,43.44,included,,2000-2800,test
NEB-2022-03-13771 R_SP,NEB-2022-03-13771 R_SP.jpg,NEB-2022-03-13771 R,S13771,OD,2022.0,green,56.0,2571.0,31.0,62.0,120.0,389.0,109.0,42428.0,2569.1,False,False,exact_id,1296,972,114.76,37.84,included,,2000-2800,train
NEB-2022-03-13791 L_SP,NEB-2022-03-13791 L_SP.jpg,NEB-2022-03-13791 L,S13791,OS,2022.0,green,66.0,2114.0,31.0,67.0,146.0,473.0,138.0,65221.0,2115.9,False,False,exact_id,1296,972,105.68,50.81,included,,2000-2800,train
NEB-2022-03-13795 L_SP,NEB-2022-03-13795 L_SP.jpg,NEB-2022-03-13795 L,S13795,OS,2022.0,green,70.0,2793.0,42.0,56.0,149.0,358.0,123.0,43996.0,2795.7,False,False,exact_id,1296,972,62.88,36.92,included,,2000-2800,train
NEB-2022-04-13813 R_SP,NEB-2022-04-13813 R_SP.jpg,NEB-2022-04-13813 R,S13813,OD,2022.0,green,47.0,3115.0,35.0,60.0,111.0,321.0,106.0,34012.0,3116.5,False,False,exact_id,1296,972,61.04,40.79,included,,>2800,val
NEB-2022-04-13819 L_SP,NEB-2022-04-13819 L_SP.jpg,NEB-2022-04-13819 L,S13819,OS,2022.0,green,66.0,1621.0,32.0,60.0,200.0,617.0,112.0,69132.0,1620.1,False,False,exact_id,1296,972,128.61,54.53,included,,<2000,train
NEB-2022-04-13864 R_SP,NEB-2022-04-13864 R_SP.jpg,NEB-2022-04-13864 R,S13864,OD,2022.0,green,70.0,2257.0,38.0,63.0,170.0,443.0,114.0,50453.0,2259.5,False,False,exact_id,1296,972,107.85,29.96,included,,2000-2800,train
NEB-2022-04-13868 L_SP,NEB-2022-04-13868 L_SP.jpg,NEB-2022-04-13868 L,S13868,OS,2022.0,green,49.0,2717.0,35.0,60.0,127.0,368.0,109.0,40120.0,2716.8,False,False,exact_id,1296,972,87.88,39.9,included,,2000-2800,calibration
NEB-2022-04-13869 R_SP,NEB-2022-04-13869 R_SP.jpg,NEB-2022-04-13869 R,S13869,OD,2022.0,green,49.0,2849.0,38.0,57.0,132.0,351.0,107.0,37568.0,2848.2,False,False,exact_id,1296,972,73.28,24.28,included,,>2800,train
NEB-2022-04-13873 R_SP,NEB-2022-04-13873 R_SP.jpg,NEB-200-04-13873 R,S13873,OD,2022.0,green,56.0,3226.0,45.0,52.0,138.0,310.0,112.0,34683.0,3229.2,False,True,serial+eye,1296,972,131.42,60.77,included,dup_same_tissue,>2800,train
NEB-2022-04-13882 L_SP,NEB-2022-04-13882 L_SP.jpg,NEB-2022-04-13882 L,S13882,OS,2022.0,green,48.0,3205.0,38.0,52.0,119.0,312.0,103.0,32160.0,3202.7,False,False,exact_id,1296,972,64.46,37.99,included,,>2800,test
NEB-2022-04-13883 R_SP,NEB-2022-04-13883 R_SP.jpg,NEB-2022-04-13883 R,S13883,OD,2022.0,green,48.0,3155.0,34.0,65.0,107.0,317.0,108.0,34227.0,3155.4,False,False,exact_id,1296,972,53.29,39.0,included,,>2800,train
NEB-2022-04-13884 R_SP,NEB-2022-04-13884 R_SP.jpg,NEB-2022-04-13884 R,S13884,OD,2022.0,green,46.0,2976.0,37.0,44.0,124.0,336.0,105.0,35297.0,2974.8,False,False,exact_id,1296,972,67.24,38.96,included,,>2800,val
NEB-2022-04-13885 L_SP,NEB-2022-04-13885 L_SP.jpg,NEB-2022-04-13885 L,S13885,OS,2022.0,green,46.0,2865.0,32.0,58.0,113.0,349.0,111.0,38705.0,2867.8,False,False,exact_id,1296,972,57.24,33.34,included,,>2800,train
NEB-2022-05-13890 R_SP,NEB-2022-05-13890 R_SP.jpg,NEB-2022-05-13890 R,S13890,OD,2022.0,green,62.0,2506.0,38.0,49.0,151.0,399.0,113.0,45127.0,2504.0,False,False,exact_id,1296,972,72.95,40.86,included,,2000-2800,train
NEB-2022-05-13893 L_SP,NEB-2022-05-13893 L_SP.jpg,NEB-2022-05-13893 L,S13893,OS,2022.0,green,61.0,3390.0,40.0,44.0,119.0,295.0,106.0,31302.0,3386.4,False,False,exact_id,1296,972,108.01,41.11,included,,>2800,test
NEB-2022-05-13895 R_SP,NEB-2022-05-13895 R_SP.jpg,NEB-2022-05-13895 R,S13895,OD,2022.0,green,27.0,3049.0,45.0,59.0,146.0,328.0,111.0,36449.0,3045.4,False,False,exact_id,1296,972,106.0,54.06,included,,>2800,train
NEB-2022-05-13902 R_SP,NEB-2022-05-13902 R_SP.jpg,NEB-2022-05-13902 R,S13902,OD,2022.0,green,64.0,2710.0,38.0,50.0,142.0,369.0,114.0,42097.0,2708.0,False,False,exact_id,1296,972,92.13,33.75,included,,2000-2800,train
NEB-2022-05-13903 L_SP,NEB-2022-05-13903 L_SP.jpg,NEB-2022-05-13903 L,S13903,OS,2022.0,green,64.0,2740.0,35.0,59.0,128.0,365.0,112.0,40828.0,2743.2,False,False,exact_id,1296,972,102.54,36.48,included,,2000-2800,train
NEB-2022-05-13930 L_SP,NEB-2022-05-13930 L_SP.jpg,NEB-2022-05-13930 L,S13930,OS,2022.0,green,48.0,2513.0,36.0,61.0,145.0,398.0,129.0,51287.0,2515.3,False,False,exact_id,1296,972,83.84,42.59,included,,2000-2800,val
NEB-2022-05-13938 R_SP,NEB-2022-05-13938 R_SP.jpg,NEB-2022-05-13938 R,S13938,OD,2022.0,green,39.0,2695.0,34.0,63.0,127.0,371.0,105.0,38993.0,2692.8,False,False,exact_id,1296,972,89.12,35.45,included,,2000-2800,train
NEB-2022-06-13954 R_SP,NEB-2022-06-13954 R_SP.jpg,NEB-2022-06-13954 R,S13954,OD,2022.0,green,59.0,2695.0,31.0,60.0,116.0,371.0,117.0,43351.0,2698.9,False,False,exact_id,1296,972,64.26,40.35,included,,2000-2800,train
NEB-2022-06-13972 R_SP,NEB-2022-06-13972 R_SP.jpg,NEB-2022-06-13972 R,S13972,OD,2022.0,green,67.0,2899.0,44.0,50.0,153.0,345.0,120.0,41403.0,2898.3,False,False,exact_id,1296,972,77.89,55.08,included,,>2800,train
NEB-2022-06-13973 L_SP,NEB-2022-06-13973 L_SP.jpg,NEB-2022-06-13973 L,S13973,OS,2022.0,green,67.0,2632.0,37.0,56.0,139.0,380.0,111.0,42161.0,2632.8,False,False,exact_id,1296,972,79.65,48.45,included,,2000-2800,train
NEB-2022-06-14003 L_SP,NEB-2022-06-14003 L_SP.jpg,NEB-2022-06-14003 L,S14003,OS,2022.0,green,31.0,3049.0,35.0,59.0,115.0,328.0,109.0,35745.0,3049.4,False,False,exact_id,1296,972,64.27,42.55,included,,>2800,test
NEB-2022-06-14008 R_SP,NEB-2022-06-14008 R_SP.jpg,NEB-2022-06-14008 R,S14008,OD,2022.0,green,58.0,2532.0,33.0,56.0,131.0,395.0,113.0,44634.0,2531.7,False,False,exact_id,1296,972,74.81,42.07,included,,2000-2800,train
NEB-2022-06-14009 L_SP,NEB-2022-06-14009 L_SP.jpg,NEB-2022-06-14009 L,S14009,OS,2022.0,green,58.0,2381.0,33.0,52.0,139.0,420.0,112.0,47033.0,2381.3,False,False,exact_id,1296,972,64.7,32.8,included,,2000-2800,val
NEB-2022-06-14012 L_SP,NEB-2022-06-14012 L_SP.jpg,NEB-2022-06-14012 L,S14012,OS,2022.0,green,53.0,2020.0,37.0,57.0,185.0,495.0,124.0,61416.0,2019.0,False,False,exact_id,1296,972,107.66,47.09,included,,2000-2800,train
NEB-2022-07-14036 L_SP,NEB-2022-07-14036 L_SP.jpg,NEB-2022-07-14036 L,S14036,OS,2022.0,green,38.0,3205.0,30.0,60.0,95.0,312.0,109.0,33993.0,3206.5,False,False,exact_id,1296,972,76.97,44.3,included,,>2800,test
NEB-2022-07-14040 R_SP,NEB-2022-07-14040 R_SP.jpg,NEB-2022-07-14040 R,S14040,OD,2022.0,green,59.0,2597.0,39.0,58.0,150.0,385.0,115.0,44258.0,2598.4,False,False,exact_id,1296,972,80.92,30.47,included,,2000-2800,train
NEB-2022-07-14046 R_SP,NEB-2022-07-14046 R_SP.jpg,NEB-2022-07-14046 R,S14046,OD,2022.0,green,74.0,2227.0,32.0,62.0,142.0,449.0,135.0,60632.0,2226.5,False,False,exact_id,1296,972,69.59,42.83,included,,2000-2800,train
NEB-2022-08-14071 R_SP,NEB-2022-08-14071 R_SP.jpg,,,,,,,,,,,,,,,False,False,,1296,972,102.25,54.49,excluded:no_ground_truth,,,
NEB-2022-08-14077 L_SP,NEB-2022-08-14077 L_SP.jpg,NEB-2022-08-14077 L,S14077,OS,2022.0,green,61.0,2882.0,32.0,53.0,112.0,347.0,111.0,38538.0,2880.3,False,False,exact_id,1296,972,75.86,39.47,included,,>2800,train
NEB-2022-08-14088 L_SP,NEB-2022-08-14088 L_SP.jpg,NEB-2022-08-14088 L,S14088,OS,2022.0,green,62.0,2833.0,35.0,61.0,122.0,353.0,111.0,39164.0,2834.2,False,False,exact_id,1296,972,100.81,39.48,included,,>2800,train
NEB-2022-08-14090 L_SP,NEB-2022-08-14090 L_SP.jpg,NEB-2022-08-14090 L,S14090,OS,2022.0,green,68.0,2513.0,40.0,57.0,160.0,398.0,121.0,48154.0,2512.8,False,False,exact_id,1296,972,78.32,52.26,included,,2000-2800,train
NEB-2022-08-14092 R_SP,NEB-2022-08-14092 R_SP.jpg,NEB-2022-08-14092 R,S14092,OD,2022.0,green,72.0,2639.0,39.0,53.0,147.0,379.0,115.0,43555.0,2640.3,False,False,exact_id,1296,972,96.09,50.49,included,,2000-2800,val
NEB-2022-08-14105 R_SP,NEB-2022-08-14105 R_SP.jpg,NEB-2022-08-14105 R,S14105,OD,2022.0,green,44.0,2770.0,34.0,60.0,121.0,361.0,114.0,41135.0,2771.4,False,False,exact_id,1296,972,69.42,28.74,included,,2000-2800,train
NEB-2022-08-14117 L_SP,NEB-2022-08-14117 L_SP.jpg,NEB-2022-08-14117 L,S14117,OS,2022.0,green,54.0,2653.0,45.0,57.0,168.0,377.0,111.0,41887.0,2650.0,False,False,exact_id,1296,972,86.61,42.78,included,,2000-2800,train
NEB-2022-08-14119 L_SP,NEB-2022-08-14119 L_SP.jpg,NEB-2022-08-14119 L,S14119,OS,2022.0,green,59.0,2778.0,34.0,52.0,123.0,360.0,114.0,41078.0,2775.2,False,False,exact_id,1296,972,80.74,49.81,included,,2000-2800,train
NEB-2022-08-14124 R_SP,NEB-2022-08-14124 R_SP.jpg,NEB-2022-08-14124 R,S14124,OD,2022.0,green,50.0,2674.0,36.0,65.0,136.0,374.0,102.0,38107.0,2676.7,False,False,exact_id,1296,972,91.72,40.46,included,,2000-2800,test
NEB-2022-08-14132 L_SP,NEB-2022-08-14132 L_SP.jpg,NEB-2022-08-14132 L,S14132,OS,2022.0,green,66.0,2591.0,31.0,66.0,121.0,386.0,104.0,40100.0,2593.5,False,False,exact_id,1296,972,87.06,37.43,included,,2000-2800,val
NEB-2022-08-14138 L_SP,NEB-2022-08-14138 L_SP.jpg,NEB-2022-08-14138 L,S14138,OS,2022.0,green,50.0,2778.0,41.0,52.0,146.0,360.0,116.0,41749.0,2778.5,False,False,exact_id,1296,972,107.83,43.81,included,,2000-2800,train
NEB-2022-08-14139 R_SP,NEB-2022-08-14139 R_SP.jpg,NEB-2022-08-14139 R,S14139,OD,2022.0,green,50.0,2660.0,34.0,54.0,129.0,376.0,106.0,39811.0,2662.6,False,False,exact_id,1296,972,99.93,40.31,included,,2000-2800,train
NEB-2022-08-14140 L_SP,NEB-2022-08-14140 L_SP.jpg,NEB-2022-08-14140 L,S14140,OS,2022.0,green,57.0,2688.0,31.0,60.0,117.0,372.0,107.0,39771.0,2690.4,False,False,exact_id,1296,972,88.82,54.58,included,,2000-2800,train
NEB-2022-08-14141 R_SP,NEB-2022-08-14141 R_SP.jpg,NEB-2022-08-14141 R,S14141,OD,2022.0,green,57.0,2857.0,33.0,62.0,116.0,350.0,108.0,37801.0,2857.1,False,False,exact_id,1296,972,99.17,55.61,included,,>2800,train
NEB-2022-09-14181 R_SP,NEB-2022-09-14181 R_SP.jpg,NEB-2022-09-14181 R,S14181,OD,2022.0,green,52.0,3226.0,42.0,51.0,130.0,310.0,114.0,35352.0,3224.7,False,False,exact_id,1296,972,70.6,34.97,included,,>2800,test
NEB-2022-09-14192 L_SP,NEB-2022-09-14192 L_SP.jpg,NEB-2022-09-14192 L,S14192,OS,2022.0,green,46.0,2119.0,41.0,69.0,194.0,472.0,112.0,52815.0,2120.6,False,False,exact_id,1296,972,80.84,48.55,included,,2000-2800,train
NEB-2022-09-14203 L_SP,NEB-2022-09-14203 L_SP.jpg,NEB-2022-09-14203 L,S14203,OS,2022.0,green,63.0,2646.0,37.0,45.0,138.0,378.0,119.0,44923.0,2649.0,False,False,exact_id,1296,972,113.15,39.33,included,,2000-2800,train
NEB-2022-09-14206 L_SP,NEB-2022-09-14206 L_SP.jpg,NEB-2022-09-14206 L,S14206,OD,2022.0,green,69.0,2688.0,45.0,50.0,166.0,372.0,119.0,44233.0,2690.3,False,False,exact_id,1296,972,82.07,45.44,included,,2000-2800,test
NEB-2022-09-14207 R_SP,NEB-2022-09-14207 R_SP.jpg,NEB-2022-09-14207 R,S14207,OD,2022.0,green,69.0,2421.0,38.0,59.0,156.0,413.0,124.0,51177.0,2423.0,False,False,exact_id,1296,972,75.69,39.64,included,,2000-2800,train
NEB-2022-09-14215 R_SP,NEB-2022-09-14215 R_SP.jpg,NEB-2022-09-14215 R,S14215,OD,2022.0,green,66.0,2037.0,30.0,56.0,148.0,491.0,113.0,55439.0,2038.3,False,False,exact_id,1296,972,84.7,47.46,included,,2000-2800,val
NEB-2022-09-14216 R_SP,NEB-2022-09-14216 R_SP.jpg,NEB-2022-09-14216 R,S14216,OD,2022.0,green,46.0,2618.0,34.0,61.0,130.0,382.0,148.0,56474.0,2620.7,False,False,exact_id,1296,972,79.81,47.71,included,,2000-2800,train
NEB-2022-09-14217 L_SP,NEB-2022-09-14217 L_SP.jpg,NEB-2022-09-14217 L,S14217,OS,2022.0,green,46.0,2591.0,39.0,57.0,149.0,386.0,118.0,45598.0,2587.8,False,False,exact_id,1296,972,64.47,41.77,included,,2000-2800,train
NEB-2022-09-14226 L_SP,NEB-2022-09-14226 L_SP.jpg,NEB-2022-09-14226 L,S14226,OS,2022.0,green,50.0,2941.0,33.0,57.0,111.0,340.0,106.0,36075.0,2938.3,False,False,exact_id,1296,972,74.32,41.94,included,,>2800,train
NEB-2022-09-14245 L_SP,NEB-2022-09-14245 L_SP.jpg,NEB-2022-09-14245 L,S14245,OS,2022.0,green,57.0,3311.0,33.0,60.0,101.0,302.0,101.0,30525.0,3308.8,False,False,exact_id,1296,972,111.4,50.31,included,,>2800,calibration
NEB-2022-09-14263 L_SP,NEB-2022-09-14263 L_SP.jpg,NEB-2022-09-14263 L,S14263,OS,2022.0,green,36.0,2890.0,34.0,64.0,116.0,346.0,119.0,41172.0,2890.3,False,False,exact_id,1296,972,64.27,36.88,included,,>2800,train
NEB-2022-09-14276 R_SP,NEB-2022-09-14276 R_SP.jpg,NEB-2022-09-14276 R,S14276,OD,2022.0,green,56.0,2500.0,36.0,57.0,145.0,400.0,143.0,57130.0,2503.1,False,False,exact_id,1296,972,74.43,63.14,included,,2000-2800,test
NEB-2022-09-14278 R_SP,NEB-2022-09-14278 R_SP.jpg,NEB-2022-09-14278 R,S14278,OD,2022.0,green,70.0,3460.0,30.0,66.0,86.0,289.0,107.0,30901.0,3462.7,False,False,exact_id,1296,972,97.2,39.59,included,,>2800,train
NEB-2022-09-14282 R_SP,NEB-2022-09-14282 R_SP.jpg,NEB-2022-09-14282 R,S14282,OD,2022.0,green,68.0,2597.0,35.0,61.0,136.0,385.0,102.0,39261.0,2598.0,False,False,exact_id,1296,972,110.08,51.65,included,,2000-2800,train
NEB-2022-10-14292 R_SP,NEB-2022-10-14292 R_SP.jpg,NEB-2022-10-14292 R,S14292,OD,2022.0,green,65.0,2667.0,41.0,59.0,152.0,375.0,106.0,39750.0,2666.7,False,False,exact_id,1296,972,57.11,48.9,included,,2000-2800,train
NEB-2022-10-14301 L_SP,NEB-2022-10-14301 L_SP.jpg,NEB-2022-10-14301 L,S14301,OS,2022.0,green,58.0,2564.0,33.0,57.0,127.0,390.0,120.0,46777.0,2565.4,False,False,exact_id,1296,972,116.89,37.19,included,,2000-2800,val
NEB-2022-10-14323 R_SP,NEB-2022-10-14323 R_SP.jpg,NEB-2022-10-14323 R,S14323,OD,2022.0,green,51.0,2985.0,36.0,62.0,122.0,335.0,106.0,35515.0,2984.7,False,False,exact_id,1296,972,71.93,50.36,included,,>2800,train
NEB-2022-10-14324 L_SP,NEB-2022-10-14324 L_SP.jpg,NEB-2022-10-14324 L,S14324,OS,2022.0,green,51.0,2976.0,38.0,53.0,127.0,336.0,115.0,38649.0,2975.5,False,False,exact_id,1296,972,104.78,53.17,included,,>2800,train
NEB-2022-10-14346 R_SP,NEB-2022-10-14346 R_SP.jpg,NEB-2022-10-14346 R,S14346,OD,2022.0,green,55.0,2584.0,37.0,50.0,142.0,387.0,110.0,42563.0,2584.4,False,False,exact_id,1296,972,84.12,43.74,included,,2000-2800,train
NEB-2022-10-14347 R_SP,NEB-2022-10-14347 R_SP.jpg,NEB-2022-10-14347 R,S14347,OD,2022.0,green,46.0,2725.0,35.0,58.0,127.0,367.0,109.0,39997.0,2725.2,False,False,exact_id,1296,972,94.58,46.05,included,,2000-2800,train
NEB-2022-10-14348 L_SP,NEB-2022-10-14348 L_SP.jpg,NEB-2022-10-14348 L,S14348,OS,2022.0,green,46.0,2591.0,35.0,54.0,136.0,386.0,115.0,44443.0,2587.6,False,False,exact_id,1296,972,93.84,37.17,included,,2000-2800,test
NEB-2022-10-14350 R_SP,NEB-2022-10-14350 R_SP.jpg,NEB-2022-10-14350 R,S14350,OD,2022.0,green,58.0,2976.0,35.0,55.0,119.0,336.0,104.0,34904.0,2979.6,False,False,exact_id,1296,972,114.44,42.37,included,,>2800,train
NEB-2022-10-14357 R_SP,NEB-2022-10-14357 R_SP.jpg,NEB-2022-10-14357 R,S14357,OD,2022.0,green,67.0,2283.0,37.0,51.0,163.0,438.0,104.0,45511.0,2285.2,False,False,exact_id,1296,972,83.93,37.76,included,,2000-2800,val
NEB-2022-10-14359 L_SP,NEB-2022-10-14359 L_SP.jpg,NEB-2022-10-14359 L,S14359,OS,2022.0,green,50.0,2611.0,35.0,62.0,134.0,383.0,108.0,41318.0,2613.9,False,False,exact_id,1296,972,90.42,43.87,included,,2000-2800,train
NEB-2022-10-14375 L_SP,NEB-2022-10-14375 L_SP.jpg,NEB-2022-10-14375 L,S14375,OS,2022.0,green,57.0,2653.0,39.0,56.0,148.0,377.0,116.0,43720.0,2653.2,False,False,exact_id,1296,972,97.55,36.86,included,,2000-2800,train
NEB-2022-10-14376 R_SP,NEB-2022-10-14376 R_SP.jpg,NEB-2022-10-14376 R,S14376,OD,2022.0,green,57.0,2882.0,43.0,63.0,150.0,347.0,119.0,41340.0,2878.6,False,False,exact_id,1296,972,86.97,30.55,included,,>2800,test
NEB-2022-10-14378 R_SP,NEB-2022-10-14378 R_SP.jpg,NEB-2022-10-14378 R,S14378,OD,2022.0,green,48.0,2833.0,36.0,60.0,128.0,353.0,106.0,37429.0,2832.0,False,False,exact_id,1296,972,111.04,34.97,included,,>2800,train
NEB-2022-11-14389 R_SP,NEB-2022-11-14389 R_SP.jpg,NEB-2022-11-14389 R,S14389,OD,2022.0,green,64.0,2755.0,40.0,66.0,145.0,363.0,103.0,37432.0,2751.7,False,False,exact_id,1296,972,93.03,36.62,included,,2000-2800,train
NEB-2022-11-14390 L_SP,NEB-2022-11-14390 L_SP.jpg,NEB-2022-11-14390 L,S14390,OS,2022.0,green,64.0,2577.0,38.0,65.0,149.0,388.0,106.0,41116.0,2578.1,False,False,exact_id,1296,972,87.12,36.68,included,,2000-2800,train
NEB-2022-11-14394 L_SP,NEB-2022-11-14394 L_SP.jpg,NEB-2022-11-14394 L,S14394,OS,2022.0,green,47.0,3012.0,33.0,64.0,110.0,332.0,111.0,36828.0,3014.0,False,False,exact_id,1296,972,101.2,32.2,included,,>2800,train
NEB-2022-11-14395 R_SP,NEB-2022-11-14395 R_SP.jpg,NEB-2022-11-14395 R,S14395,OD,2022.0,green,64.0,2217.0,36.0,66.0,164.0,451.0,115.0,51920.0,2214.9,False,False,exact_id,1296,972,82.45,44.69,included,,2000-2800,val
NEB-2022-11-14396 L_SP,NEB-2022-11-14396 L_SP.jpg,NEB-2022-11-14396 L,S14396,OS,2022.0,green,64.0,2179.0,43.0,48.0,197.0,459.0,116.0,53228.0,2179.3,False,False,exact_id,1296,972,78.09,39.88,included,,2000-2800,train
NEB-2022-11-14397 L_SP,NEB-2022-11-14397 L_SP.jpg,NEB-2022-11-14397 L,S14397,OS,2022.0,green,68.0,2358.0,37.0,51.0,158.0,424.0,107.0,45394.0,2357.1,False,False,exact_id,1296,972,74.82,46.64,included,,2000-2800,test
NEB-2022-11-14398 R_SP,NEB-2022-11-14398 R_SP.jpg,NEB-2022-11-14398 R,S14398,OD,2022.0,green,68.0,2020.0,38.0,59.0,190.0,495.0,108.0,53438.0,2021.0,False,False,exact_id,1296,972,65.31,42.02,included,,2000-2800,train
NEB-2022-11-14403 L_SP,NEB-2022-11-14403 L_SP.jpg,NEB-2022-11-14403 L,S14403,OS,2022.0,green,22.0,3215.0,35.0,61.0,109.0,311.0,111.0,34542.0,3213.5,False,False,exact_id,1296,972,146.83,39.74,included,,>2800,train
NEB-2022-11-14404 R_SP,NEB-2022-11-14404 R_SP.jpg,NEB-2022-11-14404 R,S14404,OD,2022.0,green,22.0,3086.0,40.0,49.0,131.0,324.0,106.0,34310.0,3089.5,False,False,exact_id,1296,972,70.32,44.48,included,,>2800,val
NEB-2022-11-14411 L_SP,NEB-2022-11-14411 L_SP.jpg,NEB-2022-11-14411 L,S14411,OS,2022.0,green,59.0,3086.0,34.0,58.0,111.0,324.0,101.0,32705.0,3088.2,False,False,exact_id,1296,972,86.11,44.33,included,,>2800,train
NEB-2022-11-14412 R_SP,NEB-2022-11-14412 R_SP.jpg,NEB-2022-11-14412 R,S14412,OD,2022.0,green,59.0,2959.0,37.0,53.0,125.0,338.0,104.0,35198.0,2954.7,False,False,exact_id,1296,972,85.07,50.74,included,,>2800,train
NEB-2022-11-14416 L_SP,NEB-2022-11-14416 L_SP.jpg,NEB-2022-11-14416 L,S14416,OS,2022.0,green,63.0,2571.0,32.0,60.0,126.0,389.0,110.0,42799.0,2570.2,False,False,exact_id,1296,972,66.35,44.77,included,,2000-2800,train
NEB-2022-11-14423 L_SP,NEB-2022-11-14423 L_SP.jpg,NEB-2022-11-14423 L,S14423,OS,2022.0,green,29.0,2320.0,35.0,64.0,152.0,431.0,113.0,48706.0,2320.0,False,False,exact_id,1296,972,65.59,45.04,included,,2000-2800,test
NEB-2022-11-14424 R_SP,NEB-2022-11-14424 R_SP.jpg,NEB-2022-11-14424 R,S14424,OD,2022.0,green,29.0,2288.0,38.0,58.0,165.0,437.0,116.0,50708.0,2287.6,False,False,exact_id,1296,972,58.68,49.94,included,,2000-2800,train
NEB-2022-11-14445 R_SP,NEB-2022-11-14445 R_SP.jpg,NEB-2022-11-14445 R,S14445,OD,2022.0,green,58.0,2907.0,38.0,50.0,130.0,344.0,122.0,41915.0,2910.7,False,False,exact_id,1296,972,116.92,47.37,included,,>2800,train
NEB-2022-11-14449 R_SP,NEB-2022-11-14449 R_SP.jpg,NEB-2022-11-14449 R,S14449,OD,2022.0,green,53.0,3195.0,34.0,52.0,106.0,313.0,113.0,35408.0,3191.4,False,False,exact_id,1296,972,98.03,20.57,included,,>2800,train
NEB-2022-11-14450 L_SP,NEB-2022-11-14450 L_SP.jpg,NEB-2022-11-14450 L,S14450,OS,2022.0,green,53.0,3067.0,31.0,59.0,101.0,326.0,105.0,34235.0,3067.0,False,False,exact_id,1296,972,81.02,34.62,included,,>2800,val
NEB-2022-11-14452 R_SP,NEB-2022-11-14452 R_SP.jpg,NEB-2022-11-14452 R,S14452,OD,2022.0,green,54.0,2506.0,34.0,62.0,134.0,399.0,126.0,50217.0,2509.1,False,False,exact_id,1296,972,84.43,33.48,included,,2000-2800,train
NEB-2022-11-14455 R_SP,NEB-2022-11-14455 R_SP.jpg,NEB-2022-11-14455 R,S14455,OD,2022.0,green,57.0,2667.0,39.0,64.0,145.0,375.0,102.0,38235.0,2667.7,False,False,exact_id,1296,972,133.04,46.74,included,,2000-2800,train
NEB-2022-11-14480 R_SP,NEB-2022-11-14480 R_SP.jpg,NEB-2022-11-14480 R,S14480,OD,2022.0,green,69.0,2924.0,37.0,65.0,126.0,342.0,102.0,34913.0,2921.5,False,False,exact_id,1296,972,90.74,34.21,included,,>2800,test
NEB-2022-11-14497 R_SP,NEB-2022-11-14497 R_SP.jpg,NEB-2022-11-14497 R,S14497,OD,2022.0,green,32.0,3040.0,37.0,54.0,122.0,329.0,112.0,36796.0,3043.8,False,False,exact_id,1296,972,101.66,53.45,included,,>2800,train
NEB-2022-12-14520 L_SP,NEB-2022-12-14520 L_SP.jpg,NEB-2022-12-14520 L,S14520,OS,2022.0,green,54.0,2755.0,36.0,56.0,132.0,363.0,130.0,47172.0,2755.9,False,False,exact_id,1296,972,80.02,38.6,included,,2000-2800,train
NEB-2022-12-14531 L_SP,NEB-2022-12-14531 L_SP.jpg,NEB-2022-12-14531 L,S14531,OS,2022.0,green,49.0,2525.0,38.0,58.0,149.0,396.0,106.0,42014.0,2523.0,False,False,exact_id,1296,972,79.31,41.0,included,,2000-2800,train
NEB-2022-12-14532 R_SP,NEB-2022-12-14532 R_SP.jpg,NEB-2022-12-14532 R,S14532,OD,2022.0,green,49.0,2907.0,38.0,54.0,129.0,344.0,106.0,36442.0,2908.7,False,False,exact_id,1296,972,70.25,36.08,included,,>2800,train
NEB-2022-12-14533 L_SP,NEB-2022-12-14533 L_SP.jpg,NEB-2022-12-14533 L,S14533,OS,2022.0,green,51.0,2907.0,33.0,60.0,115.0,344.0,103.0,35453.0,2905.3,False,False,exact_id,1296,972,77.59,36.03,included,,>2800,calibration
NEB-2022-12-14541 L_SP,NEB-2022-12-14541 L_SP.jpg,NEB-2022-12-14541 L,S14541,OS,2022.0,green,51.0,2632.0,34.0,55.0,129.0,380.0,118.0,44898.0,2628.2,False,False,exact_id,1296,972,108.87,38.66,included,,2000-2800,val
NEB-2022-12-14548 L_SP,NEB-2022-12-14548 L_SP.jpg,NEB-2022-12-14548 L,S14548,OS,2022.0,green,63.0,2347.0,42.0,52.0,179.0,426.0,115.0,48957.0,2349.0,False,False,exact_id,1296,972,94.19,45.51,included,,2000-2800,train
NEB-2022-12-14549 L_SP,NEB-2022-12-14549 L_SP.jpg,NEB-2022-12-14549 L,S14549,OS,2022.0,green,39.0,3289.0,36.0,56.0,110.0,304.0,119.0,36191.0,3288.1,False,False,exact_id,1296,972,62.92,46.22,included,,>2800,val
NEB-2022-12-14550 R_SP,NEB-2022-12-14550 R_SP.jpg,NEB-2022-12-14550 R,S14550,OD,2022.0,green,39.0,3030.0,38.0,50.0,125.0,330.0,116.0,38231.0,3034.2,False,False,exact_id,1296,972,77.61,44.68,included,,>2800,test
NEB-2022-12-14559 L_SP,NEB-2022-12-14559 L_SP.jpg,NEB-2022-12-14559 L,S14559,OS,2022.0,green,61.0,2463.0,41.0,56.0,165.0,406.0,101.0,40986.0,2464.3,False,False,exact_id,1296,972,77.58,39.86,included,,2000-2800,train
NEB-2023- 01-14628 L_SP,NEB-2023- 01-14628 L_SP.jpg,NEB-2023- 01-14628 L,S14628,OS,2023.0,green,46.0,2451.0,30.0,65.0,123.0,408.0,123.0,50143.0,2453.0,False,False,exact_id,1296,972,90.37,47.68,included,,2000-2800,train
NEB-2023-01-14617 L_SP,NEB-2023-01-14617 L_SP.jpg,NEB-2023-01-14617 L,S14617,OS,2023.0,green,70.0,2551.0,42.0,55.0,163.0,392.0,103.0,40333.0,2553.7,False,False,exact_id,1296,972,104.24,43.71,included,,2000-2800,train
NEB-2023-01-14618 R_SP,NEB-2023-01-14618 R_SP.jpg,NEB-2023-01-14618 R,S14618,OD,2023.0,green,70.0,2882.0,40.0,52.0,139.0,347.0,119.0,41285.0,2882.4,False,False,exact_id,1296,972,82.44,59.14,included,,>2800,train
NEB-2023-01-14619 L_SP,NEB-2023-01-14619 L_SP.jpg,NEB-2023-01-14619 L,S14619,OS,2023.0,green,50.0,2950.0,37.0,52.0,125.0,339.0,109.0,36954.0,2949.6,False,False,exact_id,1296,972,118.56,42.19,included,,>2800,train
NEB-2023-01-14627 R_SP,NEB-2023-01-14627 R_SP.jpg,NEB-2023-01-14627 R,S14627,OD,2023.0,green,46.0,2688.0,33.0,53.0,123.0,372.0,107.0,39801.0,2688.4,False,False,exact_id,1296,972,93.97,49.18,included,,2000-2800,test
NEB-2023-01-14647 L_SP,NEB-2023-01-14647 L_SP.jpg,NEB-2023-01-14647 L,S14647,OS,2023.0,green,58.0,2841.0,35.0,57.0,123.0,352.0,107.0,37669.0,2840.5,False,False,exact_id,1296,972,70.81,37.59,included,,>2800,train
NEB-2023-01-14648 R_SP,NEB-2023-01-14648 R_SP.jpg,NEB-2023-01-14648 R,S14648,OD,2023.0,green,58.0,3165.0,37.0,54.0,118.0,316.0,101.0,31900.0,3166.1,False,False,exact_id,1296,972,60.52,38.01,included,,>2800,train
NEB-2023-01-14661 L_SP,NEB-2023-01-14661 L_SP.jpg,NEB-2023-01-14661 L,S14661,OS,2023.0,green,55.0,2538.0,37.0,66.0,146.0,394.0,112.0,44088.0,2540.4,False,False,exact_id,1296,972,97.46,38.45,included,,2000-2800,train
NEB-2023-02-14692 L_SP,NEB-2023-02-14692 L_SP.jpg,NEB-2023-02-14692 L,S14692,OS,2023.0,green,59.0,2604.0,38.0,51.0,147.0,384.0,111.0,42589.0,2606.3,False,False,exact_id,1296,972,63.1,42.06,included,,2000-2800,train
NEB-2023-02-14696 R_SP,NEB-2023-02-14696 R_SP.jpg,NEB-2023-02-14696 R,S14696,OD,2023.0,green,37.0,2890.0,35.0,61.0,121.0,346.0,109.0,37728.0,2889.1,False,False,exact_id,1296,972,75.33,45.05,included,,>2800,train
NEB-2023-02-14704 L_SP,NEB-2023-02-14704 L_SP.jpg,NEB-2023-02-14704 L,S14704,OS,2023.0,green,65.0,2564.0,36.0,53.0,140.0,390.0,113.0,44069.0,2564.2,False,False,exact_id,1296,972,81.45,38.9,included,,2000-2800,val
NEB-2023-02-14740 R_SP,NEB-2023-02-14740 R_SP.jpg,NEB-2023-02-14740 R,S14740,OD,2023.0,green,21.0,2336.0,33.0,58.0,142.0,428.0,110.0,47075.0,2336.7,False,False,exact_id,1296,972,75.26,40.81,included,,2000-2800,train
NEB-2023-02-14741 L_SP,NEB-2023-02-14741 L_SP.jpg,NEB-2023-02-14741 L,S14741,OS,2023.0,green,21.0,2342.0,34.0,55.0,144.0,427.0,114.0,48674.0,2342.1,False,False,exact_id,1296,972,68.59,39.25,included,,2000-2800,test
NEB-2023-02-14742 R_SP,NEB-2023-02-14742 R_SP.jpg,NEB-2023-02-14742 R,S14742,OD,2023.0,green,60.0,2793.0,34.0,54.0,123.0,358.0,106.0,37977.0,2791.2,False,False,exact_id,1296,972,82.92,44.18,included,,2000-2800,train
NEB-2023-02-14781 L_SP,NEB-2023-02-14781 L_SP.jpg,NEB-2023-02-14781 L,S14781,OS,2023.0,green,67.0,2004.0,41.0,53.0,205.0,499.0,140.0,69894.0,2003.0,False,False,exact_id,1296,972,78.81,41.91,included,,2000-2800,train
NEB-2023-02-14782 R_SP,NEB-2023-02-14782 R_SP.jpg,NEB-2023-02-14782 R,S14782,OD,2023.0,green,67.0,1754.0,35.0,57.0,200.0,570.0,115.0,65529.0,1754.9,False,False,exact_id,1296,972,82.95,37.71,included,,<2000,train
NEB-2023-02-14785 L_SP,NEB-2023-02-14785 L_SP.jpg,NEB-2023-02-14785 L,S14785,OS,2023.0,green,58.0,2584.0,30.0,64.0,116.0,387.0,107.0,41438.0,2582.2,False,False,exact_id,1296,972,72.08,29.13,included,,2000-2800,test
NEB-2023-02-14786 R_SP,NEB-2023-02-14786 R_SP.jpg,NEB-2023-02-14786 R,S14786,OD,2023.0,green,58.0,2392.0,44.0,45.0,184.0,418.0,105.0,43887.0,2392.5,False,False,exact_id,1296,972,95.65,47.74,included,,2000-2800,val
NEB-2023-03-14807 L_SP,NEB-2023-03-14807 L_SP.jpg,NEB-2023-03-14807 L,S14807,OS,2023.0,green,47.0,2604.0,38.0,53.0,147.0,384.0,109.0,41879.0,2602.7,False,False,exact_id,1296,972,79.1,43.3,included,,2000-2800,train
NEB-2023-03-14808 R_SP,NEB-2023-03-14808 R_SP.jpg,NEB-2023-03-14808 R,S14808,OD,2023.0,green,47.0,2538.0,35.0,56.0,137.0,394.0,107.0,42148.0,2538.7,False,False,exact_id,1296,972,72.11,47.11,included,,2000-2800,train
NEB-2023-03-14816 L_SP,NEB-2023-03-14816 L_SP.jpg,NEB-2023-03-14816 L,S14816,OS,2023.0,green,50.0,2558.0,39.0,57.0,153.0,391.0,120.0,46952.0,2555.8,False,False,exact_id,1296,972,73.0,41.2,included,,2000-2800,train
NEB-2023-03-14817 L_SP,NEB-2023-03-14817 L_SP.jpg,NEB-2023-03-14817 L,S14817,OS,2023.0,green,53.0,2288.0,36.0,53.0,158.0,437.0,120.0,52448.0,2288.0,False,False,exact_id,1296,972,78.22,33.39,included,,2000-2800,train
NEB-2023-03-14823 R_SP,NEB-2023-03-14823 R_SP.jpg,NEB-2023-03-14823 R,S14823,OD,2023.0,green,68.0,2538.0,32.0,60.0,127.0,394.0,116.0,45677.0,2539.6,False,False,exact_id,1296,972,92.89,39.81,included,,2000-2800,val
NEB-2023-03-14826 L_SP,NEB-2023-03-14826 L_SP.jpg,NEB-2023-03-14826 L,S14826,OS,2023.0,green,52.0,2427.0,32.0,64.0,131.0,412.0,134.0,55175.0,2428.6,False,False,exact_id,1296,972,101.18,45.18,included,,2000-2800,train
NEB-2023-03-14860 L_SP,NEB-2023-03-14860 L_SP.jpg,NEB-2023-03-14860 L,S14860,OS,2023.0,green,34.0,2890.0,36.0,51.0,126.0,346.0,101.0,34912.0,2893.0,False,False,exact_id,1296,972,121.43,57.0,included,,>2800,test
NEB-2023-03-14881 L_SP,NEB-2023-03-14881 L_SP.jpg,NEB-2023-03-14881 L,S14881,OS,2023.0,green,65.0,1520.0,45.0,37.0,293.0,658.0,117.0,77004.0,1519.4,False,False,exact_id,1296,972,82.14,36.55,included,,<2000,train
NEB-2023-03-14905 L_SP,NEB-2023-03-14905 L_SP.jpg,NEB-2023-03-14905 L,S14905,OS,2023.0,green,72.0,2577.0,34.0,58.0,133.0,388.0,100.0,38765.0,2579.6,False,False,exact_id,1296,972,84.82,38.67,included,,2000-2800,train
NEB-2023-03-14923 L_SP,NEB-2023-03-14923 L_SP.jpg,NEB-2023-03-14923 L,S14923,OS,2023.0,green,68.0,2315.0,38.0,60.0,163.0,432.0,105.0,45337.0,2316.0,False,False,exact_id,1296,972,74.13,42.79,included,,2000-2800,train
NEB-2023-03-14925 R_SP,NEB-2023-03-14925 R_SP.jpg,NEB-2023-03-14925 R,S14925,OD,2023.0,green,43.0,2268.0,38.0,52.0,168.0,441.0,114.0,50238.0,2269.2,False,False,exact_id,1296,972,81.4,47.79,included,,2000-2800,train
NEB-2023-04-14949 R_SP,NEB-2023-04-14949 R_SP.jpg,NEB-2023-04-14949 R,S14949,OD,2023.0,green,70.0,1754.0,41.0,52.0,233.0,570.0,113.0,64379.0,1755.2,False,False,exact_id,1296,972,81.2,47.36,included,,<2000,train
NEB-2023-04-14950 L_SP,NEB-2023-04-14950 L_SP.jpg,NEB-2023-04-14950 L,S14950,OS,2023.0,green,70.0,1701.0,33.0,61.0,193.0,588.0,123.0,72375.0,1699.5,False,False,exact_id,1296,972,64.76,29.43,included,,<2000,val
NEB-2023-04-14965 R_SP,NEB-2023-04-14965 R_SP.jpg,NEB-2023-04-14965 R,S14965,OD,2023.0,green,36.0,2591.0,31.0,76.0,118.0,386.0,115.0,44346.0,2593.2,False,False,exact_id,1296,972,70.9,35.43,included,,2000-2800,train
NEB-2023-04-14966 L_SP,NEB-2023-04-14966 L_SP.jpg,NEB-2023-04-14966 L,S14966,OS,2023.0,green,36.0,2695.0,28.0,64.0,103.0,371.0,105.0,39003.0,2692.1,False,False,exact_id,1296,972,69.9,39.44,included,,2000-2800,train
NEB-2023-05-15023 L_SP,NEB-2023-05-15023 L_SP.jpg,NEB-2023-05-15023 L,S15023,OS,2023.0,green,71.0,2049.0,34.0,61.0,167.0,488.0,117.0,57101.0,2049.0,False,False,exact_id,1296,972,77.55,53.48,included,,2000-2800,test
NEB-2023-05-15040 R_SP,NEB-2023-05-15040 R_SP.jpg,NEB-2023-05-15040 R,S15040,OD,2023.0,green,38.0,2778.0,37.0,62.0,134.0,360.0,111.0,39999.0,2775.1,False,False,exact_id,1296,972,77.95,50.16,included,,2000-2800,val
NEB-2023-05-15090 L_SP,NEB-2023-05-15090 L_SP.jpg,NEB-2023-05-15090 L,S15090,OS,2023.0,green,46.0,2538.0,42.0,54.0,166.0,394.0,135.0,53184.0,2538.4,False,False,exact_id,1296,972,72.97,36.87,included,,2000-2800,train
NEB-2023-05-15091 R_SP,NEB-2023-05-15091 R_SP.jpg,NEB-2023-05-15091 R,S15091,OD,2023.0,green,69.0,2959.0,34.0,54.0,114.0,338.0,114.0,38511.0,2960.2,False,False,exact_id,1296,972,62.59,43.31,included,,>2800,train
NEB-2023-05-15092 L_SP,NEB-2023-05-15092 L_SP.jpg,NEB-2023-05-15092 L,S15092,OS,2023.0,green,69.0,3086.0,31.0,67.0,101.0,324.0,113.0,36561.0,3090.7,False,False,exact_id,1296,972,75.18,49.91,included,,>2800,train
NEB-2023-05-15095 L_SP,NEB-2023-05-15095 L_SP.jpg,NEB-2023-05-15095 L,S15095,OS,2023.0,green,59.0,3106.0,34.0,60.0,111.0,322.0,121.0,38924.0,3108.6,False,False,exact_id,1296,972,64.27,50.51,included,,>2800,train
NEB-2023-05-15103 L_SP,NEB-2023-05-15103 L_SP.jpg,NEB-2023-05-15103 L,S15103,OS,2023.0,green,44.0,2778.0,40.0,58.0,143.0,360.0,110.0,39629.0,2775.7,False,False,exact_id,1296,972,77.62,45.48,included,,2000-2800,train
NEB-2023-05-15108 R_SP,NEB-2023-05-15108 R_SP.jpg,NEB-2023-05-15108 R,S15108,OD,2023.0,green,65.0,2392.0,36.0,56.0,152.0,418.0,109.0,45576.0,2391.6,False,False,exact_id,1296,972,101.62,47.28,included,,2000-2800,train
NEB-2023-05-15117 R_SP,NEB-2023-05-15117 R_SP.jpg,,,,,,,,,,,,,,,False,False,,1296,972,114.51,54.18,excluded:no_ground_truth,,,
NEB-2023-05-15119 R_SP,NEB-2023-05-15119 R_SP.jpg,NEB-2023-05-15119 R,S15119,OD,2023.0,green,59.0,2331.0,40.0,56.0,173.0,429.0,115.0,49360.0,2329.8,False,False,exact_id,1296,972,114.04,53.88,included,,2000-2800,test
NEB-2023-05-15123 R_SP,NEB-2023-05-15123 R_SP.jpg,NEB-2023-05-15123 R,S15123,OD,2023.0,green,63.0,2703.0,35.0,64.0,129.0,370.0,104.0,38492.0,2701.9,False,False,exact_id,1296,972,83.03,43.2,included,,2000-2800,train
NEB-2023-05-15126 L_SP,NEB-2023-05-15126 L_SP.jpg,NEB-2023-05-15126 L,S15126,OS,2023.0,green,57.0,2985.0,30.0,68.0,102.0,335.0,119.0,39816.0,2988.7,False,False,exact_id,1296,972,92.97,44.78,included,,>2800,val
NEB-2023-06-15154 L_SP,NEB-2023-06-15154 L_SP.jpg,NEB-2023-06-15154 L,S15154,OS,2023.0,green,60.0,2105.0,42.0,42.0,200.0,475.0,101.0,48002.0,2104.1,False,False,exact_id,1296,972,65.83,44.77,included,,2000-2800,train
NEB-2023-06-15158 R_SP,NEB-2023-06-15158 R_SP.jpg,NEB-2023-06-15158 R,S15158,OD,2023.0,green,43.0,2817.0,37.0,65.0,132.0,355.0,98.0,34795.0,2816.5,False,False,exact_id,1296,972,110.4,53.28,included,,>2800,test
NEB-2023-06-15198 R_SP,NEB-2023-06-15198 R_SP.jpg,NEB-2023-06-15198 R,S15198,OD,2023.0,green,66.0,2252.0,36.0,57.0,158.0,444.0,161.0,71462.0,2252.9,False,False,exact_id,1296,972,80.29,44.06,included,,2000-2800,train
NEB-2023-07-15208 L_SP,NEB-2023-07-15208 L_SP.jpg,NEB-2023-07-15208 L,S15208,OS,2023.0,green,67.0,2564.0,31.0,51.0,122.0,390.0,114.0,44510.0,2561.2,False,False,exact_id,1296,972,77.82,44.44,included,,2000-2800,train
NEB-2023-07-15211 L_SP,NEB-2023-07-15211 L_SP.jpg,NEB-2023-07-15211 L,S15211,OS,2023.0,green,56.0,2747.0,35.0,52.0,127.0,364.0,112.0,40727.0,2750.0,False,False,exact_id,1296,972,89.22,43.51,included,,2000-2800,train
NEB-2023-07-15219 L_SP,NEB-2023-07-15219 L_SP.jpg,NEB-2023-07-15219 L,S15219,OS,2023.0,green,68.0,2288.0,40.0,53.0,173.0,437.0,104.0,45440.0,2288.7,False,False,exact_id,1296,972,45.85,36.8,included,,2000-2800,calibration
NEB-2023-07-15251 R_SP,NEB-2023-07-15251 R_SP.jpg,NEB-2023-07-15251 R,S15251,OD,2023.0,green,60.0,3279.0,44.0,50.0,133.0,305.0,104.0,31748.0,3275.8,False,False,exact_id,1296,972,126.97,53.51,included,,>2800,val
NEB-2023-07-15253 L_SP,NEB-2023-07-15253 L_SP.jpg,NEB-2023-07-15253 L,S15253,OS,2023.0,green,69.0,2667.0,40.0,55.0,149.0,375.0,122.0,45800.0,2663.8,False,False,exact_id,1296,972,101.67,41.9,included,,2000-2800,train
NEB-2023-07-15262 R_SP,NEB-2023-07-15262 R_SP.jpg,NEB-2023-07-15262 R,S15262,OD,2023.0,green,30.0,2597.0,29.0,65.0,111.0,385.0,110.0,42321.0,2599.2,False,False,exact_id,1296,972,64.74,35.12,included,,2000-2800,train
NEB-2023-07-15263 L_SP,NEB-2023-07-15263 L_SP.jpg,NEB-2023-07-15263 L,S15263,OS,2023.0,green,64.0,2849.0,31.0,63.0,108.0,351.0,110.0,38618.0,2848.4,False,False,exact_id,1296,972,100.03,43.43,included,,>2800,train
NEB-2023-07-15264 R_SP,NEB-2023-07-15264 R_SP.jpg,NEB-2023-07-15264 R,S15264,OD,2023.0,green,64.0,2732.0,38.0,52.0,140.0,366.0,116.0,42512.0,2728.6,False,False,exact_id,1296,972,59.88,35.69,included,,2000-2800,test
NEB-2023-07-15269 R_SP,NEB-2023-07-15269 R_SP.jpg,NEB-2023-07-15269 R,S15269,OD,2023.0,green,63.0,2304.0,41.0,54.0,179.0,434.0,111.0,48147.0,2305.4,False,False,exact_id,1296,972,103.74,38.4,included,,2000-2800,calibration
NEB-2023-07-15270 L_SP,NEB-2023-07-15270 L_SP.jpg,NEB-2023-07-15270 L,S15270,OS,2023.0,green,63.0,2551.0,35.0,58.0,137.0,392.0,112.0,43862.0,2553.5,False,False,exact_id,1296,972,122.29,52.68,included,,2000-2800,train
NEB-2023-08-15288 R_SP,NEB-2023-08-15288 R_SP.jpg,NEB-2023-08-15288 R,S15288,OD,2023.0,green,53.0,2041.0,33.0,60.0,162.0,490.0,115.0,56380.0,2039.7,False,False,exact_id,1296,972,69.55,38.56,included,,2000-2800,val
NEB-2023-08-15299 L_SP,NEB-2023-08-15299 L_SP.jpg,NEB-2023-08-15299 L,S15299,OD,2023.0,green,65.0,2309.0,36.0,55.0,155.0,433.0,114.0,49318.0,2311.5,False,False,exact_id,1296,972,118.43,48.94,included,,2000-2800,test
NEB-2023-08-15300R_SP,NEB-2023-08-15300R_SP.jpg,NEB-2023-08-15300R,S15300,OD,2023.0,green,65.0,2618.0,35.0,56.0,133.0,382.0,111.0,42408.0,2617.4,False,False,exact_id,1296,972,67.72,38.83,included,,2000-2800,train
NEB-2023-08-15311 R _SP,NEB-2023-08-15311 R _SP.jpg,NEB-2023-08-15311 R,S15311,OD,2023.0,green,35.0,2571.0,36.0,61.0,139.0,389.0,113.0,43921.0,2572.8,False,False,exact_id,1296,972,107.26,51.22,included,,2000-2800,train
NEB-2023-08-15324 R_SP,NEB-2023-08-15324 R_SP.jpg,NEB-2023-08-15324 R,S15324,OD,2023.0,green,54.0,2967.0,39.0,57.0,132.0,337.0,139.0,46818.0,2968.9,False,False,exact_id,1296,972,85.61,46.1,included,,>2800,train
NEB-2023-08-15333 R_SP,NEB-2023-08-15333 R_SP.jpg,NEB-2023-08-15333 R,S15333,OD,2023.0,green,74.0,2985.0,37.0,40.0,123.0,335.0,101.0,33819.0,2986.5,False,False,exact_id,1296,972,88.41,40.76,included,,>2800,train
NEB-2023-08-15334 L_SP,NEB-2023-08-15334 L_SP.jpg,NEB-2023-08-15334 L,S15334,OS,2023.0,green,74.0,2755.0,37.0,45.0,133.0,363.0,108.0,39186.0,2756.1,False,False,exact_id,1296,972,88.56,58.82,included,,2000-2800,train
NEB-2023-09-15363 R_SP,NEB-2023-09-15363 R_SP.jpg,NEB-2023-09-15363 R,S15363,OD,2023.0,green,36.0,2632.0,31.0,55.0,119.0,380.0,108.0,41079.0,2629.1,False,False,exact_id,1296,972,73.03,50.89,included,,2000-2800,train
NEB-2023-09-15375 L_SP,NEB-2023-09-15375 L_SP.jpg,NEB-2023-09-15375 L,S15375,OS,2023.0,green,68.0,2519.0,34.0,56.0,135.0,397.0,112.0,44505.0,2516.6,False,False,exact_id,1296,972,116.49,44.91,included,,2000-2800,val
NEB-2023-09-15376 R_SP,NEB-2023-09-15376 R_SP.jpg,NEB-2023-09-15376 R,S15376,OD,2023.0,green,68.0,2591.0,37.0,52.0,143.0,386.0,110.0,42438.0,2592.0,False,False,exact_id,1296,972,92.79,46.71,included,,2000-2800,train
NEB-2023-09-15398 R_SP,NEB-2023-09-15398 R_SP.jpg,NEB-2023-09-15398 R,S15398,OD,2023.0,green,60.0,2597.0,40.0,61.0,153.0,385.0,105.0,40436.0,2596.7,False,False,exact_id,1296,972,102.88,56.43,included,,2000-2800,test
NEB-2023-10-15422 R_SP,NEB-2023-10-15422 R_SP.jpg,NEB-2023-10-15422 R,S15422,OD,2023.0,green,70.0,2353.0,38.0,59.0,161.0,425.0,113.0,47969.0,2355.7,False,False,exact_id,1296,972,99.35,50.43,included,,2000-2800,train
NEB-2023-10-15426 L_SP,NEB-2023-10-15426 L_SP.jpg,NEB-2023-10-15426 L,S15426,OS,2023.0,green,62.0,2625.0,30.0,58.0,115.0,381.0,113.0,43037.0,2625.6,False,False,exact_id,1296,972,91.19,39.45,included,,2000-2800,train
NEB-2023-10-15465 L_SP,NEB-2023-10-15465 L_SP.jpg,NEB-2023-10-15465 L,S15465,OS,2023.0,green,45.0,2976.0,38.0,59.0,126.0,336.0,113.0,37939.0,2978.5,False,False,exact_id,1296,972,65.99,45.49,included,,>2800,train
NEB-2023-10-15479 R_SP,NEB-2023-10-15479 R_SP.jpg,NEB-2023-10-15479 R,S15479,OD,2023.0,green,60.0,2299.0,36.0,59.0,157.0,435.0,112.0,48713.0,2299.2,False,False,exact_id,1296,972,88.74,41.46,included,,2000-2800,val
NEB-2023-10-15497 L_SP,NEB-2023-10-15497 L_SP.jpg,NEB-2023-10-15497 L,S15497,OS,2023.0,green,63.0,2625.0,30.0,64.0,116.0,381.0,110.0,41933.0,2623.2,False,False,exact_id,1296,972,86.73,33.7,included,,2000-2800,train
NEB-2023-10-15498 R_SP,NEB-2023-10-15498 R_SP.jpg,NEB-2023-10-15498 R,S15498,OD,2023.0,green,63.0,2463.0,33.0,62.0,133.0,406.0,107.0,43490.0,2460.3,False,False,exact_id,1296,972,73.36,36.24,included,,2000-2800,calibration
NEB-2023-11-15530 L_SP,NEB-2023-11-15530 L_SP.jpg,NEB-2023-11-15530 L,S15530,OS,2023.0,green,56.0,2725.0,33.0,61.0,122.0,367.0,104.0,38174.0,2724.4,False,False,exact_id,1296,972,83.58,33.45,included,,2000-2800,train
NEB-2023-11-15537 L_SP,NEB-2023-11-15537 L_SP.jpg,NEB-2023-11-15537 L,S15537,OS,2023.0,green,57.0,2577.0,35.0,60.0,136.0,388.0,118.0,45838.0,2574.3,False,False,exact_id,1296,972,87.74,48.51,included,,2000-2800,test
NEB-2023-11-15538 R_SP,NEB-2023-11-15538 R_SP.jpg,NEB-2023-11-15538 R,S15538,OD,2023.0,green,57.0,2564.0,34.0,54.0,132.0,390.0,110.0,42955.0,2560.8,False,False,exact_id,1296,972,88.69,52.17,included,,2000-2800,train
NEB-2023-11-15553 L_SP,NEB-2023-11-15553 L_SP.jpg,NEB-2023-11-15553 L,S15553,OS,2023.0,green,19.0,2994.0,27.0,65.0,91.0,334.0,117.0,39038.0,2997.1,False,False,exact_id,1296,972,77.03,34.83,included,,>2800,train
NEB-2023-11-15563 L_SP,NEB-2023-11-15563 L_SP.jpg,NEB-2023-11-15563 L,S15563,OS,2023.0,green,22.0,2950.0,37.0,61.0,124.0,339.0,111.0,37635.0,2949.4,False,False,exact_id,1296,972,80.53,49.22,included,,>2800,train
NEB-2023-11-15584 L_SP,NEB-2023-11-15584 L_SP.jpg,NEB-2023-11-15584 L,S15584,OS,2023.0,green,68.0,2336.0,36.0,56.0,155.0,428.0,104.0,44486.0,2337.8,False,False,exact_id,1296,972,96.75,51.04,included,,2000-2800,train
NEB-2023-12-15603 R_SP,NEB-2023-12-15603 R_SP.jpg,NEB-2023-12-15603 R,S15603,OD,2023.0,green,36.0,2849.0,35.0,58.0,124.0,351.0,119.0,41739.0,2851.1,False,False,exact_id,1296,972,75.34,52.67,included,,>2800,train
NEB-2023-12-15609 R_SP,NEB-2023-12-15609 R_SP.jpg,NEB-2023-12-15609 R,S15609,OD,2023.0,green,59.0,2532.0,42.0,58.0,167.0,395.0,119.0,46972.0,2533.4,False,False,exact_id,1296,972,75.7,53.89,included,,2000-2800,test
NEB-2023-12-15615 L_SP,NEB-2023-12-15615 L_SP.jpg,NEB-2023-12-15615 L,S15615,OS,2023.0,green,57.0,2538.0,39.0,53.0,152.0,394.0,113.0,44471.0,2541.0,False,False,exact_id,1296,972,86.07,56.37,included,,2000-2800,val
NEB-2023-12-15653 L_SP,NEB-2023-12-15653 L_SP.jpg,NEB-2023-12-15653 L,S15653,OS,2023.0,green,62.0,2193.0,32.0,60.0,147.0,456.0,105.0,47895.0,2192.3,False,False,exact_id,1296,972,54.13,49.26,included,,2000-2800,train
NEB-2023-12-15676 R_SP,NEB-2023-12-15676 R_SP.jpg,NEB-2023-12-15676 R,S15676,OD,2023.0,green,44.0,2558.0,37.0,50.0,143.0,391.0,111.0,43423.0,2556.2,False,False,exact_id,1296,972,63.25,54.95,included,,2000-2800,train
NEB-2023-12-15677 L_SP,NEB-2023-12-15677 L_SP.jpg,NEB-2023-12-15677 L,S15677,OS,2023.0,green,44.0,2519.0,36.0,59.0,144.0,397.0,118.0,46854.0,2518.5,False,False,exact_id,1296,972,80.42,51.27,included,,2000-2800,val
NEB-20234-02-15776 R_SP,NEB-20234-02-15776 R_SP.jpg,NEB-20234-02-15776 R,S15776,OD,2024.0,green,51.0,2882.0,39.0,50.0,135.0,347.0,114.0,39567.0,2881.2,False,False,exact_id,1296,972,112.04,39.47,included,,>2800,train
NEB-2024-01-15686 L_SP,NEB-2024-01-15686 L_SP.jpg,NEB-2024-01-15686 L,S15686,OS,2024.0,green,31.0,3378.0,41.0,44.0,122.0,296.0,103.0,30457.0,3381.8,False,False,exact_id,1296,972,90.01,48.04,included,,>2800,test
NEB-2024-01-15691 R_SP,NEB-2024-01-15691 R_SP.jpg,NEB-2024-01-15691 R,S15691,OD,2024.0,green,52.0,2933.0,30.0,65.0,102.0,341.0,112.0,38150.0,2935.8,False,False,exact_id,1296,972,88.9,48.25,included,,>2800,calibration
NEB-2024-01-15713 R_SP,NEB-2024-01-15713 R_SP.jpg,NEB-2024-01-15713 R,S15713,OD,2024.0,green,64.0,2375.0,33.0,66.0,141.0,421.0,117.0,49243.0,2376.0,False,False,exact_id,1296,972,96.42,47.13,included,,2000-2800,train
NEB-2024-01-15714 L_SP,NEB-2024-01-15714 L_SP.jpg,NEB-2024-01-15714 L,S15714,OS,2024.0,green,64.0,2463.0,28.0,63.0,114.0,406.0,103.0,41777.0,2465.5,False,False,exact_id,1296,972,89.93,47.31,included,,2000-2800,train
NEB-2024-01-15761 R_SP,NEB-2024-01-15761 R_SP.jpg,NEB-2024-01-15761 R,S15761,OD,2024.0,green,60.0,3300.0,35.0,53.0,106.0,303.0,110.0,33296.0,3303.7,False,False,exact_id,1296,972,80.12,55.82,included,,>2800,train
NEB-2024-02-15792 L_SP,NEB-2024-02-15792 L_SP.jpg,NEB-2024-02-15792 L,S15792,OS,2024.0,green,59.0,2959.0,36.0,51.0,122.0,338.0,108.0,36454.0,2962.6,False,False,exact_id,1296,972,100.36,42.28,included,,>2800,val
NEB-2024-02-15795 L_SP,NEB-2024-02-15795 L_SP.jpg,NEB-2024-02-15795 L,S15795,OS,2024.0,green,44.0,2500.0,38.0,65.0,152.0,400.0,165.0,66006.0,2499.8,False,False,exact_id,1296,972,85.0,43.73,included,,2000-2800,train
NEB-2024-02-15797 R_SP,NEB-2024-02-15797 R_SP.jpg,NEB-2024-02-15797 R,S15797,OD,2024.0,green,44.0,2551.0,33.0,59.0,130.0,392.0,103.0,40346.0,2552.9,False,False,exact_id,1296,972,71.49,51.46,included,,2000-2800,test
NEB-2024-02-15808 R_SP,NEB-2024-02-15808 R_SP.jpg,NEB-2024-02-15808 R,S15808,OD,2024.0,green,57.0,2268.0,33.0,64.0,147.0,441.0,114.0,50271.0,2267.7,False,False,exact_id,1296,972,83.27,36.4,included,,2000-2800,train
NEB-2024-02-15815 R_SP,NEB-2024-02-15815 R_SP.jpg,NEB-2024-02-15815 R,S15815,OD,2024.0,green,44.0,2625.0,37.0,47.0,141.0,381.0,112.0,42688.0,2623.7,False,False,exact_id,1296,972,73.05,48.92,included,,2000-2800,train
NEB-2024-02-15836 R_SP,NEB-2024-02-15836 R_SP.jpg,NEB-2024-02-15836 R,S15836,OD,2024.0,green,69.0,3003.0,36.0,61.0,120.0,333.0,112.0,37264.0,3005.6,False,False,exact_id,1296,972,38.04,42.3,included,,>2800,train
NEB-2024-03-15860 R_SP,NEB-2024-03-15860 R_SP.jpg,NEB-2024-03-15860 R,S15860,OD,2024.0,green,59.0,2604.0,31.0,65.0,120.0,384.0,106.0,40736.0,2602.1,False,False,exact_id,1296,972,75.05,43.41,included,,2000-2800,train
NEB-2024-04-15980 R_SP,NEB-2024-04-15980 R_SP.jpg,NEB-2024-04-15980 R,S15980,OD,2024.0,green,59.0,2584.0,35.0,65.0,137.0,387.0,105.0,40676.0,2581.4,False,False,exact_id,1296,972,96.48,56.95,included,,2000-2800,train
NEB-2024-04-15981 L_SP,NEB-2024-04-15981 L_SP.jpg,NEB-2024-04-15981 L,S15981,OS,2024.0,green,59.0,2532.0,35.0,62.0,137.0,395.0,107.0,42315.0,2528.7,False,False,exact_id,1296,972,93.83,56.74,included,,2000-2800,test
NEB-2024-04-15992 L_SP,NEB-2024-04-15992 L_SP.jpg,NEB-2024-04-15992 L,S15992,OS,2024.0,green,66.0,2833.0,44.0,50.0,154.0,353.0,108.0,38111.0,2833.8,False,False,exact_id,1296,972,105.11,54.36,included,,>2800,val
NEB-2024-05-16011 R_SP,NEB-2024-05-16011 R_SP.jpg,NEB-2024-05-16011 R,S16011,OD,2024.0,green,18.0,3268.0,32.0,60.0,98.0,306.0,108.0,33051.0,3267.7,False,False,exact_id,1296,972,69.81,43.51,included,,>2800,train
NEB-2024-05-16014 R_SP,NEB-2024-05-16014 R_SP.jpg,NEB-2024-05-16014 R,S16014,OD,2024.0,green,47.0,3257.0,31.0,66.0,95.0,307.0,109.0,33468.0,3256.8,False,False,exact_id,1296,972,82.43,45.91,included,,>2800,train
NEB-2024-05-16018 L_SP,NEB-2024-05-16018 L_SP.jpg,NEB-2024-05-16018 L,S16018,OS,2024.0,green,74.0,1842.0,42.0,60.0,228.0,543.0,107.0,58100.0,1841.7,False,False,exact_id,1296,972,78.5,49.53,included,,<2000,calibration
NEB-2024-05-16019 L_SP,NEB-2024-05-16019 L_SP.jpg,NEB-2024-05-16019 L,S16019,OS,2024.0,green,74.0,2427.0,42.0,50.0,172.0,412.0,110.0,45291.0,2428.7,False,False,exact_id,1296,972,93.81,40.22,included,,2000-2800,train
NEB-2024-05-16022 R_SP,NEB-2024-05-16022 R_SP.jpg,NEB-2024-05-16022 R,S16022,OD,2024.0,green,63.0,2632.0,42.0,53.0,160.0,380.0,105.0,39885.0,2632.6,False,False,exact_id,1296,972,93.56,54.41,included,,2000-2800,train
NEB-2024-05-16023 L_SP,NEB-2024-05-16023 L_SP.jpg,NEB-2024-05-16023 L,S16023,OS,2024.0,green,63.0,2532.0,39.0,55.0,155.0,395.0,107.0,42224.0,2534.1,False,False,exact_id,1296,972,83.66,51.43,included,,2000-2800,test
NEB-2024-05-16036 L_SP,NEB-2024-05-16036 L_SP.jpg,NEB-2024-05-16036 L,S16036,OS,2024.0,green,72.0,2667.0,37.0,59.0,139.0,375.0,110.0,41297.0,2663.6,False,False,exact_id,1296,972,135.28,39.22,included,,2000-2800,val
NEB-2024-05-16042 L_SP,NEB-2024-05-16042 L_SP.jpg,NEB-2024-05-16042 L,S16042,OS,2024.0,green,62.0,2597.0,40.0,54.0,154.0,385.0,111.0,42746.0,2596.7,False,False,exact_id,1296,972,91.31,41.16,included,,2000-2800,calibration
NEB-2024-05-16066 R_SP,NEB-2024-05-16066 R_SP.jpg,NEB-2024-05-16066 R,S16066,OD,2024.0,green,56.0,2747.0,38.0,54.0,140.0,364.0,103.0,37507.0,2746.2,False,False,exact_id,1296,972,67.25,37.36,included,,2000-2800,train
NEB-2024-05-16107 L_SP,NEB-2024-05-16107 L_SP.jpg,NEB-2024-05-16107 L,S16107,OS,2024.0,green,68.0,2000.0,36.0,59.0,182.0,500.0,119.0,59518.0,1999.4,False,False,exact_id,1296,972,88.51,36.46,included,,2000-2800,train
NEB-2024-05-16108 R_SP,NEB-2024-05-16108 R_SP.jpg,NEB-2024-05-16108 R,S16108,OD,2024.0,green,50.0,2519.0,36.0,57.0,144.0,397.0,105.0,41642.0,2521.5,False,False,exact_id,1296,972,99.17,45.52,included,,2000-2800,train
NEB-2024-05-16110 L_SP,NEB-2024-05-16110 L_SP.jpg,NEB-2024-05-16110 L,S16110,OS,2024.0,green,69.0,2625.0,35.0,50.0,134.0,381.0,105.0,40030.0,2623.0,False,False,exact_id,1296,972,93.51,52.04,included,,2000-2800,val
NEB-2024-06-16124 R_SP,NEB-2024-06-16124 R_SP.jpg,NEB-2024-06-16124 R,S16124,OD,2024.0,green,59.0,2358.0,38.0,55.0,161.0,424.0,132.0,55941.0,2359.6,False,False,exact_id,1296,972,96.6,58.05,included,,2000-2800,train
NEB-2024-06-16136 R_SP,NEB-2024-06-16136 R_SP.jpg,NEB-2024-06-16136 R,S16136,OD,2024.0,green,64.0,2717.0,33.0,58.0,121.0,368.0,106.0,39057.0,2714.0,False,False,exact_id,1296,972,71.12,47.61,included,,2000-2800,train
NEB-2024-06-16137 L_SP,NEB-2024-06-16137 L_SP.jpg,NEB-2024-06-16137 L,S16137,OS,2024.0,green,63.0,2667.0,33.0,50.0,125.0,375.0,108.0,40477.0,2668.2,False,False,exact_id,1296,972,85.13,32.27,included,,2000-2800,test
NEB-2024-06-16153 L_SP,NEB-2024-06-16153 L_SP.jpg,NEB-2024-06-16153 L,S16153,OS,2024.0,green,63.0,2717.0,39.0,54.0,145.0,368.0,108.0,39732.0,2718.2,False,False,exact_id,1296,972,85.78,32.57,included,,2000-2800,train
NEB-2024-06-16158 L_SP,NEB-2024-06-16158 L_SP.jpg,NEB-2024-06-16158 L,S16158,OS,2024.0,green,61.0,2309.0,38.0,63.0,164.0,433.0,105.0,45415.0,2312.0,False,False,exact_id,1296,972,74.04,52.41,included,,2000-2800,train
NEB-2024-06-16159 R_SP,NEB-2024-06-16159 R_SP.jpg,NEB-2024-06-16159 R,S16159,OD,2024.0,green,59.0,2817.0,36.0,56.0,127.0,355.0,106.0,37662.0,2814.5,False,False,exact_id,1296,972,72.05,46.33,included,,>2800,train
NEB-2024-06-16160 L_SP,NEB-2024-06-16160 L_SP.jpg,NEB-2024-06-16160 L,S16160,OS,2024.0,green,59.0,2674.0,34.0,61.0,127.0,374.0,118.0,44085.0,2676.6,False,False,exact_id,1296,972,86.89,52.34,included,,2000-2800,train
NEB-2024-07-16179 L_SP,NEB-2024-07-16179 L_SP.jpg,NEB-2024-07-16179 L,S16179,OS,2024.0,green,56.0,2747.0,37.0,57.0,134.0,364.0,119.0,43354.0,2744.8,False,False,exact_id,1296,972,113.48,38.18,included,,2000-2800,test
NEB-2024-07-16200 R_SP,NEB-2024-07-16200 R_SP.jpg,NEB-2024-07-16200 R,S16200,OD,2024.0,green,42.0,2558.0,34.0,63.0,132.0,391.0,116.0,45350.0,2557.9,False,False,exact_id,1296,972,94.44,45.03,included,,2000-2800,val
NEB-2024-07-16235 L_SP,NEB-2024-07-16235 L_SP.jpg,NEB-2024-07-16235 L,S16235,OS,2024.0,green,60.0,2326.0,36.0,57.0,156.0,430.0,115.0,49406.0,2327.7,False,False,exact_id,1296,972,72.07,44.66,included,,2000-2800,train
NEB-2024-08-16259 R _SP,NEB-2024-08-16259 R _SP.jpg,NEB-2024-08-16259 R,S16259,OD,2024.0,green,44.0,3448.0,43.0,51.0,124.0,290.0,118.0,34212.0,3449.1,False,False,exact_id,1296,972,87.19,33.34,included,,>2800,train
NEB-2024-08-16271 R_SP,NEB-2024-08-16271 R_SP.jpg,NEB-2024-08-16271 R,S16271,OD,2024.0,green,52.0,2695.0,34.0,62.0,125.0,371.0,104.0,38610.0,2693.6,False,False,exact_id,1296,972,103.3,52.52,included,,2000-2800,train
NEB-2024-08-16272 R_SP,NEB-2024-08-16272 R_SP.jpg,NEB-2024-08-16272 R,S16272,OD,2024.0,green,28.0,2500.0,30.0,56.0,122.0,400.0,138.0,55241.0,2498.1,False,False,exact_id,1296,972,115.77,45.0,included,,2000-2800,train
NEB-2024-08-16273 L_SP,NEB-2024-08-16273 L_SP.jpg,NEB-2024-08-16273 L,S16273,OS,2024.0,green,28.0,2519.0,33.0,55.0,130.0,397.0,111.0,44046.0,2520.1,False,False,exact_id,1296,972,81.71,52.21,included,,2000-2800,val
NEB-2024-08-16286 L_SP,NEB-2024-08-16286 L_SP.jpg,NEB-2024-08-16286 L,S16286,OS,2024.0,green,72.0,2604.0,40.0,50.0,155.0,384.0,113.0,43342.0,2607.2,False,False,exact_id,1296,972,112.23,44.51,included,,2000-2800,test
NEB-2024-08-16308 L_SP,NEB-2024-08-16308 L_SP.jpg,NEB-2024-08-16308 L,S16308,OS,2024.0,green,50.0,2899.0,39.0,47.0,135.0,345.0,112.0,38636.0,2898.9,False,False,exact_id,1296,972,94.31,57.09,included,,>2800,train
NEB-2024-08-16309 R_SP,NEB-2024-08-16309 R_SP.jpg,NEB-2024-08-16309 R,S16309,OD,2024.0,green,50.0,3096.0,38.0,48.0,124.0,323.0,120.0,38713.0,3099.7,False,False,exact_id,1296,972,98.28,45.63,included,,>2800,train
NEB-2024-08-16320 R_SP,NEB-2024-08-16320 R_SP.jpg,NEB-2024-08-16320 R,S16320,OD,2024.0,green,62.0,2571.0,34.0,63.0,134.0,389.0,104.0,40448.0,2571.2,False,False,exact_id,1296,972,76.61,51.31,included,,2000-2800,train
NEB-2024-09-16305 R_SP,NEB-2024-09-16305 R_SP.jpg,NEB-2024-09-16305 R,S16305,OD,2024.0,green,49.0,2732.0,49.0,57.0,180.0,366.0,104.0,38057.0,2732.7,False,False,exact_id,1296,972,67.13,50.28,included,,2000-2800,train
NEB-2024-09-16327 R_SP,NEB-2024-09-16327 R_SP.jpg,NEB-2024-09-16327 R,S16327,OD,2024.0,green,69.0,1522.0,35.0,50.0,233.0,657.0,108.0,70913.0,1523.0,False,False,exact_id,1296,972,87.94,50.47,included,,<2000,train
NEB-2024-09-16336 L_SP,NEB-2024-09-16336 L_SP.jpg,NEB-2024-09-16336 L,S16336,OS,2024.0,green,45.0,2740.0,32.0,63.0,118.0,365.0,102.0,37210.0,2741.2,False,False,exact_id,1296,972,98.9,41.14,included,,2000-2800,val
NEB-2024-09-16342 L_SP,NEB-2024-09-16342 L_SP.jpg,NEB-2024-09-16342 L,S16342,OD,2024.0,green,62.0,2392.0,38.0,60.0,157.0,418.0,114.0,47609.0,2394.5,False,False,exact_id,1296,972,98.11,54.82,included,,2000-2800,train
NEB-2024-09-16343 R_SP,NEB-2024-09-16343 R_SP.jpg,NEB-2024-09-16343 R,S16343,OD,2024.0,green,62.0,2513.0,38.0,58.0,152.0,398.0,120.0,47785.0,2511.2,False,False,exact_id,1296,972,85.1,54.37,included,,2000-2800,train
NEB-2024-09-16358 L_SP,NEB-2024-09-16358 L_SP.jpg,NEB-2024-09-16358 L,S16358,OS,2024.0,green,21.0,2857.0,30.0,67.0,105.0,350.0,122.0,42679.0,2858.5,False,False,exact_id,1296,972,62.41,39.42,included,,>2800,train
NEB-2024-09-16360 R_SP,NEB-2024-09-16360 R_SP.jpg,NEB-2024-09-16360 R,S16360,OD,2024.0,green,49.0,2933.0,34.0,58.0,115.0,341.0,106.0,36131.0,2933.8,False,False,exact_id,1296,972,94.41,43.9,included,,>2800,calibration
NEB-2024-09-16365 R_SP,NEB-2024-09-16365 R_SP.jpg,NEB-2024-09-16365 R,S16365,OD,2024.0,green,64.0,2564.0,37.0,54.0,144.0,390.0,126.0,49112.0,2565.6,False,False,exact_id,1296,972,107.42,42.93,included,,2000-2800,val
NEB-2024-09-16390 L_SP,NEB-2024-09-16390 L_SP.jpg,NEB-2024-09-16390 L,S16390,OS,2024.0,green,29.0,2320.0,34.0,64.0,146.0,431.0,115.0,49578.0,2319.6,False,False,exact_id,1296,972,93.61,58.47,included,,2000-2800,train
NEB-2024-10-16418 L_SP,NEB-2024-10-16418 L_SP.jpg,NEB-2024-10-16418 L,S16418,OS,2024.0,green,63.0,1119.0,30.0,65.0,267.0,894.0,72.0,64391.0,1118.2,False,False,exact_id,1296,972,102.19,45.8,included,,<2000,test
NEB-2024-10-16419 R_SP,NEB-2024-10-16419 R_SP.jpg,NEB-2024-10-16419 R,S16419,OD,2024.0,green,63.0,1221.0,32.0,52.0,262.0,819.0,82.0,67145.0,1221.2,False,False,exact_id,1296,972,66.92,46.36,included,,<2000,train
NEB-2024-10-16445 R_SP,NEB-2024-10-16445 R_SP.jpg,NEB-2024-10-16445 R,S16445,OD,2024.0,green,4.0,3472.0,40.0,55.0,114.0,288.0,109.0,31339.0,3478.1,False,False,exact_id,1296,972,91.88,47.63,included,,>2800,train
NEB-2024-10-16448 R_SP,NEB-2024-10-16448 R_SP.jpg,NEB-2024-10-16448 R,S16448,OD,2024.0,green,62.0,2545.0,32.0,67.0,127.0,393.0,113.0,44388.0,2545.7,False,False,exact_id,1296,972,83.02,54.48,included,,2000-2800,calibration
NEB-2024-10-16459 R_SP,NEB-2024-10-16459 R_SP.jpg,NEB-2024-10-16459 R,S16459,OD,2024.0,green,65.0,3106.0,34.0,59.0,111.0,322.0,104.0,33464.0,3107.8,False,False,exact_id,1296,972,72.99,41.34,included,,>2800,train
NEB-2024-10-16473 L_SP,NEB-2024-10-16473 L_SP.jpg,NEB-2024-10-16473 L,S16473,OS,2024.0,green,48.0,2976.0,33.0,63.0,110.0,336.0,118.0,39604.0,2979.5,False,False,exact_id,1296,972,89.11,56.25,included,,>2800,train
NEB-2024-11-16504 R_SP,NEB-2024-11-16504 R_SP.jpg,NEB-2024-11-16504 R,S16504,OD,2024.0,green,58.0,2545.0,38.0,61.0,148.0,393.0,103.0,40528.0,2541.5,False,False,exact_id,1296,972,100.99,45.53,included,,2000-2800,test
NEB-2024-11-16508 L_SP,NEB-2024-11-16508 L_SP.jpg,NEB-2024-11-16508 L,S16508,OS,2024.0,green,52.0,2519.0,34.0,64.0,135.0,397.0,116.0,46070.0,2517.9,False,False,exact_id,1296,972,115.53,38.1,included,,2000-2800,val
NEB-2024-11-16510 R_SP,NEB-2024-11-16510 R_SP.jpg,NEB-2024-11-16510 R,S16510,OD,2024.0,green,20.0,3021.0,33.0,53.0,109.0,331.0,110.0,36396.0,3022.3,False,False,exact_id,1296,972,109.5,54.69,included,,>2800,train
NEB-2024-11-16533 L_SP,NEB-2024-11-16533 L_SP.jpg,NEB-2024-11-16533 L,S16533,OS,2024.0,green,71.0,2740.0,45.0,58.0,166.0,365.0,111.0,40503.0,2740.5,False,False,exact_id,1296,972,76.05,52.16,included,,2000-2800,train
NEB-2024-11-16547 L_SP,NEB-2024-11-16547 L_SP.jpg,NEB-2024-11-16547 L,S16547,OS,2024.0,green,67.0,2278.0,39.0,52.0,172.0,439.0,110.0,48318.0,2276.6,False,False,exact_id,1296,972,93.42,44.97,included,,2000-2800,train
NEB-2024-11-16552 R_SP,NEB-2024-11-16552 R_SP.jpg,NEB-2024-11-16552 R,S16552,OD,2024.0,green,74.0,2128.0,38.0,65.0,178.0,470.0,104.0,48833.0,2129.7,False,False,exact_id,1296,972,85.42,43.27,included,,2000-2800,val
NEB-2024-11-16555 L_SP,NEB-2024-11-16555 L_SP.jpg,NEB-2024-11-16555 L,S16555,OS,2024.0,green,68.0,2793.0,37.0,60.0,131.0,358.0,109.0,38987.0,2795.8,False,False,exact_id,1296,972,74.94,53.15,included,,2000-2800,test
NEB-2024-11-16561 L_SP,NEB-2024-11-16561 L_SP.jpg,NEB-2024-11-16561 L,S16561,OS,2024.0,green,58.0,2778.0,42.0,55.0,152.0,360.0,105.0,37786.0,2778.8,False,False,exact_id,1296,972,90.34,54.06,included,,2000-2800,calibration
NEB-2024-11-16562 R_SP,NEB-2024-11-16562 R_SP.jpg,NEB-2024-11-16562 R,S16562,OD,2024.0,green,58.0,2421.0,38.0,54.0,158.0,413.0,109.0,45009.0,2421.7,False,False,exact_id,1296,972,89.78,43.83,included,,2000-2800,train
NEB-2024-11-16569 R_SP,NEB-2024-11-16569 R_SP.jpg,NEB-2024-11-16569 R,S16569,OD,2024.0,green,74.0,2941.0,39.0,61.0,131.0,340.0,107.0,36375.0,2941.6,False,False,exact_id,1296,972,85.04,32.53,included,,>2800,train
NEB-2024-12-16601 L_SP,NEB-2024-12-16601 L_SP.jpg,NEB-2024-12-16601 L,S16601,OS,2024.0,green,54.0,3012.0,37.0,54.0,122.0,332.0,115.0,38139.0,3015.3,False,False,exact_id,1296,972,93.87,49.1,included,,>2800,test
NEB-2024-12-16602 R_SP,NEB-2024-12-16602 R_SP.jpg,NEB-2024-12-16602 R,S16602,OD,2024.0,green,54.0,2849.0,36.0,50.0,126.0,351.0,107.0,37596.0,2846.0,False,False,exact_id,1296,972,68.91,48.96,included,,>2800,val
NEB-2024-12-16623 L_SP,NEB-2024-12-16623 L_SP.jpg,NEB-2024-12-16623 L,S16623,OS,2024.0,green,36.0,2924.0,31.0,63.0,105.0,342.0,110.0,37624.0,2923.7,False,False,exact_id,1296,972,78.02,43.96,included,,>2800,train
NEB-2024-12-16648 R_SP,NEB-2024-12-16648 R_SP.jpg,NEB-2024-12-16648 R,S16648,OD,2024.0,green,69.0,2519.0,31.0,58.0,122.0,397.0,99.0,39334.0,2516.9,False,False,exact_id,1296,972,73.2,44.33,included,,2000-2800,train
NEB-2024-12-16649 R_SP,NEB-2024-12-16649 R_SP.jpg,NEB-2024-12-16649 R,S16649,OD,2024.0,green,62.0,2525.0,43.0,60.0,170.0,396.0,108.0,42812.0,2522.7,False,False,exact_id,1296,972,107.51,40.04,included,,2000-2800,train
NEB-2024-12-16650 L_SP,NEB-2024-12-16650 L_SP.jpg,NEB-2024-12-16650 L,S16650,OS,2024.0,green,62.0,2513.0,34.0,61.0,136.0,398.0,126.0,50129.0,2513.5,False,False,exact_id,1296,972,95.69,44.05,included,,2000-2800,calibration
NEB-2024-12-16660 R_SP,NEB-2024-12-16660 R_SP.jpg,NEB-2024-12-16660 R,S16660,OD,2024.0,green,70.0,2564.0,32.0,53.0,126.0,390.0,108.0,42079.0,2566.6,False,False,exact_id,1296,972,89.29,43.9,included,,2000-2800,test
NEB-2024-12-16670 L_SP,NEB-2024-12-16670 L_SP.jpg,NEB-2024-12-16670 L,S16670,OS,2024.0,green,72.0,2347.0,32.0,60.0,137.0,426.0,105.0,44742.0,2346.8,False,False,exact_id,1296,972,74.84,56.74,included,,2000-2800,val
NEB-2024-12-16673 R_SP,NEB-2024-12-16673 R_SP.jpg,NEB-2024-12-16673 R,S16673,OD,2024.0,green,60.0,2618.0,31.0,62.0,117.0,382.0,104.0,39676.0,2621.2,False,False,exact_id,1296,972,86.07,48.66,included,,2000-2800,calibration
NEB-2024-12-16680 R_SP,NEB-2024-12-16680 R_SP.jpg,NEB-2024-12-16680 R,S16680,OD,2024.0,green,68.0,2604.0,41.0,55.0,158.0,384.0,110.0,42275.0,2602.0,False,False,exact_id,1296,972,77.4,42.86,included,,2000-2800,train
NEB-2025-01-16715 L_SP,NEB-2025-01-16715 L_SP.jpg,NEB-2025-01-16715 L,S16715,OS,2025.0,green,58.0,2653.0,35.0,59.0,132.0,377.0,107.0,40358.0,2651.3,False,False,exact_id,1296,972,86.24,41.71,included,,2000-2800,train
NEB-2025-01-16726 L_SP,NEB-2025-01-16726 L_SP.jpg,NEB-2025-01-16726 L,S16726,OS,2025.0,green,73.0,2755.0,35.0,57.0,126.0,363.0,112.0,40676.0,2753.5,False,False,exact_id,1296,972,60.14,47.68,included,,2000-2800,train
NEB-2025-01-16743 L_SP,NEB-2025-01-16743 L_SP.jpg,NEB-2025-01-16743 L,S16743,OS,2025.0,green,66.0,2667.0,37.0,55.0,137.0,375.0,107.0,40096.0,2668.6,False,False,exact_id,1296,972,90.48,51.48,included,,2000-2800,train
NEB-2025-01-16745 R_SP,NEB-2025-01-16745 R_SP.jpg,NEB-2025-01-16745 R,S16745,OD,2025.0,green,46.0,2625.0,33.0,59.0,124.0,381.0,108.0,41121.0,2626.4,False,False,exact_id,1296,972,77.66,45.17,included,,2000-2800,test
NEB-2025-01-16771 L_SP,NEB-2025-01-16771 L_SP.jpg,NEB-2025-01-16771 L,S16771,OS,2025.0,green,43.0,2874.0,36.0,61.0,125.0,348.0,106.0,36911.0,2871.8,False,False,exact_id,1296,972,115.57,55.66,included,,>2800,train
NEB-2025-01-16772 R_SP,NEB-2025-01-16772 R_SP.jpg,NEB-2025-01-16772 R,S16772,OD,2025.0,green,43.0,2959.0,33.0,48.0,112.0,338.0,102.0,34469.0,2959.2,False,False,exact_id,1296,972,105.24,55.16,included,,>2800,val
NEB-2025-01-16809 L_SP,NEB-2025-01-16809 L_SP.jpg,NEB-2025-01-16809 L,S16809,OS,2025.0,green,71.0,2469.0,33.0,58.0,132.0,405.0,110.0,44534.0,2470.0,False,False,exact_id,1296,972,85.37,39.58,included,,2000-2800,train
NEB-2025-01-18744 R_SP,NEB-2025-01-18744 R_SP.jpg,NEB-2025-01-18744 R,S18744,OD,2025.0,green,66.0,2494.0,40.0,60.0,161.0,401.0,109.0,43685.0,2495.1,False,False,exact_id,1296,972,81.3,53.33,included,,2000-2800,train
NEB-2025-02-16811 L_SP,NEB-2025-02-16811 L_SP.jpg,NEB-2025-02-16811 L,S16811,OS,2025.0,green,54.0,2331.0,38.0,58.0,161.0,429.0,107.0,45908.0,2330.7,False,False,exact_id,1296,972,95.72,58.79,included,,2000-2800,train
NEB-2025-02-16812 R_SP,NEB-2025-02-16812 R_SP.jpg,NEB-2025-02-16812 R,S16812,OD,2025.0,yellow,54.0,2252.0,36.0,58.0,158.0,444.0,107.0,47481.0,2253.5,False,False,exact_id,1296,972,85.39,49.43,included,,2000-2800,train
NEB-2025-02-16814 R_SP,NEB-2025-02-16814 R_SP.jpg,NEB-2025-02-16814 R,S16814,OD,2025.0,green,15.0,2747.0,24.0,70.0,89.0,364.0,107.0,38923.0,2749.0,False,False,exact_id,1296,972,77.54,60.34,included,,2000-2800,train
NEB-2025-02-16817 L_SP,NEB-2025-02-16817 L_SP.jpg,NEB-2025-02-16817 L,S16817,OS,2025.0,green,69.0,2770.0,48.0,51.0,174.0,361.0,108.0,38938.0,2773.6,False,False,exact_id,1296,972,97.5,52.82,included,,2000-2800,train
NEB-2025-02-16818 R_SP,NEB-2025-02-16818 R_SP.jpg,NEB-2025-02-16818 R,S16818,OD,2025.0,green,69.0,2688.0,44.0,57.0,163.0,372.0,101.0,37557.0,2689.2,False,False,exact_id,1296,972,102.68,55.17,included,,2000-2800,test
NEB-2025-02-16819 R_SP,NEB-2025-02-16819 R_SP.jpg,NEB-2025-02-16819 R,S16819,OD,2025.0,green,68.0,2028.0,34.0,56.0,169.0,493.0,119.0,58628.0,2029.7,False,False,exact_id,1296,972,68.98,39.9,included,,2000-2800,val
NEB-2025-02-16820 L_SP,NEB-2025-02-16820 L_SP.jpg,NEB-2025-02-16820 L,S16820,OS,2025.0,green,68.0,2976.0,32.0,62.0,109.0,336.0,109.0,36660.0,2973.3,False,False,exact_id,1296,972,76.18,40.84,included,,>2800,train
NEB-2025-02-16824 R_SP,NEB-2025-02-16824 R_SP.jpg,NEB-2025-02-16824 R,S16824,OD,2025.0,green,68.0,1686.0,31.0,63.0,183.0,593.0,105.0,62253.0,1686.7,False,False,exact_id,1296,972,123.14,53.48,included,,<2000,train
NEB-2025-02-16834 L_SP,NEB-2025-02-16834 L_SP.jpg,NEB-2025-02-16834 L,S16834,OS,2025.0,green,72.0,2793.0,34.0,60.0,120.0,358.0,105.0,37629.0,2790.4,False,False,exact_id,1296,972,91.38,46.17,included,,2000-2800,train
NEB-2025-02-16837 R_SP,NEB-2025-02-16837 R_SP.jpg,NEB-2025-02-16837 R,S16837,OD,2025.0,green,41.0,2950.0,36.0,45.0,123.0,339.0,113.0,38357.0,2946.0,False,False,exact_id,1296,972,71.91,48.27,included,,>2800,train
NEB-2025-02-16839 L_SP,NEB-2025-02-16839 L_SP.jpg,NEB-2025-02-16839 L,S16839,OS,2025.0,green,67.0,2415.0,36.0,60.0,147.0,414.0,105.0,43420.0,2418.2,False,False,exact_id,1296,972,83.45,51.88,included,,2000-2800,val
NEB-2025-02-16849 R_SP,NEB-2025-02-16849 R_SP.jpg,NEB-2025-02-16849 R,S16849,OD,2025.0,green,54.0,2326.0,38.0,51.0,164.0,430.0,101.0,43386.0,2327.9,False,False,exact_id,1296,972,88.33,54.61,included,,2000-2800,test
NEB-2025-02-16862 R_SP,NEB-2025-02-16862 R_SP.jpg,NEB-2025-02-16862 R,S16862,OD,2025.0,green,28.0,2681.0,27.0,71.0,99.0,373.0,102.0,38037.0,2681.6,False,False,exact_id,1296,972,93.7,48.49,included,,2000-2800,train
NEB-2025-02-16863 L_SP,NEB-2025-02-16863 L_SP.jpg,NEB-2025-02-16863 L,S16863,OS,2025.0,green,28.0,2674.0,34.0,54.0,126.0,374.0,113.0,42234.0,2675.6,False,False,exact_id,1296,972,71.52,50.61,included,,2000-2800,train
NEB-2025-03-16909 R_SP,NEB-2025-03-16909 R_SP.jpg,NEB-2025-03-16909 R,S16909,OD,2025.0,green,59.0,2545.0,37.0,63.0,147.0,393.0,114.0,44808.0,2544.2,False,False,exact_id,1296,972,97.66,40.53,included,,2000-2800,val
NEB-2025-03-16919 L_SP,NEB-2025-03-16919 L_SP.jpg,NEB-2025-03-16919 L,S16919,OS,2025.0,green,55.0,2703.0,34.0,53.0,125.0,370.0,104.0,38436.0,2705.8,False,False,exact_id,1296,972,89.53,43.32,included,,2000-2800,train
NEB-2025-03-16944 R_SP,NEB-2025-03-16944 R_SP.jpg,NEB-2025-03-16944 R,S16944,OD,2025.0,green,44.0,2618.0,36.0,60.0,138.0,382.0,120.0,45856.0,2616.9,False,False,exact_id,1296,972,61.48,50.23,included,,2000-2800,train
NEB-2025-03-16945 L_SP,NEB-2025-03-16945 L_SP.jpg,NEB-2025-03-16945 L,S16945,OS,2025.0,green,44.0,2667.0,42.0,55.0,156.0,375.0,105.0,39405.0,2664.6,False,False,exact_id,1296,972,83.86,52.49,included,,2000-2800,train
NEB-2025-03-16952 R_SP,NEB-2025-03-16952 R_SP.jpg,NEB-2025-03-16952 R,S16952,OD,2025.0,green,59.0,2907.0,41.0,49.0,142.0,344.0,112.0,38524.0,2907.3,False,False,exact_id,1296,972,87.96,55.08,included,,>2800,test
NEB-2025-03-16958 L_SP,NEB-2025-03-16958 L_SP.jpg,NEB-2025-03-16958 L,S16958,OS,2025.0,green,66.0,2725.0,37.0,54.0,134.0,367.0,112.0,41066.0,2727.3,False,False,exact_id,1296,972,121.72,54.36,included,,2000-2800,train
NEB-2025-03-16963 L_SP,NEB-2025-03-16963 L_SP.jpg,NEB-2025-03-16963 L,S16963,OS,2025.0,green,31.0,2688.0,40.0,56.0,149.0,372.0,121.0,44997.0,2689.1,False,False,exact_id,1296,972,61.01,39.89,included,,2000-2800,train
NEB-2025-03-16967 R_SP,NEB-2025-03-16967 R_SP.jpg,NEB-2025-03-16967 R,S16967,OD,2025.0,green,72.0,2268.0,43.0,60.0,191.0,441.0,111.0,48987.0,2265.9,False,False,exact_id,1296,972,74.57,52.54,included,,2000-2800,train
NEB-2025-03-16970 R_SP,NEB-2025-03-16970 R_SP.jpg,NEB-2025-03-16970 R,S16970,OD,2025.0,green,61.0,2985.0,43.0,55.0,143.0,335.0,105.0,35221.0,2981.2,False,False,exact_id,1296,972,81.51,57.55,included,,>2800,calibration
NEB-2025-03-16971 L_SP,NEB-2025-03-16971 L_SP.jpg,NEB-2025-03-16971 L,S16971,OS,2025.0,green,61.0,2890.0,37.0,51.0,129.0,346.0,108.0,37334.0,2892.8,False,False,exact_id,1296,972,78.16,56.08,included,,>2800,train
NEB-2025-03-16986 R_SP,NEB-2025-03-16986 R_SP.jpg,NEB-2025-03-16986 R,S16986,OD,2025.0,green,61.0,2833.0,39.0,49.0,139.0,353.0,103.0,36351.0,2833.5,False,False,exact_id,1296,972,99.78,45.58,included,,>2800,train
NEB-2025-03-16987 L_SP,NEB-2025-03-16987 L_SP.jpg,NEB-2025-03-16987 L,S16987,OS,2025.0,green,61.0,2941.0,41.0,50.0,138.0,340.0,108.0,36668.0,2945.3,False,False,exact_id,1296,972,118.95,48.62,included,,>2800,test
NEB-2025-03-18887 L_SP,NEB-2025-03-18887 L_SP.jpg,NEB-2025-03-18887 L,S18887,OS,2025.0,green,64.0,2268.0,36.0,52.0,160.0,441.0,121.0,53354.0,2267.9,False,False,exact_id,1296,972,127.3,36.61,included,,2000-2800,train
NEB-2025-04-16998 L_SP,NEB-2025-04-16998 L_SP.jpg,NEB-2025-04-16998 L,S16998,OS,2025.0,green,62.0,2747.0,36.0,62.0,131.0,364.0,115.0,41875.0,2746.3,False,False,exact_id,1296,972,83.53,58.82,included,,2000-2800,val
NEB-2025-04-17002 R_SP,NEB-2025-04-17002 R_SP.jpg,NEB-2025-04-17002 R,S17002,OD,2025.0,green,70.0,2695.0,43.0,48.0,159.0,371.0,100.0,37077.0,2697.1,False,False,exact_id,1296,972,84.12,46.24,included,,2000-2800,train
NEB-2025-04-17004 L_SP,NEB-2025-04-17004 L_SP.jpg,NEB-2025-04-17004 L,S17004,OS,2025.0,green,70.0,2674.0,44.0,55.0,164.0,374.0,105.0,39321.0,2670.3,False,False,exact_id,1296,972,62.42,42.26,included,,2000-2800,train
NEB-2025-04-17007 R_SP,NEB-2025-04-17007 R_SP.jpg,NEB-2025-04-17007 R,S17007,OD,2025.0,green,69.0,2558.0,34.0,54.0,132.0,391.0,113.0,44206.0,2556.2,False,False,exact_id,1296,972,69.55,50.48,included,,2000-2800,train
NEB-2025-04-17018 R_SP,NEB-2025-04-17018 R_SP.jpg,NEB-2025-04-17018 R,S17018,OD,2025.0,green,,1754.0,31.0,60.0,179.0,570.0,104.0,59234.0,1755.7,False,False,exact_id,1296,972,65.67,42.44,included,,<2000,test
NEB-2025-04-17034 R_SP,NEB-2025-04-17034 R_SP.jpg,NEB-2025-04-17034 R,S17034,OD,2025.0,green,39.0,2849.0,40.0,57.0,141.0,351.0,111.0,38920.0,2852.0,False,False,exact_id,1296,972,97.9,56.23,included,,>2800,train
NEB-2025-04-17039 R_SP,NEB-2025-04-17039 R_SP.jpg,NEB-2025-04-17039 R,S17039,OD,2025.0,green,65.0,2591.0,41.0,51.0,160.0,386.0,111.0,42884.0,2588.4,False,False,exact_id,1296,972,75.18,40.01,included,,2000-2800,val
NEB-2025-04-17044 R_SP,NEB-2025-04-17044 R_SP.jpg,NEB-2025-04-17044 R,S17044,OD,2025.0,green,66.0,2049.0,36.0,56.0,175.0,488.0,109.0,53234.0,2047.6,False,False,exact_id,1296,972,95.42,50.75,included,,2000-2800,train
NEB-2025-04-17053 L_SP,NEB-2025-04-17053 L_SP.jpg,NEB-2025-04-17053 L,S17053,OS,2025.0,green,58.0,2331.0,35.0,55.0,152.0,429.0,102.0,43763.0,2330.7,False,False,exact_id,1296,972,80.27,52.71,included,,2000-2800,train
NEB-2025-04-17054 R_SP,NEB-2025-04-17054 R_SP.jpg,NEB-2025-04-17054 R,S17054,OD,2025.0,green,67.0,2747.0,34.0,63.0,123.0,364.0,105.0,38210.0,2748.0,False,False,exact_id,1296,972,84.75,54.99,included,,2000-2800,train
NEB-2025-04-17058 L_SP,NEB-2025-04-17058 L_SP.jpg,NEB-2025-04-17058 L,S17058,OS,2025.0,green,65.0,2564.0,36.0,54.0,141.0,390.0,108.0,42084.0,2566.3,False,False,exact_id,1296,972,90.36,64.23,included,,2000-2800,train
NEB-2025-04-17064 R_SP,NEB-2025-04-17064 R_SP.jpg,NEB-2025-04-17064 R,S17064,OD,2025.0,green,60.0,2551.0,33.0,56.0,131.0,392.0,117.0,45814.0,2553.8,False,False,exact_id,1296,972,73.31,49.35,included,,2000-2800,val
NEB-2025-04-17065 L_SP,NEB-2025-04-17065 L_SP.jpg,NEB-2025-04-17065 L,S17065,OS,2025.0,green,60.0,2717.0,34.0,61.0,124.0,368.0,105.0,38628.0,2718.2,False,False,exact_id,1296,972,75.38,46.66,included,,2000-2800,train
NEB-2025-04-17077 R_SP,NEB-2025-04-17077 R_SP.jpg,NEB-2025-04-17077 R,S17077,OD,2025.0,green,28.0,2564.0,34.0,55.0,133.0,390.0,110.0,42903.0,2563.9,False,False,exact_id,1296,972,90.97,52.63,included,,2000-2800,train
NEB-2025-04-17078 R_SP,NEB-2025-04-17078 R_SP.jpg,NEB-2025-04-17078 R,S17078,OD,2025.0,green,65.0,3115.0,38.0,56.0,121.0,321.0,106.0,34028.0,3115.1,False,False,exact_id,1296,972,78.6,50.46,included,,>2800,test
NEB-2025-04-17079 L_SP,NEB-2025-04-17079 L_SP.jpg,NEB-2025-04-17079 L,S17079,OS,2025.0,green,65.0,3436.0,34.0,60.0,99.0,291.0,114.0,33223.0,3431.4,False,False,exact_id,1296,972,74.79,52.15,included,,>2800,calibration
NEB-2025-05-17097 L_SP,NEB-2025-05-17097 L_SP.jpg,NEB-2025-05-17097 L,S17097,OS,2025.0,green,68.0,2519.0,32.0,64.0,128.0,397.0,114.0,45221.0,2521.0,False,False,exact_id,1296,972,81.34,53.04,included,,2000-2800,train
NEB-2025-05-17103 L_SP,NEB-2025-05-17103 L_SP.jpg,NEB-2025-05-17103 L,S17103,OS,2025.0,green,71.0,2451.0,36.0,54.0,146.0,408.0,135.0,55022.0,2453.6,False,False,exact_id,1296,972,45.37,43.88,included,,2000-2800,train
NEB-2025-05-17146 R_SP,NEB-2025-05-17146 R_SP.jpg,NEB-2025-05-17146 R,S17146,OD,2025.0,green,67.0,2762.0,32.0,56.0,117.0,362.0,102.0,36904.0,2763.9,False,False,exact_id,1296,972,89.95,50.88,included,,2000-2800,test
NEB-2025-05-17178 L_SP,NEB-2025-05-17178 L_SP.jpg,NEB-2025-05-17178 L,S17178,OS,2025.0,green,61.0,2519.0,43.0,55.0,172.0,397.0,106.0,42089.0,2518.5,False,False,exact_id,1296,972,89.0,40.46,included,,2000-2800,val
NEB-2025-06 - 17228 R_SP,NEB-2025-06 - 17228 R_SP.jpg,NEB-2025-06 - 17228 R,S17228,OD,2025.0,green,67.0,3049.0,33.0,61.0,108.0,328.0,112.0,36705.0,3051.4,False,False,exact_id,1296,972,87.2,39.5,included,,>2800,train
NEB-2025-06-17183 L_SP,NEB-2025-06-17183 L_SP.jpg,NEB-2025-06-17183 L,S17183,OS,2025.0,green,60.0,2564.0,37.0,61.0,145.0,390.0,108.0,42131.0,2563.4,False,False,exact_id,1296,972,83.87,46.87,included,,2000-2800,train
NEB-2025-06-17191 R_SP,NEB-2025-06-17191 R_SP.jpg,NEB-2025-06-17191 R,S17191,OD,2025.0,green,54.0,2874.0,34.0,50.0,119.0,348.0,105.0,36495.0,2877.1,False,False,exact_id,1296,972,77.63,47.43,included,,>2800,train
NEB-2025-06-17213 L_SP,NEB-2025-06-17213 L_SP.jpg,NEB-2025-06-17213 L,S17213,OS,2025.0,green,70.0,2755.0,35.0,60.0,128.0,363.0,109.0,39577.0,2754.1,False,False,exact_id,1296,972,95.23,49.16,included,,2000-2800,train
NEB-2025-06-17227 L_SP,NEB-2025-06-17227 L_SP.jpg,NEB-2025-06-17227 L,S17227,OS,2025.0,green,67.0,3030.0,31.0,61.0,101.0,330.0,122.0,40318.0,3025.9,False,False,exact_id,1296,972,65.41,40.44,included,,>2800,train
NEB-2025-06-17230 L_SP,NEB-2025-06-17230 L_SP.jpg,NEB-2025-06-17230 L,S17230,OS,2025.0,green,68.0,2525.0,38.0,64.0,149.0,396.0,104.0,41186.0,2525.1,False,False,exact_id,1296,972,88.62,57.83,included,,2000-2800,val
NEB-2025-06-17235 R_SP,NEB-2025-06-17235 R_SP.jpg,NEB-2025-06-17235 R,S17235,OD,2025.0,green,36.0,2558.0,31.0,57.0,120.0,391.0,109.0,42573.0,2560.3,False,False,exact_id,1296,972,74.26,41.11,included,,2000-2800,train
NEB-2025-06-17240 L_SP,NEB-2025-06-17240 L_SP.jpg,NEB-2025-06-17240 L,S17240,OS,2025.0,green,64.0,2532.0,36.0,68.0,142.0,395.0,110.0,43427.0,2533.0,False,False,exact_id,1296,972,91.55,44.87,included,,2000-2800,test
NEB-2025-06-17241 R_SP,NEB-2025-06-17241 R_SP.jpg,NEB-2025-06-17241 R,S17241,OD,2025.0,green,64.0,2571.0,32.0,59.0,126.0,389.0,119.0,46302.0,2570.1,False,False,exact_id,1296,972,78.14,60.9,included,,2000-2800,train
NEB-2025-06-17247 L_SP,NEB-2025-06-17247 L_SP.jpg,NEB-2025-06-17247 L,S17247,OS,2025.0,green,67.0,2793.0,44.0,45.0,156.0,358.0,112.0,40062.0,2795.7,False,False,exact_id,1296,972,83.42,48.26,included,,2000-2800,train
NEB-2025-07-17258 L_SP,NEB-2025-07-17258 L_SP.jpg,NEB-2025-07-17258 L,S17258,OS,2025.0,green,51.0,2506.0,33.0,61.0,130.0,399.0,114.0,45537.0,2503.5,False,False,exact_id,1296,972,82.58,44.86,included,,2000-2800,train
NEB-2025-07-17268 R_SP,NEB-2025-07-17268 R_SP.jpg,NEB-2025-07-17268 R,S17268,OD,2025.0,green,63.0,2611.0,36.0,55.0,136.0,383.0,100.0,38297.0,2611.2,False,False,exact_id,1296,972,89.31,53.16,included,,2000-2800,test
NEB-2025-07-17269 L_SP,NEB-2025-07-17269 L_SP.jpg,NEB-2025-07-17269 L,S17269,OS,2025.0,green,63.0,2915.0,35.0,53.0,120.0,343.0,113.0,38746.0,2916.4,False,False,exact_id,1296,972,90.11,44.17,included,,>2800,val
NEB-2025-07-17271 R_SP,NEB-2025-07-17271 R_SP.jpg,NEB-2025-07-17271 R,S17271,OD,2025.0,green,40.0,2283.0,33.0,56.0,136.0,438.0,222.0,97201.0,2283.9,False,False,exact_id,1296,972,77.55,49.59,included,,2000-2800,train
NEB-2025-07-17288 R_SP,NEB-2025-07-17288 R_SP.jpg,NEB-2025-07-17288 R,S17288,OD,2025.0,green,65.0,2336.0,32.0,65.0,136.0,428.0,105.0,44960.0,2335.4,False,False,exact_id,1296,972,86.84,49.41,included,,2000-2800,train
NEB-2025-07-17289 L_SP,NEB-2025-07-17289 L_SP.jpg,NEB-2025-07-17289 L,S17289,OS,2025.0,green,65.0,2439.0,34.0,57.0,138.0,410.0,100.0,40993.0,2439.4,False,False,exact_id,1296,972,84.54,53.75,included,,2000-2800,train
NEB-2025-07-17296 R_SP,NEB-2025-07-17296 R_SP.jpg,NEB-2025-07-17296 R,S17296,OD,2025.0,green,55.0,2398.0,35.0,59.0,145.0,417.0,104.0,43361.0,2398.5,False,False,exact_id,1296,972,89.34,57.75,included,,2000-2800,train
NEB-2025-07-17298 L_SP,NEB-2025-07-17298 L_SP.jpg,NEB-2025-07-17298 L,S17298,OS,2025.0,green,69.0,2494.0,33.0,60.0,133.0,401.0,109.0,43674.0,2495.8,False,False,exact_id,1296,972,78.68,47.36,included,,2000-2800,train
NEB-2025-07-17299 R_SP,NEB-2025-07-17299 R_SP.jpg,NEB-2025-07-17299 R,S17299,OD,2025.0,green,69.0,2347.0,31.0,68.0,131.0,426.0,107.0,45586.0,2347.2,False,False,exact_id,1296,972,58.99,41.64,included,,2000-2800,train
NEB-2025-07-17318 R_SP,NEB-2025-07-17318 R_SP.jpg,NEB-2025-07-17318 R,S17318,OD,2025.0,green,59.0,2674.0,33.0,61.0,124.0,374.0,126.0,47063.0,2677.3,False,False,exact_id,1296,972,96.58,45.68,included,,2000-2800,val
NEB-2025-07-17319 L_SP,NEB-2025-07-17319 L_SP.jpg,NEB-2025-07-17319 L,S17319,OS,2025.0,green,59.0,2941.0,32.0,74.0,110.0,340.0,133.0,45253.0,2939.0,False,False,exact_id,1296,972,80.92,51.65,included,,>2800,train
NEB-2025-07-17322 R_SP,NEB-2025-07-17322 R_SP.jpg,NEB-2025-07-17322 R,S17322,OD,2025.0,green,65.0,2049.0,34.0,52.0,165.0,488.0,115.0,56065.0,2051.2,False,False,exact_id,1296,972,89.4,51.16,included,,2000-2800,test
NEB-2025-07-17323 L_SP,NEB-2025-07-17323 L_SP.jpg,NEB-2025-07-17323 L,S17323,OS,2025.0,green,65.0,2364.0,34.0,67.0,145.0,423.0,117.0,49532.0,2362.1,False,False,exact_id,1296,972,82.88,55.58,included,,2000-2800,train
NEB-2025-07-17334 R_SP,NEB-2025-07-17334 R_SP.jpg,NEB-2025-07-17334 R,S17334,OD,2025.0,green,61.0,2976.0,35.0,61.0,116.0,336.0,113.0,38023.0,2971.9,False,False,exact_id,1296,972,86.67,46.28,included,,>2800,train
NEB-2025-07-17347 R_SP,NEB-2025-07-17347 R_SP.jpg,NEB-2025-07-17347 R,S17347,OD,2025.0,green,35.0,3195.0,34.0,61.0,107.0,313.0,116.0,36286.0,3196.8,False,False,exact_id,1296,972,84.66,49.55,included,,>2800,train
NEB-2025-07-17354 R_SP,NEB-2025-07-17354 R_SP.jpg,NEB-2025-07-17354 R,S17354,OD,2025.0,green,71.0,2747.0,32.0,59.0,117.0,364.0,104.0,37821.0,2749.8,False,False,exact_id,1296,972,93.48,48.61,included,,2000-2800,train
NEB-2025-07-17366 L_SP,NEB-2025-07-17366 L_SP.jpg,NEB-2025-07-17366 L,S17366,OS,2025.0,green,61.0,2899.0,42.0,50.0,144.0,345.0,120.0,41398.0,2898.7,False,False,exact_id,1296,972,97.78,44.59,included,,>2800,train
NEB-2025-07-17367 R_SP,NEB-2025-07-17367 R_SP.jpg,NEB-2025-07-17367 R,S17367,OD,2025.0,green,61.0,3040.0,36.0,57.0,120.0,329.0,117.0,38447.0,3043.2,False,False,exact_id,1296,972,73.96,44.28,included,,>2800,val
NEB-2025-08-17381 L_SP,NEB-2025-08-17381 L_SP.jpg,NEB-2025-08-17381 L,S17381,OS,2025.0,green,48.0,2762.0,35.0,58.0,127.0,362.0,108.0,39084.0,2763.3,False,False,exact_id,1296,972,91.91,45.5,included,,2000-2800,calibration
NEB-2025-08-17389 L_SP,NEB-2025-08-17389 L_SP.jpg,NEB-2025-08-17389 L,S17389,OS,2025.0,green,63.0,2747.0,36.0,59.0,132.0,364.0,111.0,40432.0,2745.4,False,False,exact_id,1296,972,75.48,46.87,included,,2000-2800,test
NEB-2025-08-17400 L_SP,NEB-2025-08-17400 L_SP.jpg,NEB-2025-08-17400 L,S17400,OS,2025.0,green,45.0,2632.0,29.0,61.0,109.0,380.0,105.0,39848.0,2635.0,False,False,exact_id,1296,972,84.36,44.97,included,,2000-2800,train
NEB-2025-08-17401 R_SP,NEB-2025-08-17401 R_SP.jpg,NEB-2025-08-17401 R,S17401,OD,2025.0,green,45.0,2695.0,34.0,62.0,126.0,371.0,104.0,38610.0,2693.6,False,False,exact_id,1296,972,80.91,41.23,included,,2000-2800,train
NEB-2025-08-17412 L_SP,NEB-2025-08-17412 L_SP.jpg,NEB-2025-08-17412 L,S17412,OS,2025.0,green,31.0,2538.0,34.0,52.0,134.0,394.0,111.0,43774.0,2535.8,False,False,exact_id,1296,972,112.71,36.93,included,,2000-2800,val
NEB-2025-08-17415 R_SP,NEB-2025-08-17415 R_SP.jpg,NEB-2025-08-17415 R,S17415,OD,2025.0,green,53.0,2747.0,38.0,56.0,137.0,364.0,113.0,41178.0,2744.2,False,False,exact_id,1296,972,97.71,48.94,included,,2000-2800,test
NEB-2025-08-17420 R_SP,NEB-2025-08-17420 R_SP.jpg,NEB-2025-08-17420 R,S17420,OD,2025.0,green,49.0,2890.0,39.0,61.0,134.0,346.0,132.0,45619.0,2893.5,False,False,exact_id,1296,972,72.56,46.44,included,,>2800,train
NEB-2025-08-17424 R_SP,NEB-2025-08-17424 R_SP.jpg,NEB-2025-08-17424 R,S17424,OD,2025.0,green,49.0,2674.0,32.0,57.0,119.0,374.0,110.0,41114.0,2675.5,False,False,exact_id,1296,972,84.18,40.09,included,,2000-2800,calibration
NEB-2025-08-17425 L_SP,NEB-2025-08-17425 L_SP.jpg,NEB-2025-08-17425 L,S17425,OS,2025.0,green,49.0,2439.0,33.0,59.0,137.0,410.0,109.0,44729.0,2436.9,False,False,exact_id,1296,972,86.1,45.23,included,,2000-2800,train
NEB-2025-08-17429 R_SP,NEB-2025-08-17429 R_SP.jpg,NEB-2025-08-17429 R,S17429,OD,2025.0,green,69.0,2257.0,36.0,51.0,158.0,443.0,110.0,48719.0,2257.8,False,False,exact_id,1296,972,83.25,43.54,included,,2000-2800,calibration
NEB-2025-08-17436 L_SP,NEB-2025-08-17436 L_SP.jpg,NEB-2025-08-17436 L,S17436,OS,2025.0,green,71.0,2451.0,30.0,60.0,123.0,408.0,106.0,43288.0,2448.7,False,False,exact_id,1296,972,94.69,41.68,included,,2000-2800,calibration
NEB-2025-09-17462 R_SP,NEB-2025-09-17462 R_SP.jpg,NEB-2025-09-17462 R,S17462,OD,2025.0,green,41.0,2545.0,29.0,59.0,114.0,393.0,114.0,44795.0,2544.9,False,False,exact_id,1296,972,93.58,40.64,included,,2000-2800,calibration
NEB-2025-09-17463 L_SP,NEB-2025-09-17463 L_SP.jpg,NEB-2025-09-17463 L,S17463,OS,2025.0,green,41.0,2404.0,26.0,66.0,110.0,416.0,116.0,48239.0,2404.7,False,False,exact_id,1296,972,97.16,50.09,included,,2000-2800,val
NEB-2025-09-17474 L_SP,NEB-2025-09-17474 L_SP.jpg,NEB-2025-09-17474 L,S17474,OS,2025.0,green,46.0,2551.0,36.0,56.0,141.0,392.0,116.0,45456.0,2551.9,False,False,exact_id,1296,972,82.18,45.56,included,,2000-2800,test
NEB-2025-09-17499 R_SP,NEB-2025-09-17499 R_SP.jpg,NEB-2025-09-17499 R,S17499,OD,2025.0,green,18.0,3086.0,32.0,62.0,103.0,324.0,105.0,33983.0,3089.8,False,False,exact_id,1296,972,66.61,46.39,included,,>2800,train
NEB-2025-09-17502 L_SP,NEB-2025-09-17502 L_SP.jpg,NEB-2025-09-17502 L,S17502,OS,2025.0,green,40.0,2688.0,31.0,56.0,116.0,372.0,110.0,40922.0,2688.0,False,False,exact_id,1296,972,92.76,50.32,included,,2000-2800,train
NEB-2025-09-17503 R_SP,NEB-2025-09-17503 R_SP.jpg,NEB-2025-09-17503 R,S17503,OD,2025.0,green,40.0,2545.0,38.0,54.0,149.0,393.0,102.0,40122.0,2542.2,False,False,exact_id,1296,972,78.07,58.88,included,,2000-2800,train
NEB-2025-09-17505 R_SP,NEB-2025-09-17505 R_SP.jpg,NEB-2025-09-17505 R,S17505,OD,2025.0,green,49.0,2591.0,39.0,54.0,150.0,386.0,106.0,40884.0,2592.7,False,False,exact_id,1296,972,91.57,47.66,included,,2000-2800,train
NEB-2025-09-17514 L_SP,NEB-2025-09-17514 L_SP.jpg,NEB-2025-09-17514 L,S17514,OS,2025.0,green,70.0,2747.0,39.0,55.0,143.0,364.0,115.0,41894.0,2745.0,False,False,exact_id,1296,972,75.84,59.59,included,,2000-2800,val
NEB-2025-09-17515 R_SP,NEB-2025-09-17515 R_SP.jpg,NEB-2025-09-17515 R,S17515,OD,2025.0,green,70.0,2762.0,36.0,56.0,131.0,362.0,105.0,38046.0,2759.8,False,False,exact_id,1296,972,72.19,48.21,included,,2000-2800,train
NEB-2025-10-17557 L_SP,NEB-2025-10-17557 L_SP.jpg,NEB-2025-10-17557 L,S17557,OS,2025.0,green,70.0,2283.0,36.0,59.0,156.0,438.0,104.0,45592.0,2281.1,False,False,exact_id,1296,972,98.33,57.51,included,,2000-2800,train
NEB-2025-10-17575 R_SP,NEB-2025-10-17575 R_SP.jpg,NEB-2025-10-17575 R,S17575,OD,2025.0,green,71.0,2770.0,30.0,62.0,110.0,361.0,105.0,37907.0,2769.9,False,False,exact_id,1296,972,55.9,49.46,included,,2000-2800,test
NEB-2025-10-17578 L_SP,NEB-2025-10-17578 L_SP.jpg,NEB-2025-10-17578 L,S17578,OS,2025.0,green,71.0,1969.0,31.0,72.0,158.0,508.0,103.0,52370.0,1966.8,False,False,exact_id,1296,972,101.36,48.57,included,,<2000,train
NEB-2025-10-17587 L_SP,NEB-2025-10-17587 L_SP.jpg,NEB-2025-10-17587 L,S17587,OS,2025.0,green,71.0,2208.0,38.0,57.0,173.0,453.0,107.0,48511.0,2205.7,False,False,exact_id,1296,972,80.52,44.09,included,,2000-2800,val
NEB-2025-10-17589 L_SP,NEB-2025-10-17589 L_SP.jpg,NEB-2025-10-17589 L,S17589,OS,2025.0,green,50.0,2439.0,40.0,50.0,166.0,410.0,112.0,45928.0,2438.6,False,False,exact_id,1296,972,73.28,49.49,included,,2000-2800,train
NEB-2025-10-17594 L_SP,NEB-2025-10-17594 L_SP.jpg,NEB-2025-10-17594 L,S17594,OS,2025.0,green,53.0,2755.0,34.0,58.0,125.0,363.0,117.0,42496.0,2753.2,False,False,exact_id,1296,972,91.08,52.59,included,,2000-2800,train
NEB-2025-10-17598 L_SP,NEB-2025-10-17598 L_SP.jpg,NEB-2025-10-17598 L,S17598,OS,2025.0,green,70.0,3067.0,33.0,61.0,108.0,326.0,109.0,35495.0,3070.9,False,False,exact_id,1296,972,104.28,51.86,included,,>2800,test
NEB-2025-10-17600 R_SP,NEB-2025-10-17600 R_SP.jpg,NEB-2025-10-17600 R,S17600,OD,2025.0,green,51.0,3106.0,38.0,56.0,123.0,322.0,112.0,36080.0,3104.2,False,False,exact_id,1296,972,97.07,57.67,included,,>2800,train
NEB-2025-10-17612 R_SP,NEB-2025-10-17612 R_SP.jpg,NEB-2025-10-17612 R,S17612,OD,2025.0,green,64.0,2525.0,34.0,62.0,134.0,396.0,115.0,45596.0,2522.2,False,False,exact_id,1296,972,101.71,53.64,included,,2000-2800,train
NEB-2025-10-17616 L_SP,NEB-2025-10-17616 L_SP.jpg,NEB-2025-10-17616 L,S17616,OS,2025.0,green,52.0,2825.0,38.0,58.0,136.0,354.0,106.0,37533.0,2824.2,False,False,exact_id,1296,972,85.28,42.42,included,,>2800,train
NEB-2025-10-17617 R_SP,NEB-2025-10-17617 R_SP.jpg,NEB-2025-10-17617 R,S17617,OD,2025.0,green,58.0,2309.0,35.0,55.0,150.0,433.0,106.0,45935.0,2307.6,False,False,exact_id,1296,972,94.55,33.95,included,,2000-2800,train
NEB-2025-10-17618 L_SP,NEB-2025-10-17618 L_SP.jpg,NEB-2025-10-17618 L,S17618,OS,2025.0,green,58.0,2257.0,35.0,50.0,155.0,443.0,120.0,53149.0,2257.8,False,False,exact_id,1296,972,74.77,42.41,included,,2000-2800,val
NEB-2025-11-17619 L_SP,NEB-2025-11-17619 L_SP.jpg,NEB-2025-11-17619 L,S17619,OS,2025.0,green,57.0,1010.0,27.0,68.0,268.0,990.0,47.0,46538.0,1009.9,False,False,exact_id,1296,972,98.18,51.44,included,,<2000,train
NEB-2025-11-17638 R_SP,NEB-2025-11-17638 R_SP.jpg,NEB-2025-11-17638 R,S17638,OD,2025.0,green,69.0,2710.0,32.0,69.0,118.0,369.0,111.0,40983.0,2708.4,False,False,exact_id,1296,972,79.73,40.44,included,,2000-2800,test
NEB-2025-11-17659 R_SP,NEB-2025-11-17659 R_SP.jpg,NEB-2025-11-17659 R,S17659,OD,2025.0,green,62.0,2604.0,41.0,45.0,157.0,384.0,104.0,39919.0,2605.3,False,False,exact_id,1296,972,92.54,55.87,included,,2000-2800,calibration
NEB-2025-11-17671 L_SP,NEB-2025-11-17671 L_SP.jpg,NEB-2025-11-17671 L,S17671,OS,2025.0,green,59.0,2358.0,40.0,52.0,171.0,424.0,112.0,47543.0,2355.8,False,False,exact_id,1296,972,102.5,54.38,included,,2000-2800,train
NEB-2025-11-17694 L_SP,NEB-2025-11-17694 L_SP.jpg,NEB-2025-11-17694 L,S17694,OS,2025.0,green,62.0,2584.0,37.0,54.0,142.0,387.0,110.0,42619.0,2581.0,False,False,exact_id,1296,972,69.76,55.91,included,,2000-2800,train
NEB-2025-11-17701 L_SP,NEB-2025-11-17701 L_SP.jpg,NEB-2025-11-17701 L,S17701,OS,2025.0,green,70.0,2915.0,34.0,57.0,116.0,343.0,103.0,35335.0,2915.0,False,False,exact_id,1296,972,78.48,34.61,included,,>2800,test
NEB-2025-12-17743 L_SP,NEB-2025-12-17743 L_SP.jpg,NEB-2025-12-17743 L,S17743,OS,2025.0,green,74.0,1252.0,36.0,69.0,284.0,799.0,68.0,54338.0,1251.4,False,False,exact_id,1296,972,80.79,54.29,included,,<2000,val
NEB-2025-12-17746 L_SP,NEB-2025-12-17746 L_SP.jpg,NEB-2025-12-17746 L,S17746,OS,2025.0,green,58.0,1887.0,38.0,53.0,203.0,530.0,104.0,55071.0,1888.5,False,False,exact_id,1296,972,85.86,56.1,included,,<2000,train
NEB-2025-12-17769 R_SP,NEB-2025-12-17769 R_SP.jpg,NEB-2025-12-17769 R,S17769,OD,2025.0,green,21.0,2959.0,28.0,65.0,96.0,338.0,111.0,37491.0,2960.7,False,False,exact_id,1296,972,93.61,56.25,included,,>2800,train
NEB-2025-12-17770 L_SP,NEB-2025-12-17770 L_SP.jpg,NEB-2025-12-17770 L,S17770,OS,2025.0,green,21.0,2849.0,27.0,65.0,96.0,351.0,112.0,39345.0,2846.6,False,False,exact_id,1296,972,87.66,48.81,included,,>2800,train
NEB-2025-12-17807 L_SP,NEB-2025-12-17807 L_SP.jpg,NEB-2025-12-17807 L,S17807,OS,2025.0,green,67.0,2681.0,41.0,50.0,154.0,373.0,110.0,40984.0,2684.0,False,False,exact_id,1296,972,83.75,51.37,included,,2000-2800,train
NEB-2025-12-17811 R_SP,NEB-2025-12-17811 R_SP.jpg,NEB-2025-12-17811 R,S17811,OD,2025.0,green,52.0,2717.0,36.0,51.0,133.0,368.0,118.0,43461.0,2715.1,False,False,exact_id,1296,972,68.83,45.0,included,,2000-2800,train
NEB-2025-12-17812 L_SP,NEB-2025-12-17812 L_SP.jpg,NEB-2025-12-17812 L,S17812,OS,2025.0,green,52.0,2611.0,31.0,62.0,118.0,383.0,116.0,44433.0,2610.7,False,False,exact_id,1296,972,76.98,35.46,included,,2000-2800,test
NEB-2026-01-17827 L_SP,NEB-2026-01-17827 L_SP.jpg,NEB-2026-01-17827 L,S17827,OS,2026.0,green,68.0,2101.0,33.0,61.0,156.0,476.0,108.0,51404.0,2101.0,False,False,exact_id,1296,972,78.29,47.87,included,,2000-2800,train
NEB-2026-01-17841 L_SP,NEB-2026-01-17841 L_SP.jpg,NEB-2026-01-17841 L,S17841,OS,2026.0,green,60.0,2681.0,30.0,58.0,112.0,373.0,106.0,39498.0,2683.7,False,False,exact_id,1296,972,99.93,53.18,included,,2000-2800,val
NEB-2026-01-17842 R_SP,NEB-2026-01-17842 R_SP.jpg,NEB-2026-01-17842 R,S17842,OD,2026.0,green,60.0,2538.0,31.0,52.0,124.0,394.0,112.0,44094.0,2540.0,False,False,exact_id,1296,972,88.76,52.93,included,,2000-2800,train
NEB-2026-01-17855 L_SP,NEB-2026-01-17855 L_SP.jpg,NEB-2026-01-17855 L,S17855,OS,2026.0,green,60.0,2132.0,38.0,50.0,178.0,469.0,112.0,52524.0,2132.4,False,False,exact_id,1296,972,70.62,53.47,included,,2000-2800,train
NEB-2026-01-17856 R_SP,NEB-2026-01-17856 R_SP.jpg,NEB-2026-01-17856 R,S17856,OD,2026.0,green,60.0,2320.0,38.0,53.0,164.0,431.0,109.0,46942.0,2322.0,False,False,exact_id,1296,972,65.74,50.72,included,,2000-2800,train
NEB-2026-01-17858 R_SP,NEB-2026-01-17858 R_SP.jpg,NEB-2026-01-17858 R,S17858,OD,2026.0,green,67.0,3145.0,36.0,58.0,113.0,318.0,104.0,33034.0,3148.3,False,False,exact_id,1296,972,69.06,43.69,included,,>2800,train
NEB-2026-01-17859 L_SP,NEB-2026-01-17859 L_SP.jpg,NEB-2026-01-17859 L,S17859,OS,2026.0,green,47.0,2959.0,36.0,58.0,122.0,338.0,112.0,37840.0,2959.8,False,False,exact_id,1296,972,116.99,37.93,included,,>2800,calibration
NEB-2026-01-17860 R_SP,NEB-2026-01-17860 R_SP.jpg,NEB-2026-01-17860 R,S17860,OD,2026.0,green,47.0,3040.0,30.0,61.0,98.0,329.0,113.0,37156.0,3041.2,False,False,exact_id,1296,972,99.05,41.36,included,,>2800,test
NEB-2026-01-17863 R_SP,NEB-2026-01-17863 R_SP.jpg,NEB-2026-01-17863 R,S17863,OD,2026.0,green,54.0,2710.0,34.0,57.0,124.0,369.0,102.0,37624.0,2711.0,False,False,exact_id,1296,972,93.25,37.25,included,,2000-2800,val
NEB-2026-01-17864 L_SP,NEB-2026-01-17864 L_SP.jpg,NEB-2026-01-17864 L,S17864,OS,2026.0,green,54.0,2899.0,37.0,55.0,127.0,345.0,103.0,35549.0,2897.4,False,False,exact_id,1296,972,64.98,43.17,included,,>2800,calibration
NEB-2026-01-17865 R_SP,NEB-2026-01-17865 R_SP.jpg,NEB-2026-01-17865 R,S17865,OD,2026.0,green,71.0,2353.0,38.0,62.0,161.0,425.0,111.0,47193.0,2352.0,False,False,exact_id,1296,972,63.39,52.32,included,,2000-2800,train
NEB-2026-01-17866 L_SP,NEB-2026-01-17866 L_SP.jpg,NEB-2026-01-17866 L,S17866,OS,2026.0,green,71.0,2538.0,35.0,60.0,136.0,394.0,112.0,44092.0,2540.1,False,False,exact_id,1296,972,84.04,45.17,included,,2000-2800,train
NEB-2026-01-17868 R_SP,NEB-2026-01-17868 R_SP.jpg,NEB-2026-01-17868 R,S17868,OD,2026.0,green,61.0,2933.0,34.0,55.0,116.0,341.0,108.0,36825.0,2932.8,False,False,exact_id,1296,972,98.22,55.28,included,,>2800,train
NEB-2026-01-17873 R_SP,NEB-2026-01-17873 R_SP.jpg,NEB-2026-01-17873 R,S17873,OD,2026.0,green,43.0,3040.0,34.0,50.0,112.0,329.0,106.0,34862.0,3040.6,False,False,exact_id,1296,972,88.18,52.18,included,,>2800,test
NEB-2026-01-17877 R_SP,NEB-2026-01-17877 R_SP.jpg,NEB-2026-01-17877 R,S17877,OD,2026.0,green,55.0,2695.0,32.0,63.0,118.0,371.0,108.0,40033.0,2697.8,False,False,exact_id,1296,972,93.84,40.91,included,,2000-2800,val
NEB-2026-01-17878 L_SP,NEB-2026-01-17878 L_SP.jpg,NEB-2026-01-17878 L,S17878,OS,2026.0,green,55.0,2564.0,34.0,59.0,131.0,390.0,118.0,46030.0,2563.5,False,False,exact_id,1296,972,68.15,44.44,included,,2000-2800,train
NEB-2026-01-17879 R_SP,NEB-2026-01-17879 R_SP.jpg,NEB-2026-01-17879 R,S17879,OD,2026.0,green,58.0,2890.0,34.0,58.0,118.0,346.0,113.0,39094.0,2890.5,False,False,exact_id,1296,972,98.87,52.18,included,,>2800,train
NEB-2026-01-17880 L_SP,NEB-2026-01-17880 L_SP.jpg,NEB-2026-01-17880 L,S17880,OS,2026.0,green,58.0,2755.0,35.0,50.0,128.0,363.0,125.0,45363.0,2755.5,False,False,exact_id,1296,972,67.86,46.35,included,,2000-2800,train
NEB-2026-01-17891 L_SP,NEB-2026-01-17891 L_SP.jpg,NEB-2026-01-17891 L,S17891,OS,2026.0,green,52.0,2667.0,35.0,58.0,131.0,375.0,116.0,43493.0,2667.1,False,False,exact_id,1296,972,81.04,45.42,included,,2000-2800,train
NEB-2026-01-17892 R_SP,NEB-2026-01-17892 R_SP.jpg,NEB-2026-01-17892 R,S17892,OD,2026.0,green,52.0,2959.0,33.0,59.0,112.0,338.0,104.0,35172.0,2956.9,False,False,exact_id,1296,972,77.16,56.37,included,,>2800,train
NEB-2026-02-17678 L_SP,NEB-2026-02-17678 L_SP.jpg,NEB-2026-02-17678 L,S17678,OD,2026.0,green,76.0,2770.0,34.0,54.0,123.0,361.0,108.0,38976.0,2770.9,False,False,exact_id,1296,972,97.46,46.58,included,,2000-2800,train
NEB-2026-02-17916 R_SP,NEB-2026-02-17916 R_SP.jpg,NEB-2026-02-17916 R,S17916,OD,2026.0,green,68.0,2924.0,33.0,52.0,112.0,342.0,122.0,41711.0,2924.9,False,False,exact_id,1296,972,94.69,65.26,included,,>2800,train
NEB-2026-02-17943 R_SP,NEB-2026-02-17943 R_SP.jpg,NEB-2026-02-17943 R,S17943,OD,2026.0,green,45.0,2513.0,40.0,53.0,161.0,398.0,113.0,45018.0,2510.1,False,False,exact_id,1296,972,94.35,57.23,included,,2000-2800,test
NEB-2026-02-17944 L_SP,NEB-2026-02-17944 L_SP.jpg,NEB-2026-02-17944 L,S17944,OS,2026.0,green,45.0,2506.0,43.0,57.0,170.0,399.0,126.0,50305.0,2504.7,False,False,exact_id,1296,972,88.71,66.55,included,,2000-2800,train
NEB-2026-02-17947 L_SP,NEB-2026-02-17947 L_SP.jpg,NEB-2026-02-17947 L,S17947,OS,2026.0,green,53.0,2577.0,35.0,54.0,137.0,388.0,106.0,41108.0,2578.6,False,False,exact_id,1296,972,85.11,53.66,included,,2000-2800,train
NEB-2026-02-17949 R_SP,NEB-2026-02-17949 R_SP.jpg,NEB-2026-02-17949 R,S17949,OD,2026.0,green,73.0,2577.0,40.0,53.0,156.0,388.0,106.0,41135.0,2576.9,False,False,exact_id,1296,972,95.16,63.66,included,,2000-2800,train
NEB-2026-02-17955 L_SP,NEB-2026-02-17955 L_SP.jpg,NEB-2026-02-17955 L,S17955,OS,2026.0,green,62.0,2288.0,34.0,62.0,148.0,437.0,108.0,47243.0,2286.1,False,False,exact_id,1296,972,69.63,54.04,included,,2000-2800,train
NEB-2026-02-17956 R_SP,NEB-2026-02-17956 R_SP.jpg,NEB-2026-02-17956 R,S17956,OD,2026.0,green,62.0,2257.0,33.0,64.0,147.0,443.0,114.0,50487.0,2258.0,False,False,exact_id,1296,972,88.24,53.42,included,,2000-2800,test
NEB-2026-02-17959 L_SP,NEB-2026-02-17959 L_SP.jpg,NEB-2026-02-17959 L,S17959,OS,2026.0,green,62.0,2674.0,34.0,51.0,127.0,374.0,111.0,41525.0,2673.1,False,False,exact_id,1296,972,99.31,57.2,included,,2000-2800,train
NEB-2026-02-17960 R_SP,NEB-2026-02-17960 R_SP.jpg,NEB-2026-02-17960 R,S17960,OD,2026.0,green,62.0,2591.0,42.0,50.0,161.0,386.0,121.0,46688.0,2591.7,False,False,exact_id,1296,972,78.37,57.55,included,,2000-2800,val
NEB-2026-02-17965 L_SP,NEB-2026-02-17965 L_SP.jpg,NEB-2026-02-17965 L,S17965,OS,2026.0,green,53.0,2160.0,32.0,62.0,148.0,463.0,108.0,50020.0,2159.1,False,False,exact_id,1296,972,77.21,51.85,included,,2000-2800,train
NEB-2026-02-17966 R_SP,NEB-2026-02-17966 R_SP.jpg,NEB-2026-02-17966 R,S17966,OD,2026.0,green,53.0,2725.0,42.0,48.0,155.0,367.0,107.0,39303.0,2722.4,False,False,exact_id,1296,972,84.12,46.61,included,,2000-2800,train
NEB-2026-02-17967 R_SP,NEB-2026-02-17967 R_SP.jpg,NEB-2026-02-17967 R,S17967,OD,2026.0,green,69.0,2667.0,37.0,48.0,139.0,375.0,126.0,47215.0,2668.6,False,False,exact_id,1296,972,101.62,54.8,included,,2000-2800,train
NEB-2026-02-17971 R_SP,NEB-2026-02-17971 R_SP.jpg,NEB-2026-02-17971 R,S17971,OD,2026.0,green,65.0,2326.0,39.0,60.0,167.0,430.0,111.0,47731.0,2325.5,False,False,exact_id,1296,972,91.74,52.1,included,,2000-2800,train
NEB-2026-02-17975 L_SP,NEB-2026-02-17975 L_SP.jpg,NEB-2026-02-17975 L,S17975,OS,2026.0,green,76.0,1855.0,35.0,49.0,190.0,539.0,109.0,58715.0,1856.4,False,False,exact_id,1296,972,95.5,51.46,included,,<2000,train
NEB-2026-02-17980 L_SP,NEB-2026-02-17980 L_SP.jpg,NEB-2026-02-17980 L,S17980,OS,2026.0,green,44.0,2740.0,28.0,68.0,103.0,365.0,101.0,36866.0,2739.7,False,False,exact_id,1296,972,89.98,49.73,included,,2000-2800,train
NEB-2026-02-17992 L_SP,NEB-2026-02-17992 L_SP.jpg,NEB-2026-02-17992 L,S17992,OS,2026.0,green,65.0,2695.0,38.0,65.0,142.0,371.0,116.0,43025.0,2696.1,False,False,exact_id,1296,972,107.15,58.48,included,,2000-2800,test
NEB-2026-02-17993 R_SP,NEB-2026-02-17993 R_SP.jpg,NEB-2026-02-17993 R,S17993,OD,2026.0,green,67.0,2604.0,36.0,61.0,137.0,384.0,107.0,41036.0,2607.5,False,False,exact_id,1296,972,86.59,42.24,included,,2000-2800,train
NEB-2026-02-17994 L_SP,NEB-2026-02-17994 L_SP.jpg,NEB-2026-02-17994 L,S17994,OS,2026.0,green,67.0,2618.0,32.0,52.0,123.0,382.0,104.0,39676.0,2621.2,False,False,exact_id,1296,972,90.33,46.09,included,,2000-2800,val
NEB-2026-02-17999 L_SP,NEB-2026-02-17999 L_SP.jpg,NEB-2026-02-17999 L,S17999,OS,2026.0,green,49.0,2513.0,43.0,46.0,172.0,398.0,113.0,45006.0,2510.8,False,False,exact_id,1296,972,92.05,42.66,included,,2000-2800,train
NEB-2026-03-18031 L_SP,NEB-2026-03-18031 L_SP.jpg,NEB-2026-03-18031 L,S18031,OS,2026.0,green,70.0,2933.0,38.0,56.0,129.0,341.0,112.0,38206.0,2931.5,False,False,exact_id,1296,972,90.27,54.75,included,,>2800,train
NEB-2026-03-18032 R_SP,NEB-2026-03-18032 R_SP.jpg,NEB-2026-03-18032 R,S18032,OD,2026.0,green,70.0,2755.0,35.0,58.0,127.0,363.0,104.0,37720.0,2757.2,False,False,exact_id,1296,972,91.1,53.07,included,,2000-2800,train
NEB-2026-03-18033 L_SP,NEB-2026-03-18033 L_SP.jpg,NEB-2026-03-18033 L,S18033,OS,2026.0,green,47.0,2801.0,43.0,57.0,153.0,357.0,109.0,38877.0,2803.7,False,False,exact_id,1296,972,85.35,59.85,included,,>2800,val
NEB-2026-03-18034 R_SP,NEB-2026-03-18034 R_SP.jpg,NEB-2026-03-18034 R,S18034,OD,2026.0,green,47.0,2874.0,36.0,57.0,124.0,348.0,113.0,39380.0,2869.5,False,False,exact_id,1296,972,76.17,49.67,included,,>2800,train
NEB-2026-03-18045 L_SP,NEB-2026-03-18045 L_SP.jpg,NEB-2026-03-18045 L,S18045,OS,2026.0,green,46.0,2874.0,39.0,46.0,134.0,348.0,112.0,39008.0,2871.2,False,False,exact_id,1296,972,95.1,44.21,included,,>2800,test
NEB-2026-03-18046 R_SP,NEB-2026-03-18046 R_SP.jpg,NEB-2026-03-18046 R,S18046,OD,2026.0,green,46.0,2688.0,35.0,56.0,129.0,372.0,105.0,39093.0,2685.9,False,False,exact_id,1296,972,95.03,44.05,included,,2000-2800,train
NEB-2026-03-18047 R_SP,NEB-2026-03-18047 R_SP.jpg,NEB-2026-03-18047 R,S18047,OD,2026.0,green,62.0,2667.0,40.0,47.0,151.0,375.0,111.0,41675.0,2663.5,False,False,exact_id,1296,972,101.87,45.45,included,,2000-2800,train
NEB-2026-03-18054 L_SP,NEB-2026-03-18054 L_SP.jpg,NEB-2026-03-18054 L,S18054,OS,2026.0,green,65.0,2268.0,41.0,44.0,183.0,441.0,119.0,52458.0,2268.5,False,False,exact_id,1296,972,87.9,55.28,included,,2000-2800,train
NEB-2026-03-18058 L_SP,NEB-2026-03-18058 L_SP.jpg,NEB-2026-03-18058 L,S18058,OS,2026.0,green,57.0,3067.0,28.0,75.0,92.0,326.0,110.0,35863.0,3067.2,False,False,exact_id,1296,972,95.25,41.17,included,,>2800,val
NEB-2026-03-18064 L_SP,NEB-2026-03-18064 L_SP.jpg,NEB-2026-03-18064 L,S18064,OS,2026.0,green,54.0,2874.0,43.0,56.0,149.0,348.0,115.0,40017.0,2873.8,False,False,exact_id,1296,972,83.57,48.58,included,,>2800,train
NEB-2026-03-18065 L_SP,NEB-2026-03-18065 L_SP.jpg,NEB-2026-03-18065 L,S18065,OS,2026.0,green,34.0,3077.0,34.0,51.0,111.0,325.0,104.0,33768.0,3079.8,False,False,exact_id,1296,972,58.76,46.2,included,,>2800,train
NEB-2026-04- 18089 L_SP,NEB-2026-04- 18089 L_SP.jpg,NEB-2026-04- 18089 L,S18089,OS,2026.0,green,62.0,2571.0,37.0,61.0,145.0,389.0,126.0,49046.0,2569.0,False,False,exact_id,1296,972,125.39,48.47,included,,2000-2800,test
NEB-2026-04-18090 R_SP,NEB-2026-04-18090 R_SP.jpg,NEB-2026-04-18090 R,S18090,OD,2026.0,green,62.0,2591.0,39.0,57.0,149.0,386.0,113.0,43623.0,2590.4,False,False,exact_id,1296,972,100.49,35.9,included,,2000-2800,train
NEB-2026-04-18108 L_SP,NEB-2026-04-18108 L_SP.jpg,NEB-2026-04-18108 L,S18108,OS,2026.0,green,53.0,3155.0,38.0,61.0,119.0,317.0,112.0,35463.0,3158.2,False,False,exact_id,1296,972,92.49,51.12,included,,>2800,train
NEB-2026-04-18110 L_SP,NEB-2026-04-18110 L_SP.jpg,NEB-2026-04-18110 L,S18110,OS,2026.0,green,42.0,3165.0,37.0,55.0,116.0,316.0,106.0,33475.0,3166.5,False,False,exact_id,1296,972,77.58,45.87,included,,>2800,train
NEB-2026-04-18111 L_SP,NEB-2026-04-18111 L_SP.jpg,NEB-2026-04-18111 L,S18111,OS,2026.0,green,70.0,2558.0,35.0,66.0,137.0,391.0,108.0,42175.0,2560.8,False,False,exact_id,1296,972,84.78,30.05,included,,2000-2800,train
NEB-2026-04-18112 R_SP,NEB-2026-04-18112 R_SP.jpg,NEB-2026-04-18112 R,S18112,OD,2026.0,green,70.0,2770.0,33.0,52.0,120.0,361.0,103.0,37141.0,2773.2,False,False,exact_id,1296,972,48.98,37.3,included,,2000-2800,train
NEB-2026-04-18117 L_SP,NEB-2026-04-18117 L_SP.jpg,NEB-2026-04-18117 L,S18117,OS,2026.0,green,39.0,2564.0,37.0,55.0,144.0,390.0,99.0,38643.0,2561.9,False,False,exact_id,1296,972,79.74,48.89,included,,2000-2800,test
NEB-2026-04-18121 L_SP,NEB-2026-04-18121 L_SP.jpg,NEB-2026-04-18121 L,S18121,OS,2026.0,green,67.0,2618.0,40.0,52.0,153.0,382.0,111.0,42388.0,2618.7,False,False,exact_id,1296,972,90.71,54.44,included,,2000-2800,val
NEB-2026-05-18181 L_SP,NEB-2026-05-18181 L_SP.jpg,NEB-2026-05-18181 L,S18181,OS,2026.0,green,70.0,3012.0,31.0,66.0,102.0,332.0,103.0,34205.0,3011.3,False,False,exact_id,1296,972,103.23,67.45,included,,>2800,train
NEB-2026-05-18182 R_SP,NEB-2026-05-18182 R_SP.jpg,NEB-2026-05-18182 R,S18182,OD,2026.0,green,70.0,2646.0,38.0,69.0,142.0,378.0,102.0,38546.0,2646.2,False,False,exact_id,1296,972,100.81,63.92,included,,2000-2800,train
NEB-2026-05-18208 L_SP,NEB-2026-05-18208 L_SP.jpg,NEB-2026-05-18208 L,S18208,OS,2026.0,green,43.0,2865.0,42.0,52.0,146.0,349.0,94.0,32826.0,2863.6,False,False,exact_id,1296,972,114.9,64.47,included,,>2800,train
NEB-2026-05-18215 R_SP,NEB-2026-05-18215 R_SP.jpg,NEB-2026-05-18215 R,S18215,OD,2026.0,green,19.0,3247.0,33.0,65.0,101.0,308.0,109.0,33535.0,3250.3,False,False,exact_id,1296,972,88.47,50.05,included,,>2800,calibration
NEB-2026-05-18216 L_SP,NEB-2026-05-18216 L_SP.jpg,NEB-2026-05-18216 L,S18216,OS,2026.0,green,19.0,3367.0,34.0,63.0,102.0,297.0,117.0,34788.0,3363.2,False,False,exact_id,1296,972,88.17,49.98,included,,>2800,val
NEB-2026-05-18217 L_SP,NEB-2026-05-18217 L_SP.jpg,NEB-2026-05-18217 L,S18217,OS,2026.0,green,46.0,3135.0,34.0,55.0,108.0,319.0,114.0,36327.0,3138.2,False,False,exact_id,1296,972,53.72,41.59,included,,>2800,test
NEB-2026-05-18218 R_SP,NEB-2026-05-18218 R_SP.jpg,NEB-2026-05-18218 R,S18218,OD,2026.0,green,46.0,3106.0,35.0,66.0,112.0,322.0,108.0,34744.0,3108.5,False,False,exact_id,1296,972,57.87,43.36,included,,>2800,train
NEB-2026-06-18232 L_SP,NEB-2026-06-18232 L_SP.jpg,NEB-2026-06-18232 L,S18232,OS,2026.0,green,44.0,2809.0,34.0,53.0,122.0,356.0,105.0,37426.0,2805.5,False,False,exact_id,1296,972,100.86,56.13,included,,>2800,train
NEB-2026-06-18233 R_SP,NEB-2026-06-18233 R_SP.jpg,NEB-2026-06-18233 R,S18233,OD,2026.0,green,69.0,3049.0,36.0,55.0,118.0,328.0,112.0,36687.0,3052.9,False,False,exact_id,1296,972,79.33,41.81,included,,>2800,train
NEB-2026-06-18237 R_SP,NEB-2026-06-18237 R_SP.jpg,NEB-2026-06-18237 R,S18237,OD,2026.0,green,35.0,2874.0,34.0,57.0,118.0,348.0,103.0,35873.0,2871.2,False,False,exact_id,1296,972,95.96,57.63,included,,>2800,train
NEB-2026-06-18241 R_SP,NEB-2026-06-18241 R_SP.jpg,NEB-2026-06-18241 R,S18241,OD,2026.0,green,59.0,2326.0,29.0,61.0,125.0,430.0,105.0,45186.0,2323.7,False,False,exact_id,1296,972,92.96,55.73,included,,2000-2800,train
NEB-2026-06-18242 L_SP,NEB-2026-06-18242 L_SP.jpg,NEB-2026-06-18242 L,S18242,OS,2026.0,green,59.0,2268.0,34.0,65.0,152.0,441.0,113.0,49832.0,2267.6,False,False,exact_id,1296,972,69.26,50.95,included,,2000-2800,val
NEB-2026-06-18244 L_SP,NEB-2026-06-18244 L_SP.jpg,NEB-2026-06-18244 L,S18244,OS,2026.0,green,66.0,2625.0,29.0,62.0,110.0,381.0,103.0,39267.0,2623.1,False,False,exact_id,1296,972,106.13,57.2,included,,2000-2800,train
NEB-2026-06-18247 L_SP,NEB-2026-06-18247 L_SP.jpg,NEB-2026-06-18247 L,S18247,OS,2026.0,green,49.0,3322.0,32.0,56.0,96.0,301.0,113.0,33985.0,3325.0,False,False,exact_id,1296,972,67.98,36.6,included,,>2800,test
NEB-2026-06-18253 L_SP,NEB-2026-06-18253 L_SP.jpg,NEB-2026-06-18253 L,S18253,OS,2026.0,green,27.0,2747.0,32.0,62.0,118.0,364.0,104.0,37878.0,2745.7,False,False,exact_id,1296,972,55.67,46.23,included,,2000-2800,train
NEB-2026-06-18254 R_SP,NEB-2026-06-18254 R_SP.jpg,NEB-2026-06-18254 R,S18254,OD,2026.0,green,27.0,2959.0,30.0,61.0,103.0,338.0,105.0,35449.0,2962.0,False,False,exact_id,1296,972,77.57,55.11,included,,>2800,train
NEB-2026-06-18259 R_SP,NEB-2026-06-18259 R_SP.jpg,NEB-2026-06-18259 R,S18259,OD,2026.0,green,43.0,2755.0,37.0,60.0,134.0,363.0,101.0,36662.0,2754.9,False,False,exact_id,1296,972,133.12,52.95,included,,2000-2800,train
NEB-2026-06-18260 L_SP,NEB-2026-06-18260 L_SP.jpg,NEB-2026-06-18260 L,S18260,OS,2026.0,green,43.0,2667.0,39.0,50.0,147.0,375.0,102.0,38294.0,2663.6,False,False,exact_id,1296,972,139.31,58.25,included,,2000-2800,train
NEB-2026-06-18265 R_SP,NEB-2026-06-18265 R_SP.jpg,NEB-2026-06-18265 R,S18265,OD,2026.0,green,54.0,3003.0,33.0,53.0,110.0,333.0,115.0,38256.0,3006.1,False,False,exact_id,1296,972,79.76,35.71,included,,>2800,test
NEB-2026-06-18267 R_SP,NEB-2026-06-18267 R_SP.jpg,NEB-2026-06-18267 R,S18267,OD,2026.0,green,66.0,2710.0,37.0,56.0,137.0,369.0,103.0,38028.0,2708.5,False,False,exact_id,1296,972,88.34,51.79,included,,2000-2800,val
NEB-2026-06-18268 L_SP,NEB-2026-06-18268 L_SP.jpg,NEB-2026-06-18268 L,S18268,OS,2026.0,green,66.0,3003.0,33.0,62.0,111.0,333.0,104.0,34671.0,2999.6,False,False,exact_id,1296,972,97.83,46.96,included,,>2800,train
NEB-2026-06-18269 L_SP,NEB-2026-06-18269 L_SP.jpg,NEB-2026-06-18269 L,S18269,OS,2026.0,green,69.0,2532.0,32.0,60.0,128.0,395.0,101.0,39908.0,2530.8,False,False,exact_id,1296,972,98.68,53.81,included,,2000-2800,train
NEB-2026-06-18270 R_SP,NEB-2026-06-18270 R_SP.jpg,NEB-2026-06-18270 R,S18270,OD,2026.0,green,69.0,2551.0,30.0,65.0,119.0,392.0,106.0,41594.0,2548.4,False,False,exact_id,1296,972,79.43,42.9,included,,2000-2800,train
NEB-2026-06-18275 R_SP,NEB-2026-06-18275 R_SP.jpg,NEB-2026-06-18275 R,S18275,OD,2026.0,green,39.0,2907.0,33.0,62.0,114.0,344.0,104.0,35747.0,2909.3,False,False,exact_id,1296,972,90.7,49.13,included,,>2800,train
NEB-2026-06-18287 L_SP,NEB-2026-06-18287 L_SP.jpg,NEB-2026-06-18287 L,S18287,OS,2026.0,green,47.0,2564.0,37.0,56.0,145.0,390.0,102.0,39798.0,2562.9,False,False,exact_id,1296,972,87.83,45.38,included,,2000-2800,train
NEB-2026-06-18299 L_SP,NEB-2026-06-18299 L_SP.jpg,NEB-2026-06-18299 L,S18299,OS,2026.0,green,36.0,3175.0,36.0,52.0,113.0,315.0,104.0,32803.0,3170.4,False,False,exact_id,1296,972,62.39,42.88,included,,>2800,val
NEB-2026-06-18310 L_SP,NEB-2026-06-18310 L_SP.jpg,NEB-2026-06-18310 L,S18310,OS,2026.0,green,56.0,3030.0,39.0,59.0,128.0,330.0,109.0,35992.0,3028.5,False,False,exact_id,1296,972,102.89,60.52,included,,>2800,train
NEB-2026-06-18314 R_SP,NEB-2026-06-18314 R_SP.jpg,NEB-2026-06-18314 R,S18314,OD,2026.0,green,21.0,2841.0,35.0,62.0,122.0,352.0,116.0,40832.0,2840.9,False,False,exact_id,1296,972,75.91,54.14,included,,>2800,calibration
NEB-2026-06-18321 R_SP,NEB-2026-06-18321 R_SP.jpg,NEB-2026-06-18321 R,S18321,OD,2026.0,green,63.0,2262.0,38.0,53.0,170.0,442.0,113.0,49895.0,2264.8,False,False,exact_id,1296,972,79.04,53.1,included,,2000-2800,train
NEB-2026-07-18323 R_SP,NEB-2026-07-18323 R_SP.jpg,NEB-2026-07-18323 R,S18323,OD,2026.0,green,59.0,3003.0,36.0,55.0,120.0,333.0,108.0,35986.0,3001.2,False,False,exact_id,1296,972,67.7,49.04,included,,>2800,test
NEB-2026-07-18324 L_SP,NEB-2026-07-18324 L_SP.jpg,NEB-2026-07-18324 L,S18324,OS,2026.0,green,59.0,3077.0,38.0,55.0,123.0,325.0,117.0,38081.0,3072.4,False,False,exact_id,1296,972,81.39,51.31,included,,>2800,train
NEB-2026-07-18325 L_SP,NEB-2026-07-18325 L_SP.jpg,NEB-2026-07-18325 L,S18325,OS,2026.0,green,52.0,2857.0,32.0,58.0,113.0,350.0,105.0,36802.0,2853.1,False,False,exact_id,1296,972,101.31,59.2,included,,>2800,train
NEB-2026-07-18342 R_SP,NEB-2026-07-18342 R_SP.jpg,NEB-2026-07-18342 R,S18342,OD,2026.0,green,54.0,2604.0,29.0,64.0,113.0,384.0,111.0,42633.0,2603.6,False,False,exact_id,1296,972,64.99,49.88,included,,2000-2800,val
NEB-2026-07-18345 R_SP,NEB-2026-07-18345 R_SP.jpg,NEB-2026-07-18345 R,S18345,OD,2026.0,green,70.0,2667.0,33.0,57.0,123.0,375.0,105.0,39359.0,2667.8,False,False,exact_id,1296,972,66.55,52.14,included,,2000-2800,test
NEB-2026-2-17928 L_SP,NEB-2026-2-17928 L_SP.jpg,NEB-2026-2-17928 L,S17928,OS,2026.0,green,56.0,2639.0,31.0,56.0,116.0,379.0,109.0,41286.0,2640.1,False,False,exact_id,1296,972,58.0,40.8,included,,2000-2800,val
